id,value
07-01-2026 09:15||NIFTY27JAN2624100PE,0.163164362960529
07-01-2026 09:15||NIFTY27JAN2625500CE,0.1135852253138569
07-01-2026 09:15||NIFTY27JAN2625800CE,0.1014623508145859
07-01-2026 09:20||NIFTY27JAN2624000PE,0.1699694491977244
07-01-2026 09:20||NIFTY27JAN2624200PE,0.1595086991338012
07-01-2026 09:20||NIFTY27JAN2624800PE,0.1282001999154678
07-01-2026 09:20||NIFTY27JAN2625000PE,0.1185194013615671
07-01-2026 09:20||NIFTY27JAN2625300CE,0.0968912731769435
07-01-2026 09:20||NIFTY27JAN2625400CE,0.1081889908737849
07-01-2026 09:20||NIFTY27JAN2625800CE,0.1081699670274787
07-01-2026 09:20||NIFTY27JAN2625900CE,0.102562294880574
07-01-2026 09:25||NIFTY27JAN2624300PE,0.15417025636282
07-01-2026 09:25||NIFTY27JAN2625100PE,0.1133422762800062
07-01-2026 09:25||NIFTY27JAN2625300CE,0.0937493482283642
07-01-2026 09:25||NIFTY27JAN2626500CE,0.0842017351775448
07-01-2026 09:30||NIFTY27JAN2623900PE,0.1766481985176536
07-01-2026 09:30||NIFTY27JAN2624300PE,0.1524224218636263
07-01-2026 09:30||NIFTY27JAN2625900CE,0.1016504347337221
07-01-2026 09:30||NIFTY27JAN2626400CE,0.0898049153801645
07-01-2026 09:35||NIFTY27JAN2623900PE,0.1768836445360324
07-01-2026 09:35||NIFTY27JAN2624600PE,0.1371999479913102
07-01-2026 09:35||NIFTY27JAN2625100PE,0.1121973165864718
07-01-2026 09:35||NIFTY27JAN2625900CE,0.1030865680518688
07-01-2026 09:35||NIFTY27JAN2626100CE,0.0969235755950118
07-01-2026 09:40||NIFTY27JAN2625100PE,0.1141384340880549
07-01-2026 09:40||NIFTY27JAN2625600CE,0.08640359804442
07-01-2026 09:40||NIFTY27JAN2625800CE,0.0872520372123588
07-01-2026 09:40||NIFTY27JAN2625900CE,0.0853860360879714
07-01-2026 09:40||NIFTY27JAN2626200CE,0.0837315769508881
07-01-2026 09:45||NIFTY27JAN2625000PE,0.1157646074598006
07-01-2026 09:45||NIFTY27JAN2625200CE,0.1217095231534823
07-01-2026 09:45||NIFTY27JAN2625900CE,0.0997786644143481
07-01-2026 09:45||NIFTY27JAN2626400CE,0.0893111659880361
07-01-2026 09:50||NIFTY27JAN2623800PE,0.1803325852372888
07-01-2026 09:50||NIFTY27JAN2624500PE,0.1411738382922065
07-01-2026 09:50||NIFTY27JAN2624900PE,0.1209040943193873
07-01-2026 09:50||NIFTY27JAN2625200CE,0.1268719917555074
07-01-2026 09:50||NIFTY27JAN2625500CE,0.1081416157539809
07-01-2026 09:50||NIFTY27JAN2625600CE,0.106777722398756
07-01-2026 09:50||NIFTY27JAN2626400CE,0.0881039915110104
07-01-2026 09:55||NIFTY27JAN2624300PE,0.151589880166763
07-01-2026 09:55||NIFTY27JAN2624700PE,0.1304075913290256
07-01-2026 09:55||NIFTY27JAN2625000PE,0.1151080513757505
07-01-2026 09:55||NIFTY27JAN2625500CE,0.1253555848838243
07-01-2026 09:55||NIFTY27JAN2625800CE,0.1105066387996718
07-01-2026 09:55||NIFTY27JAN2625900CE,0.1074678731299938
07-01-2026 10:00||NIFTY27JAN2624600PE,0.1373835894267516
07-01-2026 10:00||NIFTY27JAN2625000PE,0.1172865624514747
07-01-2026 10:00||NIFTY27JAN2625900CE,0.1007350864374192
07-01-2026 10:00||NIFTY27JAN2626100CE,0.0956587041081657
07-01-2026 10:00||NIFTY27JAN2626500CE,0.0855132281035082
07-01-2026 10:05||NIFTY27JAN2625200CE,0.0706812446741196
07-01-2026 10:05||NIFTY27JAN2625500CE,0.1097257951916788
07-01-2026 10:05||NIFTY27JAN2626300CE,0.094549253114275
07-01-2026 10:10||NIFTY27JAN2623800PE,0.1853674945890429
07-01-2026 10:10||NIFTY27JAN2623900PE,0.179102747334916
07-01-2026 10:10||NIFTY27JAN2624200PE,0.1608591401722954
07-01-2026 10:10||NIFTY27JAN2625500CE,0.1003875565356535
07-01-2026 10:10||NIFTY27JAN2625600CE,0.1045964199914593
07-01-2026 10:10||NIFTY27JAN2625700CE,0.1062362296318237
07-01-2026 10:10||NIFTY27JAN2625900CE,0.1036842928646297
07-01-2026 10:10||NIFTY27JAN2626000CE,0.1001218950415836
07-01-2026 10:15||NIFTY27JAN2623900PE,0.178359589368521
07-01-2026 10:15||NIFTY27JAN2625700CE,0.0922801747246708
07-01-2026 10:15||NIFTY27JAN2626100CE,0.086676391904934
07-01-2026 10:15||NIFTY27JAN2626200CE,0.0856180399500559
07-01-2026 10:15||NIFTY27JAN2626500CE,0.0843046503354632
07-01-2026 10:20||NIFTY27JAN2624000PE,0.1723449799726975
07-01-2026 10:20||NIFTY27JAN2624200PE,0.1617561418941802
07-01-2026 10:20||NIFTY27JAN2624300PE,0.1558097760879344
07-01-2026 10:20||NIFTY27JAN2624500PE,0.1450714238358652
07-01-2026 10:20||NIFTY27JAN2625500CE,0.1136571027441366
07-01-2026 10:20||NIFTY27JAN2625700CE,0.1021184350531392
07-01-2026 10:20||NIFTY27JAN2626100CE,0.0904683203583118
07-01-2026 10:25||NIFTY27JAN2624000PE,0.1707402220505742
07-01-2026 10:25||NIFTY27JAN2624100PE,0.165561870716139
07-01-2026 10:25||NIFTY27JAN2625600CE,0.0974607815579204
07-01-2026 10:25||NIFTY27JAN2625700CE,0.0964220620290881
07-01-2026 10:25||NIFTY27JAN2626100CE,0.088986380950633
07-01-2026 10:30||NIFTY27JAN2624200PE,0.1592137807821441
07-01-2026 10:30||NIFTY27JAN2625100PE,0.110904230860684
07-01-2026 10:30||NIFTY27JAN2625500CE,0.1164731539134322
07-01-2026 10:30||NIFTY27JAN2625600CE,0.1114398479156548
07-01-2026 10:30||NIFTY27JAN2626000CE,0.0957281239733625
07-01-2026 10:30||NIFTY27JAN2626200CE,0.0914243769238218
07-01-2026 10:30||NIFTY27JAN2626300CE,0.089392671742928
07-01-2026 10:35||NIFTY27JAN2623800PE,0.1817627402174946
07-01-2026 10:35||NIFTY27JAN2624200PE,0.1590631617994429
07-01-2026 10:35||NIFTY27JAN2624500PE,0.1425957772761483
07-01-2026 10:35||NIFTY27JAN2625000PE,0.1162218785708044
07-01-2026 10:35||NIFTY27JAN2625400CE,0.1236953044007975
07-01-2026 10:35||NIFTY27JAN2625500CE,0.1157544430101893
07-01-2026 10:35||NIFTY27JAN2626100CE,0.094942006384473
07-01-2026 10:35||NIFTY27JAN2626300CE,0.0907901839175
07-01-2026 10:40||NIFTY27JAN2623900PE,0.1773352495301086
07-01-2026 10:40||NIFTY27JAN2624900PE,0.1222250696332309
07-01-2026 10:40||NIFTY27JAN2625100PE,0.1118745633333362
07-01-2026 10:40||NIFTY27JAN2625200CE,0.1306428393361329
07-01-2026 10:40||NIFTY27JAN2625400CE,0.1170717793136404
07-01-2026 10:40||NIFTY27JAN2625600CE,0.1065679695181671
07-01-2026 10:40||NIFTY27JAN2625800CE,0.0999317684757805
07-01-2026 10:40||NIFTY27JAN2626100CE,0.0925813560002115
07-01-2026 10:40||NIFTY27JAN2626300CE,0.0888170239715346
07-01-2026 10:45||NIFTY27JAN2624000PE,0.1708067326670619
07-01-2026 10:45||NIFTY27JAN2625100PE,0.1116897563431988
07-01-2026 10:45||NIFTY27JAN2625300CE,0.1197066160403395
07-01-2026 10:45||NIFTY27JAN2626000CE,0.0946026191680768
07-01-2026 10:45||NIFTY27JAN2626400CE,0.0871036768977546
07-01-2026 10:50||NIFTY27JAN2623900PE,0.1764514619410083
07-01-2026 10:50||NIFTY27JAN2624200PE,0.1598598258205013
07-01-2026 10:50||NIFTY27JAN2625600CE,0.1120149712769134
07-01-2026 10:50||NIFTY27JAN2625800CE,0.1027918566303398
07-01-2026 10:55||NIFTY27JAN2624300PE,0.1556580863696108
07-01-2026 10:55||NIFTY27JAN2624900PE,0.123532029479159
07-01-2026 10:55||NIFTY27JAN2625500CE,0.1025299406269777
07-01-2026 11:00||NIFTY27JAN2624200PE,0.1607202069584481
07-01-2026 11:00||NIFTY27JAN2626500CE,0.0891522298589535
07-01-2026 11:05||NIFTY27JAN2624300PE,0.1564773260558176
07-01-2026 11:05||NIFTY27JAN2624600PE,0.1403673626403003
07-01-2026 11:05||NIFTY27JAN2624800PE,0.129865413903603
07-01-2026 11:05||NIFTY27JAN2625200CE,0.0442740348457562
07-01-2026 11:05||NIFTY27JAN2626000CE,0.0959471865633982
07-01-2026 11:05||NIFTY27JAN2626200CE,0.0908098799575078
07-01-2026 11:10||NIFTY27JAN2624400PE,0.1495187760238217
07-01-2026 11:10||NIFTY27JAN2624800PE,0.1288960855301657
07-01-2026 11:10||NIFTY27JAN2625200CE,0.0987141753163172
07-01-2026 11:10||NIFTY27JAN2625500CE,0.1102206342372227
07-01-2026 11:10||NIFTY27JAN2625700CE,0.1004502596470917
07-01-2026 11:10||NIFTY27JAN2625900CE,0.0943086102499126
07-01-2026 11:10||NIFTY27JAN2626300CE,0.0868534127298472
07-01-2026 11:15||NIFTY27JAN2624000PE,0.1709880455541257
07-01-2026 11:15||NIFTY27JAN2624800PE,0.1273352278609105
07-01-2026 11:15||NIFTY27JAN2625400CE,0.119982149893854
07-01-2026 11:15||NIFTY27JAN2626100CE,0.0949749934546861
07-01-2026 11:15||NIFTY27JAN2626300CE,0.0906787465899405
07-01-2026 11:20||NIFTY27JAN2623800PE,0.181513900960571
07-01-2026 11:20||NIFTY27JAN2624200PE,0.1599095821002349
07-01-2026 11:20||NIFTY27JAN2624900PE,0.1222007533708313
07-01-2026 11:20||NIFTY27JAN2625300CE,0.1302536103919651
07-01-2026 11:20||NIFTY27JAN2625700CE,0.0995732620846538
07-01-2026 11:20||NIFTY27JAN2626000CE,0.0923774401958539
07-01-2026 11:25||NIFTY27JAN2623800PE,0.1807208672252958
07-01-2026 11:25||NIFTY27JAN2624400PE,0.1481459364418484
07-01-2026 11:25||NIFTY27JAN2624800PE,0.1265134258229237
07-01-2026 11:25||NIFTY27JAN2625300CE,0.1367878835885294
07-01-2026 11:25||NIFTY27JAN2625700CE,0.1032751510721894
07-01-2026 11:25||NIFTY27JAN2625800CE,0.1002477045921992
07-01-2026 11:25||NIFTY27JAN2625900CE,0.0983201918116165
07-01-2026 11:25||NIFTY27JAN2626000CE,0.0961762791998701
07-01-2026 11:25||NIFTY27JAN2626200CE,0.0912241728122396
07-01-2026 11:30||NIFTY27JAN2624300PE,0.1541051036971148
07-01-2026 11:30||NIFTY27JAN2624400PE,0.1486626838084421
07-01-2026 11:35||NIFTY27JAN2624900PE,0.1225649028440609
07-01-2026 11:35||NIFTY27JAN2626300CE,0.0871372292398113
07-01-2026 11:40||NIFTY27JAN2624000PE,0.1709614319784325
07-01-2026 11:40||NIFTY27JAN2624500PE,0.1430042034019329
07-01-2026 11:40||NIFTY27JAN2625200CE,0.1239657985353268
07-01-2026 11:40||NIFTY27JAN2625900CE,0.1003393200052364
07-01-2026 11:45||NIFTY27JAN2624000PE,0.1702896908106319
07-01-2026 11:45||NIFTY27JAN2625000PE,0.1157592706177395
07-01-2026 11:45||NIFTY27JAN2625500CE,0.1173914172231462
07-01-2026 11:45||NIFTY27JAN2625600CE,0.1127886364608024
07-01-2026 11:45||NIFTY27JAN2626400CE,0.0883824958725298
07-01-2026 11:50||NIFTY27JAN2624000PE,0.1702212649382399
07-01-2026 11:50||NIFTY27JAN2624600PE,0.1371295771114873
07-01-2026 11:50||NIFTY27JAN2625700CE,0.1028414785413431
07-01-2026 11:50||NIFTY27JAN2626400CE,0.0852241526827164
07-01-2026 11:55||NIFTY27JAN2623900PE,0.175600918120903
07-01-2026 11:55||NIFTY27JAN2625200CE,0.14803578447912
07-01-2026 11:55||NIFTY27JAN2625400CE,0.124398489682008
07-01-2026 11:55||NIFTY27JAN2626100CE,0.0926925671827874
07-01-2026 11:55||NIFTY27JAN2626300CE,0.0887691018063421
07-01-2026 12:00||NIFTY27JAN2624300PE,0.1522289774284537
07-01-2026 12:00||NIFTY27JAN2624500PE,0.1411775057295425
07-01-2026 12:00||NIFTY27JAN2625500CE,0.1152879945937286
07-01-2026 12:00||NIFTY27JAN2625600CE,0.1114733104216796
07-01-2026 12:00||NIFTY27JAN2626400CE,0.0869104837839565
07-01-2026 12:05||NIFTY27JAN2624200PE,0.1577699463491351
07-01-2026 12:05||NIFTY27JAN2624300PE,0.1517965445983109
07-01-2026 12:05||NIFTY27JAN2625300CE,0.1482017044454266
07-01-2026 12:05||NIFTY27JAN2625900CE,0.0997944804499582
07-01-2026 12:05||NIFTY27JAN2626000CE,0.0969797816113953
07-01-2026 12:05||NIFTY27JAN2626300CE,0.0901992238606546
07-01-2026 12:05||NIFTY27JAN2626400CE,0.0881465862333357
07-01-2026 12:10||NIFTY27JAN2624000PE,0.1685171657913851
07-01-2026 12:10||NIFTY27JAN2625200CE,0.1601901466180493
07-01-2026 12:10||NIFTY27JAN2625600CE,0.1156517283143543
07-01-2026 12:10||NIFTY27JAN2626500CE,0.0885243405296449
07-01-2026 12:15||NIFTY27JAN2624300PE,0.1512618522950504
07-01-2026 12:15||NIFTY27JAN2625000PE,0.1146296787758243
07-01-2026 12:15||NIFTY27JAN2625100PE,0.1098015938051344
07-01-2026 12:15||NIFTY27JAN2625300CE,0.149877738150181
07-01-2026 12:15||NIFTY27JAN2625500CE,0.1216645008270944
07-01-2026 12:15||NIFTY27JAN2625600CE,0.1172423446528441
07-01-2026 12:20||NIFTY27JAN2624000PE,0.1683006347868638
07-01-2026 12:20||NIFTY27JAN2624400PE,0.1457052894450488
07-01-2026 12:20||NIFTY27JAN2625100PE,0.1101930747672046
07-01-2026 12:20||NIFTY27JAN2626100CE,0.0955109857935383
07-01-2026 12:25||NIFTY27JAN2624400PE,0.1459439725071218
07-01-2026 12:25||NIFTY27JAN2624600PE,0.1356013880615876
07-01-2026 12:25||NIFTY27JAN2624700PE,0.130718180681975
07-01-2026 12:25||NIFTY27JAN2625300CE,0.1351816143181068
07-01-2026 12:25||NIFTY27JAN2626300CE,0.0899526282112432
07-01-2026 12:30||NIFTY27JAN2623800PE,0.1794807268513873
07-01-2026 12:30||NIFTY27JAN2624000PE,0.1681925744826391
07-01-2026 12:30||NIFTY27JAN2624100PE,0.1626080300007388
07-01-2026 12:30||NIFTY27JAN2624500PE,0.1414649633247535
07-01-2026 12:30||NIFTY27JAN2624600PE,0.1358786783652128
07-01-2026 12:30||NIFTY27JAN2625200CE,0.1385158436641305
07-01-2026 12:30||NIFTY27JAN2626300CE,0.0913930261475304
07-01-2026 12:35||NIFTY27JAN2625100PE,0.110209246468961
07-01-2026 12:35||NIFTY27JAN2625300CE,0.130671391293589
07-01-2026 12:35||NIFTY27JAN2625400CE,0.122600547872004
07-01-2026 12:35||NIFTY27JAN2626300CE,0.0911535031503056
07-01-2026 12:35||NIFTY27JAN2626500CE,0.0877398996969613
07-01-2026 12:40||NIFTY27JAN2625100PE,0.1111527587816247
07-01-2026 12:40||NIFTY27JAN2625700CE,0.0989889962216992
07-01-2026 12:45||NIFTY27JAN2623800PE,0.1774506941604245
07-01-2026 12:45||NIFTY27JAN2624000PE,0.1664192660580239
07-01-2026 12:45||NIFTY27JAN2624900PE,0.1193292269952119
07-01-2026 12:45||NIFTY27JAN2625000PE,0.1142804613015431
07-01-2026 12:45||NIFTY27JAN2625800CE,0.1023386882646271
07-01-2026 12:45||NIFTY27JAN2626400CE,0.0875592227046659
07-01-2026 12:50||NIFTY27JAN2624400PE,0.1452440495183422
07-01-2026 12:50||NIFTY27JAN2624700PE,0.1291586239129456
07-01-2026 12:50||NIFTY27JAN2625100PE,0.1089549796193996
07-01-2026 12:50||NIFTY27JAN2626300CE,0.0904328768532973
07-01-2026 12:55||NIFTY27JAN2623800PE,0.1792821882080892
07-01-2026 12:55||NIFTY27JAN2623900PE,0.1734719456535054
07-01-2026 12:55||NIFTY27JAN2625100PE,0.1088498719810804
07-01-2026 12:55||NIFTY27JAN2625200CE,0.1331537017237405
07-01-2026 12:55||NIFTY27JAN2625300CE,0.1272565223014377
07-01-2026 13:00||NIFTY27JAN2624000PE,0.1684620638533904
07-01-2026 13:00||NIFTY27JAN2624400PE,0.1457679803463114
07-01-2026 13:00||NIFTY27JAN2624600PE,0.1348556759144195
07-01-2026 13:00||NIFTY27JAN2625300CE,0.1297030259297464
07-01-2026 13:00||NIFTY27JAN2625800CE,0.1049798824293795
07-01-2026 13:05||NIFTY27JAN2623900PE,0.1741149356600091
07-01-2026 13:05||NIFTY27JAN2624700PE,0.129870243717614
07-01-2026 13:05||NIFTY27JAN2625200CE,0.119159649900677
07-01-2026 13:05||NIFTY27JAN2625400CE,0.1167656801215795
07-01-2026 13:05||NIFTY27JAN2626100CE,0.0938325369722843
07-01-2026 13:10||NIFTY27JAN2624400PE,0.1460086678469911
07-01-2026 13:10||NIFTY27JAN2624700PE,0.1302218110952795
07-01-2026 13:10||NIFTY27JAN2625400CE,0.11754638187442
07-01-2026 13:10||NIFTY27JAN2625900CE,0.0975478209322187
07-01-2026 13:10||NIFTY27JAN2626400CE,0.0867143077705403
07-01-2026 13:15||NIFTY27JAN2624600PE,0.1349035164007208
07-01-2026 13:15||NIFTY27JAN2625400CE,0.1194018692309288
07-01-2026 13:15||NIFTY27JAN2625500CE,0.1173504036396515
07-01-2026 13:15||NIFTY27JAN2625700CE,0.1090723796242958
07-01-2026 13:15||NIFTY27JAN2625800CE,0.104093982611527
07-01-2026 13:15||NIFTY27JAN2626400CE,0.0878996648301999
07-01-2026 13:20||NIFTY27JAN2624000PE,0.1674654915149352
07-01-2026 13:20||NIFTY27JAN2624500PE,0.1401217207539473
07-01-2026 13:20||NIFTY27JAN2624800PE,0.1246077524547311
07-01-2026 13:20||NIFTY27JAN2624900PE,0.1194626480337071
07-01-2026 13:20||NIFTY27JAN2625000PE,0.1143829972845527
07-01-2026 13:20||NIFTY27JAN2626300CE,0.0871032415949528
07-01-2026 13:25||NIFTY27JAN2624200PE,0.1554189660212759
07-01-2026 13:25||NIFTY27JAN2624600PE,0.1334152099817322
07-01-2026 13:25||NIFTY27JAN2624700PE,0.1281606893101372
07-01-2026 13:25||NIFTY27JAN2625100PE,0.1078769813234048
07-01-2026 13:25||NIFTY27JAN2626300CE,0.0902618778157418
07-01-2026 13:25||NIFTY27JAN2626400CE,0.0904809335688483
07-01-2026 13:25||NIFTY27JAN2626500CE,0.0915201088629231
07-01-2026 13:30||NIFTY27JAN2624000PE,0.1662927256180446
07-01-2026 13:30||NIFTY27JAN2624400PE,0.1441543215861438
07-01-2026 13:30||NIFTY27JAN2624600PE,0.1330685049189646
07-01-2026 13:30||NIFTY27JAN2624900PE,0.1175511139362419
07-01-2026 13:30||NIFTY27JAN2625300CE,0.1378697025043753
07-01-2026 13:30||NIFTY27JAN2625700CE,0.1085702582021745
07-01-2026 13:30||NIFTY27JAN2625800CE,0.1045622604146458
07-01-2026 13:30||NIFTY27JAN2626500CE,0.0877856843750066
07-01-2026 13:35||NIFTY27JAN2623900PE,0.1726791113339771
07-01-2026 13:35||NIFTY27JAN2624200PE,0.155483811861167
07-01-2026 13:35||NIFTY27JAN2624300PE,0.1500526722891058
07-01-2026 13:35||NIFTY27JAN2625100PE,0.1072313233574875
07-01-2026 13:35||NIFTY27JAN2625200CE,0.1558123635222514
07-01-2026 13:35||NIFTY27JAN2625300CE,0.1458384039244222
07-01-2026 13:40||NIFTY27JAN2624300PE,0.1497252384790934
07-01-2026 13:40||NIFTY27JAN2625000PE,0.1125615394685985
07-01-2026 13:40||NIFTY27JAN2625700CE,0.1089751266479552
07-01-2026 13:40||NIFTY27JAN2626100CE,0.0945254625989377
07-01-2026 13:45||NIFTY27JAN2623900PE,0.1724649859640892
07-01-2026 13:45||NIFTY27JAN2624200PE,0.1550983782230632
07-01-2026 13:45||NIFTY27JAN2624600PE,0.1327838553070526
07-01-2026 13:45||NIFTY27JAN2625200CE,0.1451146650586992
07-01-2026 13:45||NIFTY27JAN2625400CE,0.1306326055215656
07-01-2026 13:50||NIFTY27JAN2623800PE,0.1789697060185959
07-01-2026 13:50||NIFTY27JAN2623900PE,0.1729475453647362
07-01-2026 13:50||NIFTY27JAN2624100PE,0.1612206927516979
07-01-2026 13:55||NIFTY27JAN2624400PE,0.1442920361528714
07-01-2026 13:55||NIFTY27JAN2625100PE,0.1075243635705485
07-01-2026 13:55||NIFTY27JAN2625300CE,0.1327111912830414
07-01-2026 13:55||NIFTY27JAN2625800CE,0.1074240173577116
07-01-2026 13:55||NIFTY27JAN2626400CE,0.0893770342863486
07-01-2026 14:00||NIFTY27JAN2623800PE,0.17815740035538
07-01-2026 14:00||NIFTY27JAN2623900PE,0.1723228185999215
07-01-2026 14:00||NIFTY27JAN2625400CE,0.1205898959481572
07-01-2026 14:00||NIFTY27JAN2625500CE,0.1140591378272759
07-01-2026 14:00||NIFTY27JAN2625900CE,0.1020412651910778
07-01-2026 14:00||NIFTY27JAN2626200CE,0.0927552760627854
07-01-2026 14:05||NIFTY27JAN2624000PE,0.1670441504206075
07-01-2026 14:05||NIFTY27JAN2624200PE,0.1563804351204756
07-01-2026 14:05||NIFTY27JAN2624400PE,0.1450754123568329
07-01-2026 14:05||NIFTY27JAN2625900CE,0.0997349273776073
07-01-2026 14:05||NIFTY27JAN2626000CE,0.0961400586260605
07-01-2026 14:05||NIFTY27JAN2626300CE,0.0889474663245195
07-01-2026 14:10||NIFTY27JAN2623800PE,0.1768338615950071
07-01-2026 14:10||NIFTY27JAN2624000PE,0.1670443398244327
07-01-2026 14:10||NIFTY27JAN2624700PE,0.1296445302703124
07-01-2026 14:10||NIFTY27JAN2626100CE,0.0923632266306473
07-01-2026 14:10||NIFTY27JAN2626200CE,0.0900516745513595
07-01-2026 14:10||NIFTY27JAN2626400CE,0.0863317012650064
07-01-2026 14:15||NIFTY27JAN2625200CE,0.1259605992216173
07-01-2026 14:15||NIFTY27JAN2625600CE,0.1069470762951851
07-01-2026 14:15||NIFTY27JAN2625900CE,0.0956915883129205
07-01-2026 14:15||NIFTY27JAN2626200CE,0.0890037348828833
07-01-2026 14:20||NIFTY27JAN2623800PE,0.1759309220483844
07-01-2026 14:20||NIFTY27JAN2624500PE,0.139418065253797
07-01-2026 14:20||NIFTY27JAN2625400CE,0.1191326129111303
07-01-2026 14:20||NIFTY27JAN2625700CE,0.1049258016694079
07-01-2026 14:20||NIFTY27JAN2626300CE,0.0878802103083593
07-01-2026 14:25||NIFTY27JAN2623900PE,0.1724363109443547
07-01-2026 14:25||NIFTY27JAN2625400CE,0.1190011126373686
07-01-2026 14:25||NIFTY27JAN2625700CE,0.1066777684192317
07-01-2026 14:25||NIFTY27JAN2625900CE,0.0993572156945141
07-01-2026 14:25||NIFTY27JAN2626300CE,0.0891879349618012
07-01-2026 14:30||NIFTY27JAN2624800PE,0.124036389946009
07-01-2026 14:30||NIFTY27JAN2625100PE,0.1086323138041591
07-01-2026 14:30||NIFTY27JAN2625300CE,0.1157300596554389
07-01-2026 14:30||NIFTY27JAN2626300CE,0.0861106894583638
07-01-2026 14:35||NIFTY27JAN2624000PE,0.1663309720750806
07-01-2026 14:35||NIFTY27JAN2624100PE,0.1618001335302576
07-01-2026 14:35||NIFTY27JAN2624400PE,0.1452955687466179
07-01-2026 14:35||NIFTY27JAN2624700PE,0.1290672663782968
07-01-2026 14:35||NIFTY27JAN2625000PE,0.1131314145780366
07-01-2026 14:35||NIFTY27JAN2626400CE,0.0881690424125487
07-01-2026 14:35||NIFTY27JAN2626500CE,0.0862178426622719
07-01-2026 14:40||NIFTY27JAN2623800PE,0.1777661722350798
07-01-2026 14:40||NIFTY27JAN2624100PE,0.1629107228575647
07-01-2026 14:40||NIFTY27JAN2625100PE,0.1077009486369018
07-01-2026 14:40||NIFTY27JAN2625400CE,0.1200559229276017
07-01-2026 14:40||NIFTY27JAN2626200CE,0.0921607839725453
07-01-2026 14:45||NIFTY27JAN2623800PE,0.1784445590852006
07-01-2026 14:45||NIFTY27JAN2624000PE,0.1685867988625911
07-01-2026 14:45||NIFTY27JAN2624200PE,0.1577295497854383
07-01-2026 14:45||NIFTY27JAN2624500PE,0.1407142393806419
07-01-2026 14:45||NIFTY27JAN2624900PE,0.1194576286685484
07-01-2026 14:50||NIFTY27JAN2623900PE,0.1724282698756623
07-01-2026 14:50||NIFTY27JAN2624900PE,0.1185335766284843
07-01-2026 14:50||NIFTY27JAN2625600CE,0.1175511327170255
07-01-2026 14:50||NIFTY27JAN2626400CE,0.0890760044649727
07-01-2026 14:50||NIFTY27JAN2626500CE,0.0871800846597157
07-01-2026 14:55||NIFTY27JAN2624100PE,0.1639532714975339
07-01-2026 14:55||NIFTY27JAN2624300PE,0.1525730745140741
07-01-2026 14:55||NIFTY27JAN2624600PE,0.1354255978303102
07-01-2026 14:55||NIFTY27JAN2625900CE,0.0979999577724353
07-01-2026 14:55||NIFTY27JAN2626300CE,0.088087926953488
07-01-2026 15:00||NIFTY27JAN2623900PE,0.1739766332131234
07-01-2026 15:00||NIFTY27JAN2625100PE,0.1096383566913232
07-01-2026 15:00||NIFTY27JAN2625700CE,0.1009039179630253
07-01-2026 15:00||NIFTY27JAN2626000CE,0.092342893461776
07-01-2026 15:00||NIFTY27JAN2626400CE,0.0855955982195606
07-01-2026 15:05||NIFTY27JAN2624200PE,0.158606269443748
07-01-2026 15:05||NIFTY27JAN2624500PE,0.1419725887681253
07-01-2026 15:05||NIFTY27JAN2625400CE,0.1102593237406566
07-01-2026 15:05||NIFTY27JAN2626000CE,0.0922829216626857
07-01-2026 15:05||NIFTY27JAN2626400CE,0.0852680124739571
07-01-2026 15:10||NIFTY27JAN2623800PE,0.1789979809182735
07-01-2026 15:10||NIFTY27JAN2624000PE,0.1700269426538603
07-01-2026 15:10||NIFTY27JAN2624400PE,0.1487897778955835
07-01-2026 15:10||NIFTY27JAN2624500PE,0.1431313068408226
07-01-2026 15:10||NIFTY27JAN2626500CE,0.0839690026347188
07-01-2026 15:15||NIFTY27JAN2624200PE,0.1600258985340363
07-01-2026 15:15||NIFTY27JAN2624900PE,0.1219695744605939
07-01-2026 15:15||NIFTY27JAN2625100PE,0.1112472032588496
07-01-2026 15:15||NIFTY27JAN2625600CE,0.0946898703579286
07-01-2026 15:20||NIFTY27JAN2624100PE,0.1653995077228487
07-01-2026 15:20||NIFTY27JAN2625900CE,0.0924512688993068
07-01-2026 15:20||NIFTY27JAN2626300CE,0.085800073580323
07-01-2026 15:25||NIFTY27JAN2624700PE,0.1317033156262876
07-01-2026 15:25||NIFTY27JAN2625500CE,0.1056734555503631
07-01-2026 15:25||NIFTY27JAN2626100CE,0.0888859870662717
07-01-2026 15:25||NIFTY27JAN2626400CE,0.084879217564044
07-01-2026 15:25||NIFTY27JAN2626500CE,0.0849766734732
08-01-2026 09:15||NIFTY27JAN2624100PE,0.1651050841099954
08-01-2026 09:15||NIFTY27JAN2624300PE,0.1536397853292064
08-01-2026 09:15||NIFTY27JAN2625100PE,0.1091671361005088
08-01-2026 09:15||NIFTY27JAN2625300CE,0.1067203824521314
08-01-2026 09:15||NIFTY27JAN2626300CE,0.0875459219978527
08-01-2026 09:20||NIFTY27JAN2623800PE,0.1833886230549359
08-01-2026 09:20||NIFTY27JAN2624100PE,0.1657173608530584
08-01-2026 09:20||NIFTY27JAN2624800PE,0.1256683372680589
08-01-2026 09:20||NIFTY27JAN2624900PE,0.120537360669644
08-01-2026 09:20||NIFTY27JAN2625300CE,0.0954379267373894
08-01-2026 09:20||NIFTY27JAN2625900CE,0.0868165365455402
08-01-2026 09:20||NIFTY27JAN2626000CE,0.0856869125882084
08-01-2026 09:20||NIFTY27JAN2626400CE,0.0820732189841937
08-01-2026 09:20||NIFTY27JAN2626500CE,0.0819477416263918
08-01-2026 09:25||NIFTY27JAN2623900PE,0.1769971106353256
08-01-2026 09:25||NIFTY27JAN2624100PE,0.1648485486307871
08-01-2026 09:25||NIFTY27JAN2624200PE,0.1583391764660371
08-01-2026 09:25||NIFTY27JAN2625300CE,0.106527683767565
08-01-2026 09:25||NIFTY27JAN2626200CE,0.0835112898575864
08-01-2026 09:25||NIFTY27JAN2626400CE,0.0826042701391944
08-01-2026 09:30||NIFTY27JAN2624100PE,0.1629709158445935
08-01-2026 09:30||NIFTY27JAN2624700PE,0.1287631010580057
08-01-2026 09:30||NIFTY27JAN2624800PE,0.1235045383525204
08-01-2026 09:30||NIFTY27JAN2624900PE,0.1183911167066833
08-01-2026 09:30||NIFTY27JAN2625000PE,0.1134158827537588
08-01-2026 09:30||NIFTY27JAN2626200CE,0.0874007697329624
08-01-2026 09:30||NIFTY27JAN2626300CE,0.0861439442226768
08-01-2026 09:35||NIFTY27JAN2623900PE,0.1732258963016324
08-01-2026 09:35||NIFTY27JAN2624100PE,0.1624547346326053
08-01-2026 09:35||NIFTY27JAN2624400PE,0.1453714491262716
08-01-2026 09:35||NIFTY27JAN2625300CE,0.1325624657708495
08-01-2026 09:35||NIFTY27JAN2625400CE,0.1270421824272318
08-01-2026 09:35||NIFTY27JAN2626100CE,0.0956941801126145
08-01-2026 09:35||NIFTY27JAN2626200CE,0.0931876649498875
08-01-2026 09:35||NIFTY27JAN2626500CE,0.0893937284738903
08-01-2026 09:40||NIFTY27JAN2623800PE,0.1821142848972528
08-01-2026 09:40||NIFTY27JAN2624800PE,0.1252055977576249
08-01-2026 09:40||NIFTY27JAN2624900PE,0.1199915561936881
08-01-2026 09:40||NIFTY27JAN2625000PE,0.114880762113386
08-01-2026 09:40||NIFTY27JAN2625200CE,0.0602716588187206
08-01-2026 09:40||NIFTY27JAN2625700CE,0.0945357591345086
08-01-2026 09:40||NIFTY27JAN2626200CE,0.0862534597002317
08-01-2026 09:40||NIFTY27JAN2626400CE,0.0843476161797698
08-01-2026 09:45||NIFTY27JAN2624200PE,0.1589345861464504
08-01-2026 09:45||NIFTY27JAN2624600PE,0.1353450292998959
08-01-2026 09:45||NIFTY27JAN2625400CE,0.1036767523226187
08-01-2026 09:45||NIFTY27JAN2625900CE,0.0932999573467556
08-01-2026 09:45||NIFTY27JAN2626500CE,0.0848244674769818
08-01-2026 09:50||NIFTY27JAN2624400PE,0.1462565889332245
08-01-2026 09:50||NIFTY27JAN2625100PE,0.1091250332184206
08-01-2026 09:50||NIFTY27JAN2625500CE,0.1175844379147408
08-01-2026 09:50||NIFTY27JAN2625600CE,0.1130444113336146
08-01-2026 09:50||NIFTY27JAN2626400CE,0.0888602637671382
08-01-2026 09:55||NIFTY27JAN2624200PE,0.1600246070108122
08-01-2026 09:55||NIFTY27JAN2624600PE,0.1371298311371651
08-01-2026 09:55||NIFTY27JAN2625000PE,0.1158819158008142
08-01-2026 09:55||NIFTY27JAN2625100PE,0.1106233317091094
08-01-2026 09:55||NIFTY27JAN2625300CE,0.1144020207154365
08-01-2026 09:55||NIFTY27JAN2626000CE,0.089959049860667
08-01-2026 09:55||NIFTY27JAN2626200CE,0.0869412513722878
08-01-2026 10:00||NIFTY27JAN2624600PE,0.1364443511409154
08-01-2026 10:00||NIFTY27JAN2625900CE,0.0886355551050215
08-01-2026 10:00||NIFTY27JAN2626100CE,0.0848897325635391
08-01-2026 10:00||NIFTY27JAN2626200CE,0.0837313279480511
08-01-2026 10:05||NIFTY27JAN2624800PE,0.1248956500843192
08-01-2026 10:05||NIFTY27JAN2625500CE,0.1024980076074228
08-01-2026 10:05||NIFTY27JAN2625800CE,0.0907392241991402
08-01-2026 10:05||NIFTY27JAN2626000CE,0.0869962743546288
08-01-2026 10:05||NIFTY27JAN2626500CE,0.084721693047328
08-01-2026 10:10||NIFTY27JAN2624100PE,0.1633125161190136
08-01-2026 10:10||NIFTY27JAN2625000PE,0.1127562177867029
08-01-2026 10:10||NIFTY27JAN2625100PE,0.1075787989330123
08-01-2026 10:10||NIFTY27JAN2625200CE,0.1504045072474014
08-01-2026 10:10||NIFTY27JAN2625600CE,0.1082385038913571
08-01-2026 10:10||NIFTY27JAN2625800CE,0.1001940080788799
08-01-2026 10:10||NIFTY27JAN2626400CE,0.0860756492323808
08-01-2026 10:15||NIFTY27JAN2625100PE,0.109250006121738
08-01-2026 10:15||NIFTY27JAN2625700CE,0.0925015735247356
08-01-2026 10:15||NIFTY27JAN2625800CE,0.0903849324599264
08-01-2026 10:15||NIFTY27JAN2626500CE,0.0839379419827466
08-01-2026 10:20||NIFTY27JAN2625200CE,0.1195445937092651
08-01-2026 10:20||NIFTY27JAN2626400CE,0.0862277297735882
08-01-2026 10:25||NIFTY27JAN2623900PE,0.1737821378163293
08-01-2026 10:25||NIFTY27JAN2624000PE,0.1685549684087323
08-01-2026 10:25||NIFTY27JAN2624400PE,0.1455479573261002
08-01-2026 10:25||NIFTY27JAN2624800PE,0.123453336821651
08-01-2026 10:25||NIFTY27JAN2625000PE,0.1129135581444757
08-01-2026 10:25||NIFTY27JAN2625100PE,0.1076251718976601
08-01-2026 10:25||NIFTY27JAN2625200CE,0.1264143451299091
08-01-2026 10:25||NIFTY27JAN2625500CE,0.1105186317003052
08-01-2026 10:25||NIFTY27JAN2625600CE,0.1066111952563435
08-01-2026 10:25||NIFTY27JAN2625700CE,0.1029893173870828
08-01-2026 10:25||NIFTY27JAN2626100CE,0.0919599113722888
08-01-2026 10:25||NIFTY27JAN2626500CE,0.0866041766775929
08-01-2026 10:30||NIFTY27JAN2623800PE,0.1786259680554388
08-01-2026 10:30||NIFTY27JAN2624000PE,0.1688151262233073
08-01-2026 10:30||NIFTY27JAN2624400PE,0.1458577229481354
08-01-2026 10:30||NIFTY27JAN2624500PE,0.1400730127003053
08-01-2026 10:30||NIFTY27JAN2626000CE,0.0941859025379834
08-01-2026 10:30||NIFTY27JAN2626400CE,0.0883013867734909
08-01-2026 10:30||NIFTY27JAN2626500CE,0.0884325168150077
08-01-2026 10:35||NIFTY27JAN2624000PE,0.16952862290547
08-01-2026 10:35||NIFTY27JAN2624200PE,0.1582618267017981
08-01-2026 10:35||NIFTY27JAN2625800CE,0.094685703691649
08-01-2026 10:35||NIFTY27JAN2626300CE,0.0865511624748425
08-01-2026 10:35||NIFTY27JAN2626500CE,0.0851825829455652
08-01-2026 10:40||NIFTY27JAN2624000PE,0.1675879008865672
08-01-2026 10:40||NIFTY27JAN2624300PE,0.1507034950078809
08-01-2026 10:40||NIFTY27JAN2625000PE,0.1128084527979265
08-01-2026 10:40||NIFTY27JAN2625500CE,0.1133816325486556
08-01-2026 10:40||NIFTY27JAN2625900CE,0.0961974431463517
08-01-2026 10:40||NIFTY27JAN2626100CE,0.0916935661646682
08-01-2026 10:40||NIFTY27JAN2626300CE,0.0883845661759785
08-01-2026 10:40||NIFTY27JAN2626400CE,0.0869752353871806
08-01-2026 10:45||NIFTY27JAN2623900PE,0.1735325434912386
08-01-2026 10:45||NIFTY27JAN2624200PE,0.1570638995967042
08-01-2026 10:45||NIFTY27JAN2625200CE,0.1293299982745317
08-01-2026 10:45||NIFTY27JAN2625300CE,0.1225948425417868
08-01-2026 10:45||NIFTY27JAN2625600CE,0.1043376259923452
08-01-2026 10:45||NIFTY27JAN2626400CE,0.0870479380469149
08-01-2026 10:45||NIFTY27JAN2626500CE,0.0873301879782353
08-01-2026 10:50||NIFTY27JAN2623900PE,0.1731884272838405
08-01-2026 10:50||NIFTY27JAN2625500CE,0.1033749928984875
08-01-2026 10:50||NIFTY27JAN2625800CE,0.0956445791895141
08-01-2026 10:50||NIFTY27JAN2626100CE,0.0902057213024569
08-01-2026 10:50||NIFTY27JAN2626500CE,0.0859967808641339
08-01-2026 10:55||NIFTY27JAN2624000PE,0.1672326355019613
08-01-2026 10:55||NIFTY27JAN2624700PE,0.1288790194977287
08-01-2026 10:55||NIFTY27JAN2624800PE,0.1232736165548655
08-01-2026 10:55||NIFTY27JAN2625100PE,0.10896175434506
08-01-2026 10:55||NIFTY27JAN2625400CE,0.1184700263785671
08-01-2026 10:55||NIFTY27JAN2625600CE,0.1043839123167025
08-01-2026 11:00||NIFTY27JAN2623800PE,0.1800758526457508
08-01-2026 11:00||NIFTY27JAN2623900PE,0.1736881390361286
08-01-2026 11:00||NIFTY27JAN2624000PE,0.1675119323096021
08-01-2026 11:00||NIFTY27JAN2624300PE,0.1503930058506668
08-01-2026 11:00||NIFTY27JAN2624600PE,0.1342651872686833
08-01-2026 11:00||NIFTY27JAN2625000PE,0.1144525590637997
08-01-2026 11:00||NIFTY27JAN2625100PE,0.1099535236810123
08-01-2026 11:00||NIFTY27JAN2626200CE,0.0898734634532125
08-01-2026 11:00||NIFTY27JAN2626500CE,0.0873510886877877
08-01-2026 11:05||NIFTY27JAN2623800PE,0.1829280415957868
08-01-2026 11:05||NIFTY27JAN2624200PE,0.155726654417541
08-01-2026 11:05||NIFTY27JAN2624400PE,0.1448055001217714
08-01-2026 11:05||NIFTY27JAN2624800PE,0.1239715220691781
08-01-2026 11:05||NIFTY27JAN2625400CE,0.1199730708034003
08-01-2026 11:05||NIFTY27JAN2626000CE,0.0939201762760113
08-01-2026 11:05||NIFTY27JAN2626200CE,0.090294950580148
08-01-2026 11:05||NIFTY27JAN2626300CE,0.0887805105031809
08-01-2026 11:10||NIFTY27JAN2624000PE,0.1672294382458101
08-01-2026 11:10||NIFTY27JAN2624200PE,0.1554888429965819
08-01-2026 11:10||NIFTY27JAN2624400PE,0.1450095661118098
08-01-2026 11:10||NIFTY27JAN2624600PE,0.135060182973147
08-01-2026 11:10||NIFTY27JAN2624700PE,0.1302276493334817
08-01-2026 11:10||NIFTY27JAN2625200CE,0.1423178472680746
08-01-2026 11:10||NIFTY27JAN2625600CE,0.1045039232046569
08-01-2026 11:10||NIFTY27JAN2625900CE,0.0951475553776468
08-01-2026 11:10||NIFTY27JAN2626000CE,0.0929935237110797
08-01-2026 11:15||NIFTY27JAN2624100PE,0.1645662220897805
08-01-2026 11:15||NIFTY27JAN2624200PE,0.1582414926889939
08-01-2026 11:15||NIFTY27JAN2624900PE,0.1209757113612837
08-01-2026 11:15||NIFTY27JAN2625200CE,0.1313544343740673
08-01-2026 11:15||NIFTY27JAN2626200CE,0.0897502387024928
08-01-2026 11:15||NIFTY27JAN2626400CE,0.0877875707784454
08-01-2026 11:20||NIFTY27JAN2624300PE,0.1542664589033723
08-01-2026 11:20||NIFTY27JAN2625700CE,0.096471668549448
08-01-2026 11:20||NIFTY27JAN2626400CE,0.0909495642219369
08-01-2026 11:20||NIFTY27JAN2626500CE,0.094485850626178
08-01-2026 11:25||NIFTY27JAN2623800PE,0.1779317970030947
08-01-2026 11:25||NIFTY27JAN2624300PE,0.1538749210721897
08-01-2026 11:25||NIFTY27JAN2624400PE,0.1472595008516588
08-01-2026 11:25||NIFTY27JAN2624700PE,0.1309692294618356
08-01-2026 11:25||NIFTY27JAN2625400CE,0.1277670792356176
08-01-2026 11:25||NIFTY27JAN2626200CE,0.0935599327396303
08-01-2026 11:30||NIFTY27JAN2623800PE,0.1800133959620576
08-01-2026 11:30||NIFTY27JAN2624100PE,0.1645520751971889
08-01-2026 11:30||NIFTY27JAN2624200PE,0.1586476403900731
08-01-2026 11:30||NIFTY27JAN2625200CE,0.1578067010984298
08-01-2026 11:30||NIFTY27JAN2625400CE,0.1320547178022479
08-01-2026 11:30||NIFTY27JAN2625500CE,0.1202659589054917
08-01-2026 11:30||NIFTY27JAN2625800CE,0.101784534125187
08-01-2026 11:30||NIFTY27JAN2626000CE,0.095872088043432
08-01-2026 11:30||NIFTY27JAN2626100CE,0.0946114204541359
08-01-2026 11:35||NIFTY27JAN2623800PE,0.180413041079976
08-01-2026 11:35||NIFTY27JAN2624100PE,0.1640951899069564
08-01-2026 11:35||NIFTY27JAN2624400PE,0.1463500874549206
08-01-2026 11:35||NIFTY27JAN2624500PE,0.1406712869932764
08-01-2026 11:35||NIFTY27JAN2624700PE,0.1299372118901267
08-01-2026 11:35||NIFTY27JAN2624900PE,0.119519755302031
08-01-2026 11:35||NIFTY27JAN2625200CE,0.1306010320147059
08-01-2026 11:35||NIFTY27JAN2625300CE,0.1250534778249497
08-01-2026 11:35||NIFTY27JAN2626500CE,0.0905491587922551
08-01-2026 11:40||NIFTY27JAN2624100PE,0.1649338463989681
08-01-2026 11:40||NIFTY27JAN2624200PE,0.1586991877739545
08-01-2026 11:40||NIFTY27JAN2624400PE,0.1470984358392675
08-01-2026 11:40||NIFTY27JAN2624900PE,0.1203032050705132
08-01-2026 11:40||NIFTY27JAN2625600CE,0.1052303796666791
08-01-2026 11:40||NIFTY27JAN2625800CE,0.0988340764094388
08-01-2026 11:45||NIFTY27JAN2624200PE,0.1579748140613808
08-01-2026 11:45||NIFTY27JAN2625500CE,0.1087197549014149
08-01-2026 11:45||NIFTY27JAN2625900CE,0.095193464442584
08-01-2026 11:45||NIFTY27JAN2626100CE,0.0922856874192703
08-01-2026 11:50||NIFTY27JAN2623800PE,0.1803692766016316
08-01-2026 11:50||NIFTY27JAN2625700CE,0.105846989277154
08-01-2026 11:50||NIFTY27JAN2625800CE,0.1024525324077885
08-01-2026 11:50||NIFTY27JAN2626500CE,0.0904590289707041
08-01-2026 11:55||NIFTY27JAN2624200PE,0.1586154839418769
08-01-2026 11:55||NIFTY27JAN2624700PE,0.1313912266471613
08-01-2026 11:55||NIFTY27JAN2625100PE,0.1122923093623864
08-01-2026 11:55||NIFTY27JAN2625400CE,0.1077642775794025
08-01-2026 11:55||NIFTY27JAN2625600CE,0.1005205530658948
08-01-2026 11:55||NIFTY27JAN2625800CE,0.0951450451708204
08-01-2026 12:00||NIFTY27JAN2624500PE,0.1416482490389459
08-01-2026 12:00||NIFTY27JAN2624700PE,0.1322507429309802
08-01-2026 12:00||NIFTY27JAN2625000PE,0.1175251908645003
08-01-2026 12:00||NIFTY27JAN2625500CE,0.1056739003537039
08-01-2026 12:00||NIFTY27JAN2626300CE,0.091545876041172
08-01-2026 12:05||NIFTY27JAN2624000PE,0.1696734008513432
08-01-2026 12:05||NIFTY27JAN2624200PE,0.1561877492490779
08-01-2026 12:05||NIFTY27JAN2624500PE,0.1384055487968112
08-01-2026 12:05||NIFTY27JAN2624900PE,0.1194083686339588
08-01-2026 12:05||NIFTY27JAN2625300CE,0.1369896599774556
08-01-2026 12:05||NIFTY27JAN2625800CE,0.1096119604934671
08-01-2026 12:05||NIFTY27JAN2625900CE,0.1072583483865301
08-01-2026 12:05||NIFTY27JAN2626400CE,0.0976240596797737
08-01-2026 12:10||NIFTY27JAN2624000PE,0.1700129400646197
08-01-2026 12:10||NIFTY27JAN2624400PE,0.1459368508720802
08-01-2026 12:15||NIFTY27JAN2624100PE,0.1664677724317074
08-01-2026 12:15||NIFTY27JAN2624400PE,0.1493087332336866
08-01-2026 12:15||NIFTY27JAN2625200CE,0.1285228169001371
08-01-2026 12:15||NIFTY27JAN2625400CE,0.1174975333717505
08-01-2026 12:15||NIFTY27JAN2625500CE,0.1125880380399593
08-01-2026 12:15||NIFTY27JAN2625700CE,0.1046857619384304
08-01-2026 12:20||NIFTY27JAN2624800PE,0.1282354141150499
08-01-2026 12:20||NIFTY27JAN2625800CE,0.1045610553914038
08-01-2026 12:20||NIFTY27JAN2626300CE,0.0951523538984719
08-01-2026 12:25||NIFTY27JAN2624100PE,0.1684865437314808
08-01-2026 12:25||NIFTY27JAN2624400PE,0.1516438082402045
08-01-2026 12:25||NIFTY27JAN2624900PE,0.123077690324588
08-01-2026 12:25||NIFTY27JAN2625700CE,0.1069085175700159
08-01-2026 12:25||NIFTY27JAN2626000CE,0.0992229978696617
08-01-2026 12:30||NIFTY27JAN2624200PE,0.1642698831624384
08-01-2026 12:30||NIFTY27JAN2624300PE,0.1571117167302
08-01-2026 12:30||NIFTY27JAN2625100PE,0.1151192290726177
08-01-2026 12:30||NIFTY27JAN2625700CE,0.1017919312331372
08-01-2026 12:30||NIFTY27JAN2626000CE,0.0957034401751393
08-01-2026 12:35||NIFTY27JAN2624800PE,0.1268502133171898
08-01-2026 12:35||NIFTY27JAN2625000PE,0.1168835712007441
08-01-2026 12:35||NIFTY27JAN2625400CE,0.1275921681418665
08-01-2026 12:35||NIFTY27JAN2625500CE,0.1213228177616905
08-01-2026 12:35||NIFTY27JAN2625800CE,0.1073107279686347
08-01-2026 12:35||NIFTY27JAN2626100CE,0.0996858570423384
08-01-2026 12:35||NIFTY27JAN2626200CE,0.0977614491665939
08-01-2026 12:40||NIFTY27JAN2624100PE,0.1674616012651412
08-01-2026 12:40||NIFTY27JAN2624400PE,0.1508130327934904
08-01-2026 12:40||NIFTY27JAN2624800PE,0.1267516167159721
08-01-2026 12:40||NIFTY27JAN2625000PE,0.1169289297129072
08-01-2026 12:40||NIFTY27JAN2625200CE,0.1384401153129566
08-01-2026 12:40||NIFTY27JAN2626000CE,0.1011230299849685
08-01-2026 12:45||NIFTY27JAN2624400PE,0.1513624411906654
08-01-2026 12:45||NIFTY27JAN2624600PE,0.1388631544888414
08-01-2026 12:45||NIFTY27JAN2625000PE,0.1179929157911043
08-01-2026 12:45||NIFTY27JAN2625300CE,0.1257448498929534
08-01-2026 12:45||NIFTY27JAN2625800CE,0.1036813335098614
08-01-2026 12:45||NIFTY27JAN2626200CE,0.0962870665567461
08-01-2026 12:45||NIFTY27JAN2626300CE,0.0948041584508985
08-01-2026 12:50||NIFTY27JAN2623800PE,0.1828422717846285
08-01-2026 12:50||NIFTY27JAN2624900PE,0.1219048086767555
08-01-2026 12:50||NIFTY27JAN2625600CE,0.1147547552557135
08-01-2026 12:50||NIFTY27JAN2626300CE,0.0967943791901984
08-01-2026 12:50||NIFTY27JAN2626400CE,0.0957272235309094
08-01-2026 12:55||NIFTY27JAN2624200PE,0.1625505905974542
08-01-2026 12:55||NIFTY27JAN2624300PE,0.1558378636009059
08-01-2026 12:55||NIFTY27JAN2624400PE,0.1495574863154383
08-01-2026 12:55||NIFTY27JAN2626100CE,0.0986555685358929
08-01-2026 13:00||NIFTY27JAN2624200PE,0.1623073300990012
08-01-2026 13:00||NIFTY27JAN2624500PE,0.1440677578048084
08-01-2026 13:00||NIFTY27JAN2624600PE,0.1383358254745212
08-01-2026 13:00||NIFTY27JAN2624700PE,0.1323824037474485
08-01-2026 13:00||NIFTY27JAN2625000PE,0.1161098972695739
08-01-2026 13:00||NIFTY27JAN2625100PE,0.1103706508433317
08-01-2026 13:00||NIFTY27JAN2625400CE,0.1297439699376816
08-01-2026 13:00||NIFTY27JAN2625800CE,0.1090662315144506
08-01-2026 13:05||NIFTY27JAN2623800PE,0.185083720359341
08-01-2026 13:05||NIFTY27JAN2624600PE,0.1387919895752967
08-01-2026 13:05||NIFTY27JAN2625700CE,0.1061432515278468
08-01-2026 13:05||NIFTY27JAN2625800CE,0.1045694199787004
08-01-2026 13:05||NIFTY27JAN2626000CE,0.0997180613748014
08-01-2026 13:05||NIFTY27JAN2626100CE,0.097618119114772
08-01-2026 13:05||NIFTY27JAN2626200CE,0.0959139753228601
08-01-2026 13:05||NIFTY27JAN2626300CE,0.0945754015975897
08-01-2026 13:10||NIFTY27JAN2624100PE,0.1681306735757033
08-01-2026 13:10||NIFTY27JAN2624900PE,0.1213020278048357
08-01-2026 13:10||NIFTY27JAN2625400CE,0.1226776473021846
08-01-2026 13:10||NIFTY27JAN2625700CE,0.1072960684944561
08-01-2026 13:10||NIFTY27JAN2625800CE,0.1060597066365751
08-01-2026 13:10||NIFTY27JAN2626100CE,0.0987028236162501
08-01-2026 13:10||NIFTY27JAN2626200CE,0.0969258558764423
08-01-2026 13:15||NIFTY27JAN2624300PE,0.15776140188342
08-01-2026 13:15||NIFTY27JAN2625000PE,0.1167878625334806
08-01-2026 13:15||NIFTY27JAN2625900CE,0.1005047837609502
08-01-2026 13:15||NIFTY27JAN2626300CE,0.0940992996592644
08-01-2026 13:20||NIFTY27JAN2623800PE,0.1842674481671865
08-01-2026 13:20||NIFTY27JAN2624000PE,0.1737987030074057
08-01-2026 13:20||NIFTY27JAN2624400PE,0.1506653474436934
08-01-2026 13:20||NIFTY27JAN2625000PE,0.1165721396611676
08-01-2026 13:20||NIFTY27JAN2625300CE,0.1320301272255193
08-01-2026 13:20||NIFTY27JAN2625400CE,0.1234509416154594
08-01-2026 13:20||NIFTY27JAN2626200CE,0.0957380814320281
08-01-2026 13:25||NIFTY27JAN2624600PE,0.1394350061495188
08-01-2026 13:25||NIFTY27JAN2624900PE,0.123634500542594
08-01-2026 13:25||NIFTY27JAN2625400CE,0.1135683546281711
08-01-2026 13:25||NIFTY27JAN2625500CE,0.10983375822574
08-01-2026 13:25||NIFTY27JAN2625900CE,0.0965021740130431
08-01-2026 13:25||NIFTY27JAN2626000CE,0.0947638173367089
08-01-2026 13:25||NIFTY27JAN2626100CE,0.0946133038277743
08-01-2026 13:30||NIFTY27JAN2624300PE,0.1546859650811449
08-01-2026 13:30||NIFTY27JAN2624400PE,0.1482058367808836
08-01-2026 13:30||NIFTY27JAN2625600CE,0.1160457421107246
08-01-2026 13:30||NIFTY27JAN2625700CE,0.1119202049266689
08-01-2026 13:30||NIFTY27JAN2626100CE,0.1004284776629731
08-01-2026 13:30||NIFTY27JAN2626500CE,0.0953845113804234
08-01-2026 13:35||NIFTY27JAN2624600PE,0.1373370690901474
08-01-2026 13:35||NIFTY27JAN2624700PE,0.1319471910616512
08-01-2026 13:35||NIFTY27JAN2624800PE,0.1265209023533451
08-01-2026 13:35||NIFTY27JAN2624900PE,0.1210766644923793
08-01-2026 13:40||NIFTY27JAN2624100PE,0.167230645490151
08-01-2026 13:40||NIFTY27JAN2624800PE,0.1249663829525058
08-01-2026 13:40||NIFTY27JAN2624900PE,0.1200506156020351
08-01-2026 13:40||NIFTY27JAN2625300CE,0.1265106843009071
08-01-2026 13:40||NIFTY27JAN2625600CE,0.1131278942579143
08-01-2026 13:40||NIFTY27JAN2625700CE,0.1087688555365673
08-01-2026 13:40||NIFTY27JAN2626000CE,0.1008673689597987
08-01-2026 13:40||NIFTY27JAN2626200CE,0.0971751595405461
08-01-2026 13:40||NIFTY27JAN2626300CE,0.0955693593838393
08-01-2026 13:45||NIFTY27JAN2624600PE,0.1366923062129572
08-01-2026 13:45||NIFTY27JAN2624700PE,0.130945347480869
08-01-2026 13:45||NIFTY27JAN2625100PE,0.1092726999191358
08-01-2026 13:45||NIFTY27JAN2625600CE,0.113759908754024
08-01-2026 13:45||NIFTY27JAN2625700CE,0.1088474924410691
08-01-2026 13:50||NIFTY27JAN2624600PE,0.1356221018493331
08-01-2026 13:50||NIFTY27JAN2625500CE,0.1171507004098142
08-01-2026 13:55||NIFTY27JAN2624200PE,0.1614297380737381
08-01-2026 13:55||NIFTY27JAN2624600PE,0.1358381382225175
08-01-2026 13:55||NIFTY27JAN2625000PE,0.1141560622265425
08-01-2026 13:55||NIFTY27JAN2625200CE,0.1336032618954412
08-01-2026 13:55||NIFTY27JAN2625700CE,0.1065837670483027
08-01-2026 14:00||NIFTY27JAN2623800PE,0.1863551027831209
08-01-2026 14:00||NIFTY27JAN2623900PE,0.1798683150494944
08-01-2026 14:00||NIFTY27JAN2625300CE,0.1077521344202931
08-01-2026 14:00||NIFTY27JAN2625400CE,0.1091917958477957
08-01-2026 14:00||NIFTY27JAN2625900CE,0.0994700803864703
08-01-2026 14:00||NIFTY27JAN2626000CE,0.0983312000061109
08-01-2026 14:00||NIFTY27JAN2626100CE,0.0969101480571142
08-01-2026 14:00||NIFTY27JAN2626200CE,0.0951379982411093
08-01-2026 14:00||NIFTY27JAN2626300CE,0.0929851528019971
08-01-2026 14:05||NIFTY27JAN2623900PE,0.1785020202664585
08-01-2026 14:05||NIFTY27JAN2624500PE,0.1422228159001868
08-01-2026 14:05||NIFTY27JAN2625300CE,0.112594607928063
08-01-2026 14:05||NIFTY27JAN2626000CE,0.0960956947437425
08-01-2026 14:05||NIFTY27JAN2626200CE,0.0930482704254203
08-01-2026 14:05||NIFTY27JAN2626300CE,0.0916799706714632
08-01-2026 14:05||NIFTY27JAN2626500CE,0.0894665891542692
08-01-2026 14:10||NIFTY27JAN2624800PE,0.1242978009442294
08-01-2026 14:10||NIFTY27JAN2625000PE,0.1140516753216021
08-01-2026 14:10||NIFTY27JAN2625200CE,0.1277445841519418
08-01-2026 14:10||NIFTY27JAN2625300CE,0.1231456243293722
08-01-2026 14:10||NIFTY27JAN2625700CE,0.1097508360725338
08-01-2026 14:15||NIFTY27JAN2623800PE,0.1837238092062438
08-01-2026 14:15||NIFTY27JAN2624200PE,0.1601228779354624
08-01-2026 14:15||NIFTY27JAN2624300PE,0.1536426889014541
08-01-2026 14:15||NIFTY27JAN2625000PE,0.1130709456045302
08-01-2026 14:15||NIFTY27JAN2625200CE,0.1247295072518408
08-01-2026 14:15||NIFTY27JAN2625600CE,0.113662221262436
08-01-2026 14:15||NIFTY27JAN2626100CE,0.0970100164494383
08-01-2026 14:15||NIFTY27JAN2626400CE,0.0921683599398495
08-01-2026 14:20||NIFTY27JAN2624500PE,0.1410890741984971
08-01-2026 14:20||NIFTY27JAN2625000PE,0.1133762922644772
08-01-2026 14:20||NIFTY27JAN2625700CE,0.1034151770765881
08-01-2026 14:20||NIFTY27JAN2626400CE,0.0894252030128655
08-01-2026 14:25||NIFTY27JAN2624600PE,0.1362433179796172
08-01-2026 14:25||NIFTY27JAN2624800PE,0.1246666368958742
08-01-2026 14:25||NIFTY27JAN2625200CE,0.1319800129084232
08-01-2026 14:25||NIFTY27JAN2625600CE,0.1056385264933794
08-01-2026 14:25||NIFTY27JAN2625900CE,0.0963156027526324
08-01-2026 14:25||NIFTY27JAN2626000CE,0.0951619562908838
08-01-2026 14:30||NIFTY27JAN2624500PE,0.1400070283892862
08-01-2026 14:30||NIFTY27JAN2626200CE,0.098186846660889
08-01-2026 14:30||NIFTY27JAN2626400CE,0.0939506110194461
08-01-2026 14:30||NIFTY27JAN2626500CE,0.0921582787140398
08-01-2026 14:35||NIFTY27JAN2624200PE,0.1600187679495228
08-01-2026 14:35||NIFTY27JAN2624800PE,0.1236919296018026
08-01-2026 14:35||NIFTY27JAN2625100PE,0.1084463260402026
08-01-2026 14:35||NIFTY27JAN2626100CE,0.0950192596023669
08-01-2026 14:40||NIFTY27JAN2624200PE,0.159361357232183
08-01-2026 14:40||NIFTY27JAN2624600PE,0.1349800394292621
08-01-2026 14:40||NIFTY27JAN2625000PE,0.1129580700280072
08-01-2026 14:40||NIFTY27JAN2625300CE,0.1200200467233898
08-01-2026 14:40||NIFTY27JAN2625400CE,0.1159524100729836
08-01-2026 14:40||NIFTY27JAN2625500CE,0.1122057775379659
08-01-2026 14:40||NIFTY27JAN2626200CE,0.0930040887052872
08-01-2026 14:40||NIFTY27JAN2626300CE,0.091394408933942
08-01-2026 14:45||NIFTY27JAN2624000PE,0.1702515582733363
08-01-2026 14:45||NIFTY27JAN2624700PE,0.1285684549259764
08-01-2026 14:45||NIFTY27JAN2625000PE,0.1122583957657372
08-01-2026 14:45||NIFTY27JAN2625300CE,0.1221815970496491
08-01-2026 14:45||NIFTY27JAN2625700CE,0.1059239210603149
08-01-2026 14:50||NIFTY27JAN2624100PE,0.165360086586247
08-01-2026 14:50||NIFTY27JAN2624300PE,0.1533950667446178
08-01-2026 14:50||NIFTY27JAN2625100PE,0.1088520986317327
08-01-2026 14:50||NIFTY27JAN2625400CE,0.1129123532091824
08-01-2026 14:50||NIFTY27JAN2625500CE,0.1075016351724365
08-01-2026 14:50||NIFTY27JAN2626000CE,0.0930176991722486
08-01-2026 14:50||NIFTY27JAN2626200CE,0.090144892599028
08-01-2026 14:55||NIFTY27JAN2626300CE,0.0905698772354526
08-01-2026 15:00||NIFTY27JAN2623900PE,0.174725360185485
08-01-2026 15:00||NIFTY27JAN2624000PE,0.1685573144059535
08-01-2026 15:00||NIFTY27JAN2624900PE,0.117726636782649
08-01-2026 15:00||NIFTY27JAN2625100PE,0.1085123320766969
08-01-2026 15:00||NIFTY27JAN2625200CE,0.1288739793114359
08-01-2026 15:00||NIFTY27JAN2625600CE,0.0980876748054022
08-01-2026 15:00||NIFTY27JAN2625700CE,0.096289622690481
08-01-2026 15:00||NIFTY27JAN2626300CE,0.0882483120010846
08-01-2026 15:00||NIFTY27JAN2626400CE,0.0877065439701887
08-01-2026 15:05||NIFTY27JAN2624400PE,0.1426943555658515
08-01-2026 15:05||NIFTY27JAN2624800PE,0.1197895423263508
08-01-2026 15:05||NIFTY27JAN2624900PE,0.1149467118621165
08-01-2026 15:05||NIFTY27JAN2626000CE,0.0975505926756525
08-01-2026 15:05||NIFTY27JAN2626100CE,0.095464112889438
08-01-2026 15:05||NIFTY27JAN2626200CE,0.0942094638553747
08-01-2026 15:10||NIFTY27JAN2624000PE,0.166693104257751
08-01-2026 15:10||NIFTY27JAN2624200PE,0.1551345953178127
08-01-2026 15:10||NIFTY27JAN2624600PE,0.1313671961266669
08-01-2026 15:10||NIFTY27JAN2625100PE,0.1058103736940365
08-01-2026 15:10||NIFTY27JAN2625700CE,0.1040815230590475
08-01-2026 15:10||NIFTY27JAN2626100CE,0.094645247588124
08-01-2026 15:10||NIFTY27JAN2626300CE,0.0920519766943517
08-01-2026 15:10||NIFTY27JAN2626500CE,0.0908790719645278
08-01-2026 15:15||NIFTY27JAN2624800PE,0.1202093197867606
08-01-2026 15:15||NIFTY27JAN2625100PE,0.1059801246318015
08-01-2026 15:15||NIFTY27JAN2625500CE,0.1103661360121428
08-01-2026 15:15||NIFTY27JAN2626100CE,0.0938932068572135
08-01-2026 15:20||NIFTY27JAN2624000PE,0.1668176890054296
08-01-2026 15:20||NIFTY27JAN2624500PE,0.1369147554114675
08-01-2026 15:20||NIFTY27JAN2624800PE,0.1204377269055196
08-01-2026 15:20||NIFTY27JAN2625000PE,0.1110251617594206
08-01-2026 15:20||NIFTY27JAN2625600CE,0.1042835890979709
08-01-2026 15:20||NIFTY27JAN2626100CE,0.0924275369491454
08-01-2026 15:20||NIFTY27JAN2626400CE,0.090429094213686
08-01-2026 15:20||NIFTY27JAN2626500CE,0.0913883329192621
08-01-2026 15:25||NIFTY27JAN2623800PE,0.1814684893795295
08-01-2026 15:25||NIFTY27JAN2624100PE,0.1598172393432797
08-01-2026 15:25||NIFTY27JAN2624300PE,0.1492204079805841
08-01-2026 15:25||NIFTY27JAN2624600PE,0.1320208085495009
08-01-2026 15:25||NIFTY27JAN2625100PE,0.1082584115804561
08-01-2026 15:25||NIFTY27JAN2625800CE,0.09574280889478
08-01-2026 15:25||NIFTY27JAN2626100CE,0.0915423569521127
09-01-2026 09:15||NIFTY27JAN2624400PE,0.1450846122056226
09-01-2026 09:15||NIFTY27JAN2625000PE,0.1122152609530759
09-01-2026 09:15||NIFTY27JAN2625400CE,0.1238011780295131
09-01-2026 09:15||NIFTY27JAN2625500CE,0.1203617225743567
09-01-2026 09:15||NIFTY27JAN2625800CE,0.1071391387385389
09-01-2026 09:15||NIFTY27JAN2626300CE,0.0941086452619259
09-01-2026 09:20||NIFTY27JAN2624100PE,0.1636931905978262
09-01-2026 09:20||NIFTY27JAN2624200PE,0.1574727555596515
09-01-2026 09:20||NIFTY27JAN2624800PE,0.1246116863213941
09-01-2026 09:20||NIFTY27JAN2625000PE,0.115526738999371
09-01-2026 09:20||NIFTY27JAN2625300CE,0.1139775630052497
09-01-2026 09:25||NIFTY27JAN2624100PE,0.1602723187757977
09-01-2026 09:25||NIFTY27JAN2625000PE,0.1118139414596459
09-01-2026 09:25||NIFTY27JAN2625400CE,0.1195013116408496
09-01-2026 09:25||NIFTY27JAN2626100CE,0.0938480662570953
09-01-2026 09:30||NIFTY27JAN2624300PE,0.1488516439741203
09-01-2026 09:30||NIFTY27JAN2624500PE,0.1374404780541969
09-01-2026 09:30||NIFTY27JAN2624600PE,0.1314552050096153
09-01-2026 09:30||NIFTY27JAN2625300CE,0.1135394343376945
09-01-2026 09:30||NIFTY27JAN2625400CE,0.1113941536804046
09-01-2026 09:30||NIFTY27JAN2626100CE,0.0932408957027188
09-01-2026 09:30||NIFTY27JAN2626400CE,0.0905012537551943
09-01-2026 09:35||NIFTY27JAN2624800PE,0.1196987911849207
09-01-2026 09:35||NIFTY27JAN2626000CE,0.0977904223784698
09-01-2026 09:35||NIFTY27JAN2626200CE,0.0942200118210934
09-01-2026 09:40||NIFTY27JAN2625500CE,0.1361625416902319
09-01-2026 09:40||NIFTY27JAN2625600CE,0.1300551458805614
09-01-2026 09:40||NIFTY27JAN2625700CE,0.1244292218770155
09-01-2026 09:40||NIFTY27JAN2625900CE,0.1145814076881048
09-01-2026 09:45||NIFTY27JAN2624000PE,0.1647543871018757
09-01-2026 09:45||NIFTY27JAN2624300PE,0.1473627383572338
09-01-2026 09:45||NIFTY27JAN2624400PE,0.140911886666772
09-01-2026 09:45||NIFTY27JAN2624700PE,0.1239074649964564
09-01-2026 09:45||NIFTY27JAN2624900PE,0.1135618026576619
09-01-2026 09:45||NIFTY27JAN2625600CE,0.1236898711319938
09-01-2026 09:45||NIFTY27JAN2625900CE,0.1080702766040122
09-01-2026 09:50||NIFTY27JAN2624100PE,0.1597291218750993
09-01-2026 09:50||NIFTY27JAN2624400PE,0.1422114703403676
09-01-2026 09:50||NIFTY27JAN2624600PE,0.1304042676958241
09-01-2026 09:50||NIFTY27JAN2624700PE,0.1248797681157469
09-01-2026 09:50||NIFTY27JAN2624900PE,0.114658340245465
09-01-2026 09:50||NIFTY27JAN2625300CE,0.1383058745805989
09-01-2026 09:50||NIFTY27JAN2625600CE,0.1195384991061523
09-01-2026 09:50||NIFTY27JAN2626000CE,0.1026197561170327
09-01-2026 09:50||NIFTY27JAN2626100CE,0.099951332926448
09-01-2026 09:50||NIFTY27JAN2626400CE,0.094703119909397
09-01-2026 09:55||NIFTY27JAN2623800PE,0.177986067169571
09-01-2026 09:55||NIFTY27JAN2624800PE,0.1206094119744287
09-01-2026 09:55||NIFTY27JAN2624900PE,0.116058625280055
09-01-2026 09:55||NIFTY27JAN2625000PE,0.1115263698502149
09-01-2026 09:55||NIFTY27JAN2625200CE,0.1369020904208504
09-01-2026 10:00||NIFTY27JAN2624100PE,0.1621362634207814
09-01-2026 10:00||NIFTY27JAN2624300PE,0.1497720291727553
09-01-2026 10:00||NIFTY27JAN2625100PE,0.1079590551547999
09-01-2026 10:00||NIFTY27JAN2625500CE,0.1061040019945078
09-01-2026 10:00||NIFTY27JAN2626100CE,0.0927211006059725
09-01-2026 10:05||NIFTY27JAN2624500PE,0.1362360665306736
09-01-2026 10:05||NIFTY27JAN2624800PE,0.1195555521453375
09-01-2026 10:05||NIFTY27JAN2625600CE,0.1205202368036246
09-01-2026 10:05||NIFTY27JAN2626100CE,0.0989585449863028
09-01-2026 10:10||NIFTY27JAN2624400PE,0.1433630316547205
09-01-2026 10:10||NIFTY27JAN2626300CE,0.0906619708966935
09-01-2026 10:10||NIFTY27JAN2626400CE,0.0898518760584714
09-01-2026 10:15||NIFTY27JAN2625100PE,0.1066651434387573
09-01-2026 10:15||NIFTY27JAN2625600CE,0.1084270643443758
09-01-2026 10:15||NIFTY27JAN2626200CE,0.0920540151554476
09-01-2026 10:15||NIFTY27JAN2626300CE,0.0907768135279951
09-01-2026 10:20||NIFTY27JAN2623900PE,0.1728993922860611
09-01-2026 10:20||NIFTY27JAN2624000PE,0.1670679141954765
09-01-2026 10:20||NIFTY27JAN2625200CE,0.1459336115623664
09-01-2026 10:20||NIFTY27JAN2625700CE,0.1125315181340447
09-01-2026 10:25||NIFTY27JAN2624200PE,0.1550000589583993
09-01-2026 10:25||NIFTY27JAN2625000PE,0.1095249026271432
09-01-2026 10:25||NIFTY27JAN2625600CE,0.1206678904454641
09-01-2026 10:25||NIFTY27JAN2626200CE,0.0967067718084955
09-01-2026 10:25||NIFTY27JAN2626500CE,0.0928896533791707
09-01-2026 10:30||NIFTY27JAN2624300PE,0.1499561342024051
09-01-2026 10:30||NIFTY27JAN2624900PE,0.117016764467511
09-01-2026 10:35||NIFTY27JAN2624300PE,0.1489457747414864
09-01-2026 10:35||NIFTY27JAN2624800PE,0.1201054936168768
09-01-2026 10:35||NIFTY27JAN2626300CE,0.0914162427616869
09-01-2026 10:40||NIFTY27JAN2624000PE,0.1660117882540198
09-01-2026 10:40||NIFTY27JAN2624700PE,0.1249523391801057
09-01-2026 10:40||NIFTY27JAN2625000PE,0.1095515286523127
09-01-2026 10:40||NIFTY27JAN2625500CE,0.1165469758619366
09-01-2026 10:40||NIFTY27JAN2626000CE,0.0969365961217896
09-01-2026 10:40||NIFTY27JAN2626100CE,0.0951841254571661
09-01-2026 10:40||NIFTY27JAN2626400CE,0.0922104008976845
09-01-2026 10:40||NIFTY27JAN2626500CE,0.0929096047746114
09-01-2026 10:45||NIFTY27JAN2624400PE,0.1424453942334453
09-01-2026 10:45||NIFTY27JAN2625000PE,0.1096600427706109
09-01-2026 10:45||NIFTY27JAN2625200CE,0.1340775265288591
09-01-2026 10:45||NIFTY27JAN2625400CE,0.1203098496380441
09-01-2026 10:45||NIFTY27JAN2625500CE,0.1142729836600153
09-01-2026 10:45||NIFTY27JAN2626300CE,0.0906271619467808
09-01-2026 10:50||NIFTY27JAN2624100PE,0.1609016361719653
09-01-2026 10:50||NIFTY27JAN2625800CE,0.094214981454769
09-01-2026 10:50||NIFTY27JAN2625900CE,0.091827440121623
09-01-2026 10:50||NIFTY27JAN2626000CE,0.0906964425609153
09-01-2026 10:50||NIFTY27JAN2626400CE,0.08923393684546
09-01-2026 10:50||NIFTY27JAN2626500CE,0.0910827433595997
09-01-2026 10:55||NIFTY27JAN2623800PE,0.1760627649152559
09-01-2026 10:55||NIFTY27JAN2624700PE,0.124238597119902
09-01-2026 10:55||NIFTY27JAN2624900PE,0.1144156801633755
09-01-2026 10:55||NIFTY27JAN2626300CE,0.0910738776624455
09-01-2026 11:00||NIFTY27JAN2624900PE,0.1128874965138928
09-01-2026 11:00||NIFTY27JAN2625000PE,0.10820787229739
09-01-2026 11:00||NIFTY27JAN2625200CE,0.158825250126938
09-01-2026 11:00||NIFTY27JAN2625700CE,0.1016444126520568
09-01-2026 11:00||NIFTY27JAN2625800CE,0.0994143202490249
09-01-2026 11:05||NIFTY27JAN2624000PE,0.1632028583836868
09-01-2026 11:05||NIFTY27JAN2624400PE,0.1386447287937144
09-01-2026 11:05||NIFTY27JAN2625100PE,0.1038407738491695
09-01-2026 11:05||NIFTY27JAN2625300CE,0.125324195362193
09-01-2026 11:05||NIFTY27JAN2625500CE,0.1136223511045209
09-01-2026 11:05||NIFTY27JAN2625700CE,0.1053558060199009
09-01-2026 11:10||NIFTY27JAN2623900PE,0.1704237942017639
09-01-2026 11:10||NIFTY27JAN2624700PE,0.1237702309622816
09-01-2026 11:10||NIFTY27JAN2625100PE,0.105727323016147
09-01-2026 11:10||NIFTY27JAN2625200CE,0.1205962974631624
09-01-2026 11:10||NIFTY27JAN2625500CE,0.1059361917410157
09-01-2026 11:10||NIFTY27JAN2625800CE,0.0948821150068504
09-01-2026 11:15||NIFTY27JAN2624200PE,0.1519966198173916
09-01-2026 11:15||NIFTY27JAN2624600PE,0.128289794223237
09-01-2026 11:15||NIFTY27JAN2625700CE,0.1018946366535296
09-01-2026 11:15||NIFTY27JAN2626400CE,0.0916554749424918
09-01-2026 11:20||NIFTY27JAN2625200CE,0.1308099256716843
09-01-2026 11:20||NIFTY27JAN2625500CE,0.1104914873753379
09-01-2026 11:25||NIFTY27JAN2624600PE,0.1276599100650397
09-01-2026 11:25||NIFTY27JAN2625100PE,0.1030473688264299
09-01-2026 11:25||NIFTY27JAN2625600CE,0.1094389602309675
09-01-2026 11:30||NIFTY27JAN2624000PE,0.1627352658353309
09-01-2026 11:30||NIFTY27JAN2624100PE,0.1572955451433357
09-01-2026 11:30||NIFTY27JAN2624500PE,0.1344425065516667
09-01-2026 11:30||NIFTY27JAN2624600PE,0.1285585280752901
09-01-2026 11:30||NIFTY27JAN2624900PE,0.1132088126163477
09-01-2026 11:30||NIFTY27JAN2625000PE,0.1087218761121473
09-01-2026 11:30||NIFTY27JAN2625300CE,0.1213967976393526
09-01-2026 11:30||NIFTY27JAN2626200CE,0.0897875667148078
09-01-2026 11:35||NIFTY27JAN2624100PE,0.1572315279223204
09-01-2026 11:35||NIFTY27JAN2624600PE,0.1278891161631881
09-01-2026 11:35||NIFTY27JAN2625200CE,0.1224396752454879
09-01-2026 11:35||NIFTY27JAN2625300CE,0.1171410333650229
09-01-2026 11:35||NIFTY27JAN2625700CE,0.1010370409400458
09-01-2026 11:35||NIFTY27JAN2625800CE,0.0982130723083507
09-01-2026 11:40||NIFTY27JAN2624600PE,0.1276843748024774
09-01-2026 11:40||NIFTY27JAN2624700PE,0.1225738926577175
09-01-2026 11:40||NIFTY27JAN2625000PE,0.1084928502641071
09-01-2026 11:40||NIFTY27JAN2625300CE,0.1180894955851385
09-01-2026 11:40||NIFTY27JAN2625800CE,0.0976907700208364
09-01-2026 11:40||NIFTY27JAN2625900CE,0.0962488364597611
09-01-2026 11:45||NIFTY27JAN2625900CE,0.0966663385317758
09-01-2026 11:45||NIFTY27JAN2626000CE,0.0949374161350888
09-01-2026 11:45||NIFTY27JAN2626200CE,0.0930332539991987
09-01-2026 11:45||NIFTY27JAN2626500CE,0.0931078872703423
09-01-2026 11:50||NIFTY27JAN2625000PE,0.1084800808313612
09-01-2026 11:50||NIFTY27JAN2625200CE,0.1193942041320621
09-01-2026 11:50||NIFTY27JAN2625400CE,0.1121697559143246
09-01-2026 11:50||NIFTY27JAN2625500CE,0.1091385696104936
09-01-2026 11:50||NIFTY27JAN2626000CE,0.0965524179621066
09-01-2026 11:50||NIFTY27JAN2626500CE,0.0933975970164642
09-01-2026 11:55||NIFTY27JAN2624200PE,0.1517104096390316
09-01-2026 11:55||NIFTY27JAN2624300PE,0.1440064644875747
09-01-2026 11:55||NIFTY27JAN2624500PE,0.1324979799725962
09-01-2026 11:55||NIFTY27JAN2624900PE,0.1134523891983558
09-01-2026 11:55||NIFTY27JAN2625400CE,0.1144297115190262
09-01-2026 11:55||NIFTY27JAN2625600CE,0.1060946071497461
09-01-2026 11:55||NIFTY27JAN2625800CE,0.1001268037596325
09-01-2026 11:55||NIFTY27JAN2626300CE,0.0936032209373003
09-01-2026 12:00||NIFTY27JAN2623800PE,0.1737986337195976
09-01-2026 12:00||NIFTY27JAN2624400PE,0.1379038261836633
09-01-2026 12:00||NIFTY27JAN2624800PE,0.1153315451877219
09-01-2026 12:00||NIFTY27JAN2625600CE,0.1113435740184591
09-01-2026 12:00||NIFTY27JAN2625800CE,0.1037081581558396
09-01-2026 12:00||NIFTY27JAN2626300CE,0.0951406475712666
09-01-2026 12:05||NIFTY27JAN2624600PE,0.1278814347657766
09-01-2026 12:05||NIFTY27JAN2625500CE,0.1086743608654821
09-01-2026 12:05||NIFTY27JAN2626000CE,0.0952664596421968
09-01-2026 12:05||NIFTY27JAN2626500CE,0.0937777275480939
09-01-2026 12:10||NIFTY27JAN2624200PE,0.1520741935958649
09-01-2026 12:10||NIFTY27JAN2624300PE,0.1450656195304063
09-01-2026 12:10||NIFTY27JAN2625500CE,0.1057931009830959
09-01-2026 12:10||NIFTY27JAN2625900CE,0.0962069182705498
09-01-2026 12:10||NIFTY27JAN2626300CE,0.0932524338328324
09-01-2026 12:15||NIFTY27JAN2623800PE,0.1760557066578698
09-01-2026 12:15||NIFTY27JAN2624100PE,0.1566562141526537
09-01-2026 12:15||NIFTY27JAN2624200PE,0.1499241892563745
09-01-2026 12:15||NIFTY27JAN2624300PE,0.1435511999945387
09-01-2026 12:15||NIFTY27JAN2625400CE,0.1109036112267816
09-01-2026 12:15||NIFTY27JAN2625500CE,0.107713307887387
09-01-2026 12:15||NIFTY27JAN2625800CE,0.0987357799712711
09-01-2026 12:15||NIFTY27JAN2625900CE,0.0967898666922657
09-01-2026 12:15||NIFTY27JAN2626200CE,0.0944874657928629
09-01-2026 12:15||NIFTY27JAN2626300CE,0.095497298023865
09-01-2026 12:15||NIFTY27JAN2626400CE,0.0973876937474855
09-01-2026 12:15||NIFTY27JAN2626500CE,0.1001260175823404
09-01-2026 12:20||NIFTY27JAN2624000PE,0.1624234436461948
09-01-2026 12:20||NIFTY27JAN2624700PE,0.1210326890077304
09-01-2026 12:20||NIFTY27JAN2624800PE,0.1162922164274338
09-01-2026 12:20||NIFTY27JAN2625000PE,0.1074752143587378
09-01-2026 12:25||NIFTY27JAN2624200PE,0.1502196778091127
09-01-2026 12:25||NIFTY27JAN2624400PE,0.1382708095598079
09-01-2026 12:25||NIFTY27JAN2624600PE,0.1270313681972696
09-01-2026 12:25||NIFTY27JAN2625000PE,0.1086806999921918
09-01-2026 12:30||NIFTY27JAN2623800PE,0.1693182078337027
09-01-2026 12:30||NIFTY27JAN2624400PE,0.1379360722053952
09-01-2026 12:30||NIFTY27JAN2624900PE,0.1122664624488081
09-01-2026 12:30||NIFTY27JAN2626400CE,0.0947479140078542
09-01-2026 12:35||NIFTY27JAN2624100PE,0.1587356774891852
09-01-2026 12:35||NIFTY27JAN2624300PE,0.1460450049441677
09-01-2026 12:35||NIFTY27JAN2624700PE,0.124104956648118
09-01-2026 12:35||NIFTY27JAN2624900PE,0.1155721919263772
09-01-2026 12:35||NIFTY27JAN2625700CE,0.097613291913424
09-01-2026 12:35||NIFTY27JAN2626400CE,0.0960169957033301
09-01-2026 12:40||NIFTY27JAN2624100PE,0.1582290315160088
09-01-2026 12:40||NIFTY27JAN2625800CE,0.0990152379993816
09-01-2026 12:40||NIFTY27JAN2626100CE,0.0960435484635731
09-01-2026 12:45||NIFTY27JAN2623900PE,0.170098604405127
09-01-2026 12:45||NIFTY27JAN2624100PE,0.158125141983259
09-01-2026 12:45||NIFTY27JAN2624200PE,0.151276768257718
09-01-2026 12:45||NIFTY27JAN2625100PE,0.107107904093322
09-01-2026 12:45||NIFTY27JAN2625300CE,0.1058440816505701
09-01-2026 12:45||NIFTY27JAN2625800CE,0.0970181742792277
09-01-2026 12:45||NIFTY27JAN2625900CE,0.095934715134188
09-01-2026 12:45||NIFTY27JAN2626000CE,0.0950428925076991
09-01-2026 12:45||NIFTY27JAN2626400CE,0.0983226034103648
09-01-2026 12:50||NIFTY27JAN2623800PE,0.1784628054118719
09-01-2026 12:50||NIFTY27JAN2624100PE,0.1557480054571858
09-01-2026 12:50||NIFTY27JAN2625300CE,0.1216027421767727
09-01-2026 12:50||NIFTY27JAN2625500CE,0.111119469174028
09-01-2026 12:50||NIFTY27JAN2626200CE,0.0977331380616988
09-01-2026 12:55||NIFTY27JAN2624100PE,0.1576830994873264
09-01-2026 12:55||NIFTY27JAN2624500PE,0.1326799942880647
09-01-2026 12:55||NIFTY27JAN2624800PE,0.1172808282640343
09-01-2026 12:55||NIFTY27JAN2625600CE,0.1042544798627442
09-01-2026 12:55||NIFTY27JAN2625700CE,0.1016388735911029
09-01-2026 13:00||NIFTY27JAN2624200PE,0.1508424289956416
09-01-2026 13:00||NIFTY27JAN2624900PE,0.113615553352746
09-01-2026 13:00||NIFTY27JAN2625200CE,0.11673429482836
09-01-2026 13:00||NIFTY27JAN2625600CE,0.1037527001227989
09-01-2026 13:00||NIFTY27JAN2625800CE,0.0993790881931957
09-01-2026 13:00||NIFTY27JAN2626400CE,0.0981202968217616
09-01-2026 13:05||NIFTY27JAN2623900PE,0.1699429347908878
09-01-2026 13:05||NIFTY27JAN2624100PE,0.1580944621211273
09-01-2026 13:05||NIFTY27JAN2624300PE,0.1453746395889368
09-01-2026 13:05||NIFTY27JAN2624400PE,0.1388748484867896
09-01-2026 13:05||NIFTY27JAN2624700PE,0.1218942503396824
09-01-2026 13:05||NIFTY27JAN2624800PE,0.1173033029884358
09-01-2026 13:05||NIFTY27JAN2624900PE,0.1129058361203849
09-01-2026 13:05||NIFTY27JAN2625000PE,0.1087014078733386
09-01-2026 13:05||NIFTY27JAN2626000CE,0.0979651624733719
09-01-2026 13:05||NIFTY27JAN2626400CE,0.0990975441587664
09-01-2026 13:05||NIFTY27JAN2626500CE,0.1006775182884922
09-01-2026 13:10||NIFTY27JAN2624000PE,0.1633507681964703
09-01-2026 13:10||NIFTY27JAN2624100PE,0.1576095772552177
09-01-2026 13:10||NIFTY27JAN2624300PE,0.145448880559984
09-01-2026 13:10||NIFTY27JAN2625200CE,0.1223832198221046
09-01-2026 13:10||NIFTY27JAN2625900CE,0.0992517363339295
09-01-2026 13:10||NIFTY27JAN2626100CE,0.097344434994536
09-01-2026 13:10||NIFTY27JAN2626400CE,0.0986340877670954
09-01-2026 13:15||NIFTY27JAN2624100PE,0.157859386952893
09-01-2026 13:15||NIFTY27JAN2624400PE,0.1388310634292251
09-01-2026 13:15||NIFTY27JAN2625000PE,0.1085335671509355
09-01-2026 13:15||NIFTY27JAN2625300CE,0.116324890860227
09-01-2026 13:15||NIFTY27JAN2625700CE,0.1037877529522965
09-01-2026 13:15||NIFTY27JAN2625800CE,0.1015394387650481
09-01-2026 13:15||NIFTY27JAN2625900CE,0.0998302908292867
09-01-2026 13:15||NIFTY27JAN2626100CE,0.097894228738248
09-01-2026 13:15||NIFTY27JAN2626200CE,0.0974763644257237
09-01-2026 13:20||NIFTY27JAN2624100PE,0.1579462900495951
09-01-2026 13:20||NIFTY27JAN2625000PE,0.1086154940717243
09-01-2026 13:20||NIFTY27JAN2625200CE,0.1208006889955086
09-01-2026 13:20||NIFTY27JAN2625600CE,0.1037088250551256
09-01-2026 13:25||NIFTY27JAN2624500PE,0.1333041656958711
09-01-2026 13:25||NIFTY27JAN2625100PE,0.1058512744132134
09-01-2026 13:25||NIFTY27JAN2625300CE,0.1172235992464862
09-01-2026 13:25||NIFTY27JAN2626200CE,0.0969684105810024
09-01-2026 13:30||NIFTY27JAN2624300PE,0.1462719794237372
09-01-2026 13:30||NIFTY27JAN2624900PE,0.1152077379396807
09-01-2026 13:30||NIFTY27JAN2625900CE,0.0960413850177239
09-01-2026 13:30||NIFTY27JAN2626400CE,0.0972097952567061
09-01-2026 13:35||NIFTY27JAN2623900PE,0.1687415675301021
09-01-2026 13:35||NIFTY27JAN2624100PE,0.1572606179005369
09-01-2026 13:35||NIFTY27JAN2624400PE,0.1391479482258812
09-01-2026 13:35||NIFTY27JAN2624600PE,0.1270118343194699
09-01-2026 13:35||NIFTY27JAN2625100PE,0.1051208968458023
09-01-2026 13:35||NIFTY27JAN2625300CE,0.1218230914878226
09-01-2026 13:35||NIFTY27JAN2625400CE,0.1165391401295217
09-01-2026 13:35||NIFTY27JAN2625900CE,0.1005232603046799
09-01-2026 13:35||NIFTY27JAN2626100CE,0.0983537635472657
09-01-2026 13:40||NIFTY27JAN2624500PE,0.1341677346301883
09-01-2026 13:40||NIFTY27JAN2624800PE,0.1191080884738298
09-01-2026 13:40||NIFTY27JAN2625100PE,0.1079498899548099
09-01-2026 13:40||NIFTY27JAN2625300CE,0.1067123832483289
09-01-2026 13:40||NIFTY27JAN2625500CE,0.1006648244977181
09-01-2026 13:40||NIFTY27JAN2626500CE,0.0983116720541303
09-01-2026 13:45||NIFTY27JAN2623900PE,0.1685140544514489
09-01-2026 13:45||NIFTY27JAN2624100PE,0.15677793660715
09-01-2026 13:45||NIFTY27JAN2624300PE,0.1444567438600836
09-01-2026 13:45||NIFTY27JAN2624400PE,0.1382540726883272
09-01-2026 13:45||NIFTY27JAN2625200CE,0.1164049482292526
09-01-2026 13:45||NIFTY27JAN2626000CE,0.0966163367514951
09-01-2026 13:50||NIFTY27JAN2623800PE,0.1714050494521952
09-01-2026 13:50||NIFTY27JAN2624600PE,0.1280360050185436
09-01-2026 13:50||NIFTY27JAN2624700PE,0.1226954788428846
09-01-2026 13:50||NIFTY27JAN2625400CE,0.1090547929764937
09-01-2026 13:50||NIFTY27JAN2625800CE,0.0983591654353617
09-01-2026 13:50||NIFTY27JAN2626100CE,0.0961256019039389
09-01-2026 13:55||NIFTY27JAN2624000PE,0.1608658845277175
09-01-2026 13:55||NIFTY27JAN2625400CE,0.1161103176579416
09-01-2026 13:55||NIFTY27JAN2625500CE,0.1130562187732948
09-01-2026 13:55||NIFTY27JAN2626400CE,0.1010545590743596
09-01-2026 14:00||NIFTY27JAN2624200PE,0.1510885027236064
09-01-2026 14:00||NIFTY27JAN2624300PE,0.1449205053560014
09-01-2026 14:00||NIFTY27JAN2624400PE,0.1391996142661691
09-01-2026 14:00||NIFTY27JAN2625500CE,0.1055799883608266
09-01-2026 14:00||NIFTY27JAN2625800CE,0.0983635840108618
09-01-2026 14:00||NIFTY27JAN2626000CE,0.0959350279467408
09-01-2026 14:05||NIFTY27JAN2624100PE,0.1567995211019024
09-01-2026 14:05||NIFTY27JAN2624300PE,0.1444106958686024
09-01-2026 14:05||NIFTY27JAN2624400PE,0.1382321609761048
09-01-2026 14:05||NIFTY27JAN2625200CE,0.1251624357929799
09-01-2026 14:05||NIFTY27JAN2625400CE,0.1151780280668077
09-01-2026 14:10||NIFTY27JAN2624300PE,0.1442699257729005
09-01-2026 14:10||NIFTY27JAN2624700PE,0.1225712154800415
09-01-2026 14:10||NIFTY27JAN2625300CE,0.1135312453043368
09-01-2026 14:10||NIFTY27JAN2626300CE,0.0969755438520998
09-01-2026 14:10||NIFTY27JAN2626400CE,0.0984561498134226
09-01-2026 14:10||NIFTY27JAN2626500CE,0.1006872107738452
09-01-2026 14:15||NIFTY27JAN2625500CE,0.1053110536109542
09-01-2026 14:20||NIFTY27JAN2624100PE,0.1562943076476202
09-01-2026 14:20||NIFTY27JAN2624300PE,0.1442234678967402
09-01-2026 14:20||NIFTY27JAN2624400PE,0.138339815515974
09-01-2026 14:20||NIFTY27JAN2625000PE,0.110412275679204
09-01-2026 14:20||NIFTY27JAN2625200CE,0.115777337535146
09-01-2026 14:20||NIFTY27JAN2625400CE,0.1088880889727583
09-01-2026 14:20||NIFTY27JAN2625900CE,0.097498669853433
09-01-2026 14:25||NIFTY27JAN2624100PE,0.1571005141479879
09-01-2026 14:25||NIFTY27JAN2624200PE,0.1505780682556672
09-01-2026 14:25||NIFTY27JAN2624300PE,0.14434256306874
09-01-2026 14:25||NIFTY27JAN2625100PE,0.1074034019432961
09-01-2026 14:25||NIFTY27JAN2625300CE,0.1108537603821453
09-01-2026 14:25||NIFTY27JAN2625600CE,0.1002924816630859
09-01-2026 14:30||NIFTY27JAN2624000PE,0.162359386056238
09-01-2026 14:30||NIFTY27JAN2624200PE,0.1486377169678423
09-01-2026 14:30||NIFTY27JAN2625900CE,0.1005165889000956
09-01-2026 14:30||NIFTY27JAN2626300CE,0.0990451404831489
09-01-2026 14:35||NIFTY27JAN2624200PE,0.1496791890640461
09-01-2026 14:35||NIFTY27JAN2624300PE,0.1433070507966016
09-01-2026 14:35||NIFTY27JAN2624600PE,0.1268677690963944
09-01-2026 14:35||NIFTY27JAN2625800CE,0.1001214268097925
09-01-2026 14:40||NIFTY27JAN2623800PE,0.1731089395619216
09-01-2026 14:40||NIFTY27JAN2625200CE,0.124420201369606
09-01-2026 14:40||NIFTY27JAN2625600CE,0.1067103719595259
09-01-2026 14:40||NIFTY27JAN2625900CE,0.0998154553441068
09-01-2026 14:40||NIFTY27JAN2626100CE,0.0980598715560177
09-01-2026 14:40||NIFTY27JAN2626400CE,0.1000422456997114
09-01-2026 14:45||NIFTY27JAN2624500PE,0.1323687312596568
09-01-2026 14:45||NIFTY27JAN2624600PE,0.1269662467408139
09-01-2026 14:45||NIFTY27JAN2625300CE,0.1150149992809623
09-01-2026 14:45||NIFTY27JAN2625600CE,0.1044401225631546
09-01-2026 14:50||NIFTY27JAN2623900PE,0.1686242996936711
09-01-2026 14:50||NIFTY27JAN2626000CE,0.0973191982227632
09-01-2026 14:50||NIFTY27JAN2626300CE,0.097853634489212
09-01-2026 14:55||NIFTY27JAN2623900PE,0.1681964079082303
09-01-2026 14:55||NIFTY27JAN2624000PE,0.1631193862234532
09-01-2026 14:55||NIFTY27JAN2624800PE,0.1174275074093191
09-01-2026 14:55||NIFTY27JAN2625600CE,0.1028462843113473
09-01-2026 14:55||NIFTY27JAN2625900CE,0.0972742126979469
09-01-2026 15:00||NIFTY27JAN2624000PE,0.1625875884283429
09-01-2026 15:00||NIFTY27JAN2624300PE,0.1437653624529327
09-01-2026 15:00||NIFTY27JAN2625400CE,0.1130045916931763
09-01-2026 15:00||NIFTY27JAN2625600CE,0.1053864218208993
09-01-2026 15:00||NIFTY27JAN2625700CE,0.1025177304631341
09-01-2026 15:00||NIFTY27JAN2625800CE,0.1001744622030464
09-01-2026 15:00||NIFTY27JAN2626500CE,0.1013559188670889
09-01-2026 15:05||NIFTY27JAN2624200PE,0.1502763296697025
09-01-2026 15:05||NIFTY27JAN2624300PE,0.1435872688257893
09-01-2026 15:05||NIFTY27JAN2625000PE,0.1081859155628581
09-01-2026 15:05||NIFTY27JAN2625100PE,0.103225836969977
09-01-2026 15:05||NIFTY27JAN2625600CE,0.105227285064636
09-01-2026 15:05||NIFTY27JAN2626500CE,0.101050532174117
09-01-2026 15:10||NIFTY27JAN2623800PE,0.1734167647931701
09-01-2026 15:10||NIFTY27JAN2624000PE,0.1627623759609
09-01-2026 15:10||NIFTY27JAN2624600PE,0.1269358647857892
09-01-2026 15:10||NIFTY27JAN2625000PE,0.1093747722664684
09-01-2026 15:10||NIFTY27JAN2625100PE,0.104688313231481
09-01-2026 15:10||NIFTY27JAN2625200CE,0.119489509132789
09-01-2026 15:10||NIFTY27JAN2626200CE,0.0967981928275634
09-01-2026 15:15||NIFTY27JAN2624200PE,0.1515177097214763
09-01-2026 15:15||NIFTY27JAN2624300PE,0.1446644870085807
09-01-2026 15:15||NIFTY27JAN2624500PE,0.133178471198617
09-01-2026 15:15||NIFTY27JAN2624700PE,0.1231117188940675
09-01-2026 15:15||NIFTY27JAN2624900PE,0.1146226402879992
09-01-2026 15:15||NIFTY27JAN2625200CE,0.1148233519448691
09-01-2026 15:15||NIFTY27JAN2625900CE,0.0964946902547865
09-01-2026 15:15||NIFTY27JAN2626000CE,0.0955691313921072
09-01-2026 15:20||NIFTY27JAN2623800PE,0.173831885067711
09-01-2026 15:20||NIFTY27JAN2624700PE,0.1237843093308423
09-01-2026 15:20||NIFTY27JAN2625100PE,0.1071766119427408
09-01-2026 15:20||NIFTY27JAN2625200CE,0.1231341603423175
09-01-2026 15:20||NIFTY27JAN2625300CE,0.1188189242358035
09-01-2026 15:20||NIFTY27JAN2625600CE,0.1047183720717015
09-01-2026 15:20||NIFTY27JAN2625800CE,0.1003597302783738
09-01-2026 15:20||NIFTY27JAN2626100CE,0.0972354940091797
09-01-2026 15:25||NIFTY27JAN2624100PE,0.1584891057308455
09-01-2026 15:25||NIFTY27JAN2624200PE,0.1521050224762179
09-01-2026 15:25||NIFTY27JAN2624400PE,0.1403669709470323
09-01-2026 15:25||NIFTY27JAN2625500CE,0.116616961225695
09-01-2026 15:25||NIFTY27JAN2626000CE,0.1017446933314332
09-01-2026 15:25||NIFTY27JAN2626100CE,0.1003206476547049
12-01-2026 09:15||NIFTY27JAN2624000PE,0.1763197634944102
12-01-2026 09:15||NIFTY27JAN2624900PE,0.124911850506626
12-01-2026 09:15||NIFTY27JAN2625200CE,0.1159655508721968
12-01-2026 09:15||NIFTY27JAN2626000CE,0.1022333455258568
12-01-2026 09:15||NIFTY27JAN2626100CE,0.102213501566716
12-01-2026 09:20||NIFTY27JAN2624200PE,0.1629838936300673
12-01-2026 09:20||NIFTY27JAN2624600PE,0.1383942576816181
12-01-2026 09:20||NIFTY27JAN2624800PE,0.1286566434912011
12-01-2026 09:20||NIFTY27JAN2625000PE,0.1192133321684476
12-01-2026 09:20||NIFTY27JAN2625100PE,0.1144765315731906
12-01-2026 09:20||NIFTY27JAN2625200CE,0.126871822735854
12-01-2026 09:20||NIFTY27JAN2625600CE,0.1131141403369788
12-01-2026 09:20||NIFTY27JAN2625800CE,0.1097258557112255
12-01-2026 09:25||NIFTY27JAN2624700PE,0.1316026902363418
12-01-2026 09:25||NIFTY27JAN2625800CE,0.1139420681315819
12-01-2026 09:25||NIFTY27JAN2626200CE,0.1081081106163956
12-01-2026 09:30||NIFTY27JAN2623900PE,0.1773405620769392
12-01-2026 09:30||NIFTY27JAN2624000PE,0.1745003575859844
12-01-2026 09:30||NIFTY27JAN2624400PE,0.1486858298372215
12-01-2026 09:30||NIFTY27JAN2625200CE,0.1409173909804018
12-01-2026 09:30||NIFTY27JAN2625600CE,0.1232209149101493
12-01-2026 09:30||NIFTY27JAN2625800CE,0.1168382250017074
12-01-2026 09:30||NIFTY27JAN2626000CE,0.1138303807578715
12-01-2026 09:35||NIFTY27JAN2623900PE,0.1762468978270268
12-01-2026 09:35||NIFTY27JAN2624500PE,0.1425201418725166
12-01-2026 09:35||NIFTY27JAN2624600PE,0.1368547591298048
12-01-2026 09:35||NIFTY27JAN2624700PE,0.1309388002244063
12-01-2026 09:35||NIFTY27JAN2625000PE,0.1167898289113633
12-01-2026 09:35||NIFTY27JAN2625700CE,0.1170501513200328
12-01-2026 09:35||NIFTY27JAN2625800CE,0.1146632124939728
12-01-2026 09:35||NIFTY27JAN2625900CE,0.1130475524882079
12-01-2026 09:35||NIFTY27JAN2626200CE,0.1080127629488068
12-01-2026 09:35||NIFTY27JAN2626500CE,0.1197194346898697
12-01-2026 09:40||NIFTY27JAN2623900PE,0.1771385308646826
12-01-2026 09:40||NIFTY27JAN2624600PE,0.1390660928811762
12-01-2026 09:40||NIFTY27JAN2624700PE,0.1324318961672643
12-01-2026 09:40||NIFTY27JAN2625200CE,0.1340436489784835
12-01-2026 09:40||NIFTY27JAN2625400CE,0.1240286862371604
12-01-2026 09:45||NIFTY27JAN2623900PE,0.1776080134323895
12-01-2026 09:45||NIFTY27JAN2624800PE,0.1259217778572408
12-01-2026 09:45||NIFTY27JAN2625000PE,0.1157458343840849
12-01-2026 09:45||NIFTY27JAN2626400CE,0.1174852544095692
12-01-2026 09:45||NIFTY27JAN2626500CE,0.1194463014108535
12-01-2026 09:50||NIFTY27JAN2625000PE,0.1191863160305573
12-01-2026 09:50||NIFTY27JAN2625400CE,0.1264509908465214
12-01-2026 09:50||NIFTY27JAN2625900CE,0.1115442356991955
12-01-2026 09:50||NIFTY27JAN2626000CE,0.1101883882077636
12-01-2026 09:55||NIFTY27JAN2623800PE,0.1854617780838865
12-01-2026 09:55||NIFTY27JAN2625000PE,0.1202995337262153
12-01-2026 09:55||NIFTY27JAN2625100PE,0.1150285509911404
12-01-2026 09:55||NIFTY27JAN2625400CE,0.1163842444026634
12-01-2026 09:55||NIFTY27JAN2625700CE,0.1089955587949162
12-01-2026 09:55||NIFTY27JAN2625900CE,0.106706655924416
12-01-2026 09:55||NIFTY27JAN2626200CE,0.108116791251529
12-01-2026 09:55||NIFTY27JAN2626400CE,0.1081266347422875
12-01-2026 10:00||NIFTY27JAN2624800PE,0.1249512751632853
12-01-2026 10:00||NIFTY27JAN2625200CE,0.1363102378523244
12-01-2026 10:00||NIFTY27JAN2625700CE,0.1194684484820562
12-01-2026 10:00||NIFTY27JAN2626100CE,0.11270358957848
12-01-2026 10:00||NIFTY27JAN2626200CE,0.1130220039326985
12-01-2026 10:05||NIFTY27JAN2623900PE,0.1793307393086914
12-01-2026 10:05||NIFTY27JAN2624300PE,0.1575012403838771
12-01-2026 10:05||NIFTY27JAN2624600PE,0.1399010057332645
12-01-2026 10:05||NIFTY27JAN2624700PE,0.1385368577522046
12-01-2026 10:05||NIFTY27JAN2624800PE,0.1287536791711288
12-01-2026 10:05||NIFTY27JAN2625100PE,0.1139481628851148
12-01-2026 10:10||NIFTY27JAN2624000PE,0.1747038665717406
12-01-2026 10:10||NIFTY27JAN2624100PE,0.1687934889972773
12-01-2026 10:10||NIFTY27JAN2624900PE,0.1242075317584241
12-01-2026 10:10||NIFTY27JAN2625600CE,0.1159576420042363
12-01-2026 10:10||NIFTY27JAN2626300CE,0.1128108633477324
12-01-2026 10:10||NIFTY27JAN2626400CE,0.114844887271829
12-01-2026 10:15||NIFTY27JAN2623800PE,0.1834434410952681
12-01-2026 10:15||NIFTY27JAN2624500PE,0.1419347600287865
12-01-2026 10:15||NIFTY27JAN2624800PE,0.1245805081191591
12-01-2026 10:15||NIFTY27JAN2625000PE,0.1145228205095234
12-01-2026 10:15||NIFTY27JAN2625100PE,0.1099238511539208
12-01-2026 10:15||NIFTY27JAN2626200CE,0.1128912226249525
12-01-2026 10:15||NIFTY27JAN2626400CE,0.1157301595737365
12-01-2026 10:15||NIFTY27JAN2626500CE,0.1184830084999042
12-01-2026 10:20||NIFTY27JAN2624200PE,0.1635569542796124
12-01-2026 10:20||NIFTY27JAN2624800PE,0.1277158231438475
12-01-2026 10:20||NIFTY27JAN2624900PE,0.1238712735063076
12-01-2026 10:20||NIFTY27JAN2625200CE,0.1334316278297542
12-01-2026 10:20||NIFTY27JAN2626500CE,0.1161560217461215
12-01-2026 10:25||NIFTY27JAN2623800PE,0.1847854096324628
12-01-2026 10:25||NIFTY27JAN2624300PE,0.1562045228850772
12-01-2026 10:25||NIFTY27JAN2624400PE,0.1500993755439053
12-01-2026 10:25||NIFTY27JAN2624900PE,0.1226416371324763
12-01-2026 10:25||NIFTY27JAN2625200CE,0.1399130400317574
12-01-2026 10:25||NIFTY27JAN2625800CE,0.1129158686116831
12-01-2026 10:25||NIFTY27JAN2625900CE,0.1108718618761877
12-01-2026 10:25||NIFTY27JAN2626000CE,0.1096921339843284
12-01-2026 10:30||NIFTY27JAN2624500PE,0.1450497616261481
12-01-2026 10:30||NIFTY27JAN2625200CE,0.1307023293710933
12-01-2026 10:30||NIFTY27JAN2625800CE,0.1089149814646539
12-01-2026 10:30||NIFTY27JAN2626200CE,0.1077182365091751
12-01-2026 10:35||NIFTY27JAN2624600PE,0.137610967715168
12-01-2026 10:35||NIFTY27JAN2625400CE,0.1237111555262266
12-01-2026 10:35||NIFTY27JAN2625700CE,0.1130300401215791
12-01-2026 10:35||NIFTY27JAN2626400CE,0.1134264392085988
12-01-2026 10:40||NIFTY27JAN2625000PE,0.1169335225611245
12-01-2026 10:40||NIFTY27JAN2625100PE,0.1127251030524911
12-01-2026 10:40||NIFTY27JAN2625300CE,0.1301420748506316
12-01-2026 10:40||NIFTY27JAN2625400CE,0.1235378959658248
12-01-2026 10:40||NIFTY27JAN2625500CE,0.1182918697934383
12-01-2026 10:40||NIFTY27JAN2626400CE,0.1130629222862751
12-01-2026 10:45||NIFTY27JAN2624400PE,0.1489868719488036
12-01-2026 10:45||NIFTY27JAN2625000PE,0.1157795459349326
12-01-2026 10:45||NIFTY27JAN2626000CE,0.1099370787799003
12-01-2026 10:45||NIFTY27JAN2626200CE,0.1106311099122869
12-01-2026 10:45||NIFTY27JAN2626300CE,0.1125833629382029
12-01-2026 10:50||NIFTY27JAN2623900PE,0.1798301073154159
12-01-2026 10:50||NIFTY27JAN2624900PE,0.1247376515197373
12-01-2026 10:50||NIFTY27JAN2625500CE,0.1113771030779737
12-01-2026 10:50||NIFTY27JAN2625600CE,0.1097941261440382
12-01-2026 10:50||NIFTY27JAN2626200CE,0.105989924035299
12-01-2026 10:55||NIFTY27JAN2624000PE,0.1750158553109435
12-01-2026 10:55||NIFTY27JAN2624300PE,0.1561757315945149
12-01-2026 10:55||NIFTY27JAN2624400PE,0.1498267682190892
12-01-2026 10:55||NIFTY27JAN2624900PE,0.1209560735382258
12-01-2026 10:55||NIFTY27JAN2625100PE,0.1138089182757831
12-01-2026 10:55||NIFTY27JAN2625500CE,0.1166481061064175
12-01-2026 10:55||NIFTY27JAN2626200CE,0.108279248713206
12-01-2026 10:55||NIFTY27JAN2626400CE,0.1129697352612773
12-01-2026 11:00||NIFTY27JAN2623800PE,0.1844647068901181
12-01-2026 11:00||NIFTY27JAN2624000PE,0.1745800604468783
12-01-2026 11:00||NIFTY27JAN2624500PE,0.1424046081339636
12-01-2026 11:00||NIFTY27JAN2624800PE,0.1260486229123465
12-01-2026 11:00||NIFTY27JAN2624900PE,0.1201661486111884
12-01-2026 11:00||NIFTY27JAN2625000PE,0.1169192782100108
12-01-2026 11:00||NIFTY27JAN2625200CE,0.1319438314734782
12-01-2026 11:00||NIFTY27JAN2625400CE,0.1220721133678885
12-01-2026 11:00||NIFTY27JAN2625600CE,0.1150642460594895
12-01-2026 11:00||NIFTY27JAN2626000CE,0.1083426335860942
12-01-2026 11:00||NIFTY27JAN2626300CE,0.1115602074550743
12-01-2026 11:05||NIFTY27JAN2624100PE,0.1671171816579164
12-01-2026 11:05||NIFTY27JAN2624700PE,0.1295728705617982
12-01-2026 11:05||NIFTY27JAN2625200CE,0.1336928334483076
12-01-2026 11:05||NIFTY27JAN2625500CE,0.1191696471901053
12-01-2026 11:05||NIFTY27JAN2625600CE,0.1157359202697492
12-01-2026 11:05||NIFTY27JAN2625700CE,0.1132374635423865
12-01-2026 11:10||NIFTY27JAN2624400PE,0.1489254666482047
12-01-2026 11:10||NIFTY27JAN2624500PE,0.1425707511354055
12-01-2026 11:10||NIFTY27JAN2625200CE,0.1285085708886484
12-01-2026 11:10||NIFTY27JAN2625800CE,0.1086967454870659
12-01-2026 11:10||NIFTY27JAN2626000CE,0.1067203905154308
12-01-2026 11:15||NIFTY27JAN2625400CE,0.1182826983119618
12-01-2026 11:15||NIFTY27JAN2625700CE,0.1109737117312441
12-01-2026 11:15||NIFTY27JAN2625800CE,0.1089877240382257
12-01-2026 11:20||NIFTY27JAN2624800PE,0.1245965708529723
12-01-2026 11:20||NIFTY27JAN2626400CE,0.1164678722009924
12-01-2026 11:25||NIFTY27JAN2623800PE,0.181922586125288
12-01-2026 11:25||NIFTY27JAN2624200PE,0.157434246089128
12-01-2026 11:25||NIFTY27JAN2624300PE,0.1513361141987115
12-01-2026 11:25||NIFTY27JAN2624700PE,0.1282547461380048
12-01-2026 11:25||NIFTY27JAN2625400CE,0.1204461206271787
12-01-2026 11:30||NIFTY27JAN2623900PE,0.1758297555197927
12-01-2026 11:30||NIFTY27JAN2624000PE,0.1709552221457855
12-01-2026 11:35||NIFTY27JAN2624200PE,0.1570715860171452
12-01-2026 11:35||NIFTY27JAN2624400PE,0.1450119687594586
12-01-2026 11:35||NIFTY27JAN2624700PE,0.1281229988673597
12-01-2026 11:35||NIFTY27JAN2624900PE,0.1190037156959231
12-01-2026 11:35||NIFTY27JAN2625300CE,0.1248908569474167
12-01-2026 11:35||NIFTY27JAN2625600CE,0.115013857668405
12-01-2026 11:35||NIFTY27JAN2625800CE,0.1113291560340741
12-01-2026 11:40||NIFTY27JAN2624300PE,0.1517123301244973
12-01-2026 11:40||NIFTY27JAN2624400PE,0.1455978492289595
12-01-2026 11:40||NIFTY27JAN2625000PE,0.1160955545188748
12-01-2026 11:40||NIFTY27JAN2625200CE,0.128500583694322
12-01-2026 11:40||NIFTY27JAN2625300CE,0.1239906125362715
12-01-2026 11:50||NIFTY27JAN2624700PE,0.1279843747933782
12-01-2026 11:50||NIFTY27JAN2625600CE,0.1154154048299673
12-01-2026 11:50||NIFTY27JAN2625800CE,0.1118028813593241
12-01-2026 11:50||NIFTY27JAN2625900CE,0.1105900881083279
12-01-2026 11:55||NIFTY27JAN2624000PE,0.170206906068747
12-01-2026 11:55||NIFTY27JAN2624900PE,0.1184986246072252
12-01-2026 11:55||NIFTY27JAN2625100PE,0.1111344325719887
12-01-2026 11:55||NIFTY27JAN2625700CE,0.1136446226980218
12-01-2026 11:55||NIFTY27JAN2626000CE,0.1106657836587849
12-01-2026 11:55||NIFTY27JAN2626500CE,0.1217559190869508
12-01-2026 12:00||NIFTY27JAN2624100PE,0.1632186582128811
12-01-2026 12:00||NIFTY27JAN2624900PE,0.1185799364474871
12-01-2026 12:00||NIFTY27JAN2625100PE,0.1116257380616332
12-01-2026 12:00||NIFTY27JAN2625900CE,0.1098905312460196
12-01-2026 12:05||NIFTY27JAN2624000PE,0.1702393735076457
12-01-2026 12:05||NIFTY27JAN2624900PE,0.1173313666899282
12-01-2026 12:05||NIFTY27JAN2625500CE,0.1188804262196541
12-01-2026 12:05||NIFTY27JAN2625800CE,0.111900562431817
12-01-2026 12:05||NIFTY27JAN2626000CE,0.1102460692155631
12-01-2026 12:10||NIFTY27JAN2623800PE,0.1825192738084977
12-01-2026 12:10||NIFTY27JAN2624200PE,0.156352872467715
12-01-2026 12:10||NIFTY27JAN2624700PE,0.1243179044303488
12-01-2026 12:10||NIFTY27JAN2624800PE,0.1192061475084305
12-01-2026 12:10||NIFTY27JAN2625000PE,0.108879491125041
12-01-2026 12:10||NIFTY27JAN2625800CE,0.1197213104549845
12-01-2026 12:15||NIFTY27JAN2625100PE,0.1091783992519683
12-01-2026 12:15||NIFTY27JAN2625900CE,0.1139278228129647
12-01-2026 12:15||NIFTY27JAN2626200CE,0.1126159899698464
12-01-2026 12:20||NIFTY27JAN2624400PE,0.1489948348989904
12-01-2026 12:20||NIFTY27JAN2624700PE,0.130239447265021
12-01-2026 12:20||NIFTY27JAN2625100PE,0.1102331427310145
12-01-2026 12:20||NIFTY27JAN2625300CE,0.1416609627020406
12-01-2026 12:20||NIFTY27JAN2625500CE,0.1326297006946006
12-01-2026 12:20||NIFTY27JAN2626400CE,0.1171007331141744
12-01-2026 12:25||NIFTY27JAN2624800PE,0.1293673468359149
12-01-2026 12:25||NIFTY27JAN2625200CE,0.1306629655300728
12-01-2026 12:25||NIFTY27JAN2626300CE,0.1119732560114172
12-01-2026 12:30||NIFTY27JAN2623800PE,0.1861769353872202
12-01-2026 12:30||NIFTY27JAN2624800PE,0.1298818894488356
12-01-2026 12:30||NIFTY27JAN2624900PE,0.1251805774772449
12-01-2026 12:30||NIFTY27JAN2625500CE,0.1334842023670681
12-01-2026 12:30||NIFTY27JAN2625700CE,0.124666932381146
12-01-2026 12:30||NIFTY27JAN2626500CE,0.1189811702307821
12-01-2026 12:35||NIFTY27JAN2624300PE,0.1623614084258782
12-01-2026 12:35||NIFTY27JAN2624600PE,0.1437952189072433
12-01-2026 12:35||NIFTY27JAN2624900PE,0.1291873812608202
12-01-2026 12:35||NIFTY27JAN2625100PE,0.1192626895517108
12-01-2026 12:35||NIFTY27JAN2626000CE,0.1101002766584109
12-01-2026 12:35||NIFTY27JAN2626300CE,0.110937649422091
12-01-2026 12:40||NIFTY27JAN2624300PE,0.159141438109196
12-01-2026 12:40||NIFTY27JAN2624400PE,0.1524413310059706
12-01-2026 12:40||NIFTY27JAN2624500PE,0.1460027301778605
12-01-2026 12:40||NIFTY27JAN2625000PE,0.1198272519722287
12-01-2026 12:40||NIFTY27JAN2625300CE,0.1432931895790403
12-01-2026 12:40||NIFTY27JAN2625500CE,0.1375538728031138
12-01-2026 12:40||NIFTY27JAN2626000CE,0.1193239952440379
12-01-2026 12:40||NIFTY27JAN2626200CE,0.1173254883260916
12-01-2026 12:45||NIFTY27JAN2624300PE,0.1646804000866315
12-01-2026 12:45||NIFTY27JAN2624500PE,0.1521197541674057
12-01-2026 12:45||NIFTY27JAN2624800PE,0.1341517416663062
12-01-2026 12:45||NIFTY27JAN2625000PE,0.1259514975882778
12-01-2026 12:45||NIFTY27JAN2625300CE,0.1287577347153927
12-01-2026 12:45||NIFTY27JAN2625700CE,0.1135860618260125
12-01-2026 12:45||NIFTY27JAN2625800CE,0.1113944514882554
12-01-2026 12:45||NIFTY27JAN2626000CE,0.1091134895128647
12-01-2026 12:45||NIFTY27JAN2626200CE,0.1091139968624759
12-01-2026 12:45||NIFTY27JAN2626400CE,0.1112881498732889
12-01-2026 12:50||NIFTY27JAN2624500PE,0.1509271732810937
12-01-2026 12:50||NIFTY27JAN2625300CE,0.1366799749251868
12-01-2026 12:50||NIFTY27JAN2625800CE,0.1187620740711707
12-01-2026 12:55||NIFTY27JAN2624500PE,0.1509621056718124
12-01-2026 12:55||NIFTY27JAN2624600PE,0.1438586817898617
12-01-2026 12:55||NIFTY27JAN2624700PE,0.1393808085618717
12-01-2026 12:55||NIFTY27JAN2625000PE,0.1247660972421345
12-01-2026 12:55||NIFTY27JAN2625400CE,0.1300393398124129
12-01-2026 12:55||NIFTY27JAN2625900CE,0.112779891936853
12-01-2026 12:55||NIFTY27JAN2626200CE,0.1109726535463799
12-01-2026 13:00||NIFTY27JAN2624200PE,0.1676279693357418
12-01-2026 13:00||NIFTY27JAN2624500PE,0.1497190057290867
12-01-2026 13:00||NIFTY27JAN2624600PE,0.1434758998782532
12-01-2026 13:00||NIFTY27JAN2625500CE,0.1274013915040326
12-01-2026 13:00||NIFTY27JAN2626000CE,0.1146255477828912
12-01-2026 13:00||NIFTY27JAN2626100CE,0.1136195515105882
12-01-2026 13:00||NIFTY27JAN2626300CE,0.1131526946214158
12-01-2026 13:00||NIFTY27JAN2626500CE,0.1147202139681269
12-01-2026 13:05||NIFTY27JAN2623900PE,0.1841952933931569
12-01-2026 13:05||NIFTY27JAN2624200PE,0.1682351633749252
12-01-2026 13:05||NIFTY27JAN2624500PE,0.1495036639843014
12-01-2026 13:05||NIFTY27JAN2624900PE,0.1278273827800946
12-01-2026 13:05||NIFTY27JAN2625300CE,0.1403258633450121
12-01-2026 13:05||NIFTY27JAN2625500CE,0.1304563984486932
12-01-2026 13:05||NIFTY27JAN2626400CE,0.114720400876827
12-01-2026 13:10||NIFTY27JAN2624700PE,0.1382065257730156
12-01-2026 13:10||NIFTY27JAN2624800PE,0.1323424454751096
12-01-2026 13:10||NIFTY27JAN2626400CE,0.1128730988994064
12-01-2026 13:15||NIFTY27JAN2623800PE,0.1879965865208479
12-01-2026 13:15||NIFTY27JAN2624500PE,0.1514236964901156
12-01-2026 13:15||NIFTY27JAN2624700PE,0.1400349087304651
12-01-2026 13:15||NIFTY27JAN2624800PE,0.1341794486344394
12-01-2026 13:15||NIFTY27JAN2625100PE,0.122002804118301
12-01-2026 13:15||NIFTY27JAN2625500CE,0.1165823937627301
12-01-2026 13:15||NIFTY27JAN2625800CE,0.1094479210642234
12-01-2026 13:15||NIFTY27JAN2626100CE,0.1068073896064518
12-01-2026 13:15||NIFTY27JAN2626300CE,0.1078422639388776
12-01-2026 13:15||NIFTY27JAN2626400CE,0.1091508089071346
12-01-2026 13:20||NIFTY27JAN2624200PE,0.1672872564015726
12-01-2026 13:20||NIFTY27JAN2624300PE,0.1612538896063853
12-01-2026 13:20||NIFTY27JAN2625000PE,0.1236013766514529
12-01-2026 13:20||NIFTY27JAN2625200CE,0.1408798391287256
12-01-2026 13:20||NIFTY27JAN2625500CE,0.125858807988628
12-01-2026 13:20||NIFTY27JAN2626200CE,0.1109718395151411
12-01-2026 13:20||NIFTY27JAN2626500CE,0.1149150185689968
12-01-2026 13:25||NIFTY27JAN2624300PE,0.1623050068036726
12-01-2026 13:25||NIFTY27JAN2624500PE,0.1511303821276364
12-01-2026 13:25||NIFTY27JAN2624600PE,0.1436620830890191
12-01-2026 13:25||NIFTY27JAN2624800PE,0.1345282429361445
12-01-2026 13:25||NIFTY27JAN2625500CE,0.1165163594948275
12-01-2026 13:25||NIFTY27JAN2625800CE,0.1097510647425465
12-01-2026 13:25||NIFTY27JAN2626000CE,0.1074896119406396
12-01-2026 13:25||NIFTY27JAN2626400CE,0.1096949927015416
12-01-2026 13:25||NIFTY27JAN2626500CE,0.1114878402476975
12-01-2026 13:30||NIFTY27JAN2623900PE,0.1832354802104172
12-01-2026 13:30||NIFTY27JAN2624400PE,0.1544360782168821
12-01-2026 13:30||NIFTY27JAN2624800PE,0.1308305824694251
12-01-2026 13:30||NIFTY27JAN2624900PE,0.1258921564199333
12-01-2026 13:30||NIFTY27JAN2625100PE,0.1159647244404755
12-01-2026 13:30||NIFTY27JAN2625300CE,0.1486950115952652
12-01-2026 13:30||NIFTY27JAN2625500CE,0.1371821894321705
12-01-2026 13:30||NIFTY27JAN2625600CE,0.1320483983489389
12-01-2026 13:30||NIFTY27JAN2625700CE,0.1270432769613982
12-01-2026 13:35||NIFTY27JAN2624700PE,0.1401224255776796
12-01-2026 13:35||NIFTY27JAN2624900PE,0.1297211305758292
12-01-2026 13:35||NIFTY27JAN2625500CE,0.1199476676682671
12-01-2026 13:35||NIFTY27JAN2625600CE,0.1173670751870226
12-01-2026 13:35||NIFTY27JAN2625900CE,0.1107023813341907
12-01-2026 13:40||NIFTY27JAN2623900PE,0.1856607341222149
12-01-2026 13:40||NIFTY27JAN2624000PE,0.1808214537464618
12-01-2026 13:40||NIFTY27JAN2624100PE,0.1751695922154348
12-01-2026 13:40||NIFTY27JAN2624800PE,0.1345466979181457
12-01-2026 13:40||NIFTY27JAN2624900PE,0.1300861652392511
12-01-2026 13:40||NIFTY27JAN2625200CE,0.1424117950845627
12-01-2026 13:40||NIFTY27JAN2625400CE,0.1263505196766985
12-01-2026 13:40||NIFTY27JAN2626100CE,0.1072213647219335
12-01-2026 13:40||NIFTY27JAN2626200CE,0.1071378785068901
12-01-2026 13:45||NIFTY27JAN2623800PE,0.1922721624314567
12-01-2026 13:45||NIFTY27JAN2623900PE,0.186984883022049
12-01-2026 13:45||NIFTY27JAN2624600PE,0.1433550397399265
12-01-2026 13:45||NIFTY27JAN2625100PE,0.1199717139984937
12-01-2026 13:50||NIFTY27JAN2624200PE,0.1696864776781423
12-01-2026 13:50||NIFTY27JAN2625200CE,0.1426258487454248
12-01-2026 13:50||NIFTY27JAN2625300CE,0.1360065184471466
12-01-2026 13:50||NIFTY27JAN2625400CE,0.1305565573149465
12-01-2026 13:50||NIFTY27JAN2626200CE,0.1089362907311759
12-01-2026 13:55||NIFTY27JAN2623800PE,0.1934154531957679
12-01-2026 13:55||NIFTY27JAN2624000PE,0.1829864342075153
12-01-2026 13:55||NIFTY27JAN2624100PE,0.1766687860522187
12-01-2026 13:55||NIFTY27JAN2624700PE,0.1400004447284857
12-01-2026 13:55||NIFTY27JAN2624900PE,0.1297585104271865
12-01-2026 13:55||NIFTY27JAN2626100CE,0.1076520092852817
12-01-2026 13:55||NIFTY27JAN2626400CE,0.1092443590783638
12-01-2026 14:00||NIFTY27JAN2624000PE,0.1817994823239245
12-01-2026 14:00||NIFTY27JAN2624400PE,0.1581709307209426
12-01-2026 14:00||NIFTY27JAN2624500PE,0.1521163028346701
12-01-2026 14:00||NIFTY27JAN2624600PE,0.1441613462846307
12-01-2026 14:00||NIFTY27JAN2625000PE,0.1245499524065465
12-01-2026 14:00||NIFTY27JAN2625400CE,0.1223367166174806
12-01-2026 14:00||NIFTY27JAN2625600CE,0.1164115858684855
12-01-2026 14:00||NIFTY27JAN2625700CE,0.1130862259792024
12-01-2026 14:00||NIFTY27JAN2626300CE,0.1078470694930047
12-01-2026 14:00||NIFTY27JAN2626400CE,0.1092582119952396
12-01-2026 14:05||NIFTY27JAN2624400PE,0.157177245554676
12-01-2026 14:05||NIFTY27JAN2624600PE,0.1434700248580451
12-01-2026 14:05||NIFTY27JAN2624800PE,0.1330071351862187
12-01-2026 14:05||NIFTY27JAN2625800CE,0.1152184269189646
12-01-2026 14:05||NIFTY27JAN2626000CE,0.1107714697616337
12-01-2026 14:05||NIFTY27JAN2626200CE,0.1090869621289378
12-01-2026 14:05||NIFTY27JAN2626400CE,0.1094284096459929
12-01-2026 14:05||NIFTY27JAN2626500CE,0.1096717751554283
12-01-2026 14:10||NIFTY27JAN2624100PE,0.176544103904144
12-01-2026 14:10||NIFTY27JAN2624600PE,0.1443958221933949
12-01-2026 14:10||NIFTY27JAN2624800PE,0.1346981584589448
12-01-2026 14:10||NIFTY27JAN2625200CE,0.136868559262254
12-01-2026 14:10||NIFTY27JAN2625500CE,0.1169924502400618
12-01-2026 14:10||NIFTY27JAN2626400CE,0.1076584955059694
12-01-2026 14:15||NIFTY27JAN2624100PE,0.1753311726277027
12-01-2026 14:15||NIFTY27JAN2624200PE,0.1691340179937452
12-01-2026 14:15||NIFTY27JAN2624900PE,0.1284372399216344
12-01-2026 14:15||NIFTY27JAN2625800CE,0.1122150667892682
12-01-2026 14:20||NIFTY27JAN2624400PE,0.1565428673704074
12-01-2026 14:20||NIFTY27JAN2624500PE,0.1503851868592716
12-01-2026 14:20||NIFTY27JAN2624600PE,0.1421978162551322
12-01-2026 14:20||NIFTY27JAN2625000PE,0.1213959016213985
12-01-2026 14:20||NIFTY27JAN2625200CE,0.1479940523534963
12-01-2026 14:20||NIFTY27JAN2625700CE,0.1228227445671983
12-01-2026 14:20||NIFTY27JAN2626200CE,0.1113604341971523
12-01-2026 14:20||NIFTY27JAN2626500CE,0.1131741877909107
12-01-2026 14:25||NIFTY27JAN2623900PE,0.1865470670491731
12-01-2026 14:25||NIFTY27JAN2624200PE,0.1709365505504587
12-01-2026 14:25||NIFTY27JAN2624500PE,0.1530235691937513
12-01-2026 14:25||NIFTY27JAN2624600PE,0.1444799667206666
12-01-2026 14:25||NIFTY27JAN2626300CE,0.1064108415103888
12-01-2026 14:25||NIFTY27JAN2626500CE,0.1090865155472933
12-01-2026 14:30||NIFTY27JAN2623900PE,0.1864116133522486
12-01-2026 14:30||NIFTY27JAN2624200PE,0.1709447389891392
12-01-2026 14:30||NIFTY27JAN2625200CE,0.124060123708654
12-01-2026 14:30||NIFTY27JAN2625700CE,0.1087764270566076
12-01-2026 14:30||NIFTY27JAN2626200CE,0.1045871312115629
12-01-2026 14:35||NIFTY27JAN2624500PE,0.1491608343403725
12-01-2026 14:35||NIFTY27JAN2625100PE,0.1158841589550983
12-01-2026 14:35||NIFTY27JAN2625900CE,0.116096373604801
12-01-2026 14:35||NIFTY27JAN2626000CE,0.1139973915236325
12-01-2026 14:35||NIFTY27JAN2626100CE,0.1122776942144874
12-01-2026 14:35||NIFTY27JAN2626400CE,0.1119517438791994
12-01-2026 14:35||NIFTY27JAN2626500CE,0.1128890446009016
12-01-2026 14:40||NIFTY27JAN2624100PE,0.1763082952032754
12-01-2026 14:40||NIFTY27JAN2624300PE,0.1631448628143754
12-01-2026 14:40||NIFTY27JAN2624500PE,0.1518770768730437
12-01-2026 14:40||NIFTY27JAN2625100PE,0.119054221584447
12-01-2026 14:40||NIFTY27JAN2625300CE,0.1336637471095798
12-01-2026 14:40||NIFTY27JAN2625600CE,0.1186587204207469
12-01-2026 14:40||NIFTY27JAN2626400CE,0.1091617758362488
12-01-2026 14:45||NIFTY27JAN2624000PE,0.1823969077782783
12-01-2026 14:45||NIFTY27JAN2624600PE,0.1448592396658501
12-01-2026 14:45||NIFTY27JAN2625000PE,0.1248383812996829
12-01-2026 14:45||NIFTY27JAN2625300CE,0.1269632156849915
12-01-2026 14:45||NIFTY27JAN2625500CE,0.1180773253781701
12-01-2026 14:45||NIFTY27JAN2626000CE,0.1067553399848897
12-01-2026 14:45||NIFTY27JAN2626100CE,0.1060479501616136
12-01-2026 14:45||NIFTY27JAN2626200CE,0.1056956815206078
12-01-2026 14:45||NIFTY27JAN2626500CE,0.1086559538765179
12-01-2026 14:50||NIFTY27JAN2624000PE,0.1825934889272777
12-01-2026 14:50||NIFTY27JAN2624400PE,0.1581202555738041
12-01-2026 14:50||NIFTY27JAN2624800PE,0.1338856789640532
12-01-2026 14:50||NIFTY27JAN2625100PE,0.1185350705755121
12-01-2026 14:50||NIFTY27JAN2625600CE,0.1214538821287014
12-01-2026 14:50||NIFTY27JAN2626000CE,0.109371713442524
12-01-2026 14:50||NIFTY27JAN2626300CE,0.1069863116515499
12-01-2026 14:50||NIFTY27JAN2626400CE,0.1079724199096787
12-01-2026 14:55||NIFTY27JAN2624300PE,0.1636558721921241
12-01-2026 14:55||NIFTY27JAN2624500PE,0.1521916731255932
12-01-2026 14:55||NIFTY27JAN2624700PE,0.1396943322147894
12-01-2026 14:55||NIFTY27JAN2624900PE,0.129136481407408
12-01-2026 14:55||NIFTY27JAN2625100PE,0.1195261811658143
12-01-2026 14:55||NIFTY27JAN2626200CE,0.1071196209355775
12-01-2026 15:00||NIFTY27JAN2623800PE,0.1942008341175434
12-01-2026 15:00||NIFTY27JAN2623900PE,0.1878036564099154
12-01-2026 15:00||NIFTY27JAN2624300PE,0.1634688682716394
12-01-2026 15:00||NIFTY27JAN2624700PE,0.1395431545080896
12-01-2026 15:00||NIFTY27JAN2624800PE,0.134221629130625
12-01-2026 15:00||NIFTY27JAN2626000CE,0.1079386545840286
12-01-2026 15:00||NIFTY27JAN2626100CE,0.1065382839844666
12-01-2026 15:05||NIFTY27JAN2623800PE,0.1921887555657515
12-01-2026 15:05||NIFTY27JAN2624200PE,0.1717653044416609
12-01-2026 15:05||NIFTY27JAN2624300PE,0.1642853866911195
12-01-2026 15:05||NIFTY27JAN2624900PE,0.1298930442386883
12-01-2026 15:05||NIFTY27JAN2625900CE,0.1073554535536658
12-01-2026 15:05||NIFTY27JAN2626200CE,0.1046157935222673
12-01-2026 15:10||NIFTY27JAN2624000PE,0.1831583065326369
12-01-2026 15:10||NIFTY27JAN2624500PE,0.1530387907836368
12-01-2026 15:10||NIFTY27JAN2624600PE,0.1442651615315338
12-01-2026 15:10||NIFTY27JAN2625200CE,0.1321281635270565
12-01-2026 15:10||NIFTY27JAN2625600CE,0.1132611900935458
12-01-2026 15:10||NIFTY27JAN2625900CE,0.1061364091761625
12-01-2026 15:10||NIFTY27JAN2626200CE,0.1031455130976155
12-01-2026 15:10||NIFTY27JAN2626300CE,0.1035827986793869
12-01-2026 15:10||NIFTY27JAN2626400CE,0.1047090575911831
12-01-2026 15:15||NIFTY27JAN2623900PE,0.1890762487235595
12-01-2026 15:15||NIFTY27JAN2624000PE,0.1849470545349945
12-01-2026 15:15||NIFTY27JAN2624500PE,0.1536563448168451
12-01-2026 15:15||NIFTY27JAN2624900PE,0.1296776396275865
12-01-2026 15:15||NIFTY27JAN2625200CE,0.1377203970556912
12-01-2026 15:15||NIFTY27JAN2625400CE,0.1283168711895079
12-01-2026 15:15||NIFTY27JAN2625500CE,0.1225037768102481
12-01-2026 15:20||NIFTY27JAN2624100PE,0.1805105174681196
12-01-2026 15:20||NIFTY27JAN2624200PE,0.1742552866851859
12-01-2026 15:20||NIFTY27JAN2624400PE,0.1615101760991655
12-01-2026 15:20||NIFTY27JAN2624500PE,0.1550568132743746
12-01-2026 15:20||NIFTY27JAN2625000PE,0.1244528310295161
12-01-2026 15:20||NIFTY27JAN2625200CE,0.1368071313884939
12-01-2026 15:20||NIFTY27JAN2625300CE,0.1340013865663358
12-01-2026 15:20||NIFTY27JAN2626200CE,0.1046602393581928
12-01-2026 15:20||NIFTY27JAN2626300CE,0.1046723985321591
12-01-2026 15:25||NIFTY27JAN2624200PE,0.1741335171706772
12-01-2026 15:25||NIFTY27JAN2624600PE,0.1468945650924227
12-01-2026 15:25||NIFTY27JAN2625400CE,0.1175937901361798
12-01-2026 15:25||NIFTY27JAN2625500CE,0.1146879121283781
12-01-2026 15:25||NIFTY27JAN2625700CE,0.1084360023603423
13-01-2026 09:15||NIFTY27JAN2624000PE,0.1899322392615792
13-01-2026 09:15||NIFTY27JAN2624700PE,0.1444394107048632
13-01-2026 09:15||NIFTY27JAN2625500CE,0.1004227431067315
13-01-2026 09:15||NIFTY27JAN2625600CE,0.0995987731371648
13-01-2026 09:15||NIFTY27JAN2625800CE,0.0984271442336899
13-01-2026 09:15||NIFTY27JAN2625900CE,0.0976701753472086
13-01-2026 09:15||NIFTY27JAN2626100CE,0.0973298387394718
13-01-2026 09:20||NIFTY27JAN2623800PE,0.1980164812435045
13-01-2026 09:20||NIFTY27JAN2624500PE,0.1560907338589876
13-01-2026 09:20||NIFTY27JAN2624600PE,0.1485073856349616
13-01-2026 09:20||NIFTY27JAN2624800PE,0.1369653178754699
13-01-2026 09:25||NIFTY27JAN2623800PE,0.1972353192607943
13-01-2026 09:25||NIFTY27JAN2624200PE,0.1763778229910322
13-01-2026 09:25||NIFTY27JAN2624400PE,0.1650190119595143
13-01-2026 09:25||NIFTY27JAN2624600PE,0.1512123094141975
13-01-2026 09:25||NIFTY27JAN2624800PE,0.1429803086345682
13-01-2026 09:25||NIFTY27JAN2625300CE,0.0863812977370681
13-01-2026 09:25||NIFTY27JAN2625500CE,0.0833583387192149
13-01-2026 09:30||NIFTY27JAN2624500PE,0.1552676154906684
13-01-2026 09:30||NIFTY27JAN2625300CE,0.1049274199907532
13-01-2026 09:30||NIFTY27JAN2625500CE,0.0980058618881445
13-01-2026 09:30||NIFTY27JAN2625700CE,0.0990138443496389
13-01-2026 09:30||NIFTY27JAN2626000CE,0.0999791223948931
13-01-2026 09:30||NIFTY27JAN2626200CE,0.1012448834635115
13-01-2026 09:35||NIFTY27JAN2624000PE,0.1860882318111123
13-01-2026 09:35||NIFTY27JAN2625000PE,0.1258703703634385
13-01-2026 09:35||NIFTY27JAN2625300CE,0.1153929083059779
13-01-2026 09:35||NIFTY27JAN2625700CE,0.1077815993808748
13-01-2026 09:35||NIFTY27JAN2625800CE,0.1066496686196138
13-01-2026 09:40||NIFTY27JAN2625200CE,0.1204967726027224
13-01-2026 09:40||NIFTY27JAN2625400CE,0.1136302164698239
13-01-2026 09:40||NIFTY27JAN2625600CE,0.110692177237972
13-01-2026 09:45||NIFTY27JAN2623800PE,0.1942360468557076
13-01-2026 09:45||NIFTY27JAN2624500PE,0.1533486261991967
13-01-2026 09:45||NIFTY27JAN2625400CE,0.1009903200148265
13-01-2026 09:45||NIFTY27JAN2625800CE,0.0986139504670386
13-01-2026 09:45||NIFTY27JAN2625900CE,0.0989487578565633
13-01-2026 09:50||NIFTY27JAN2623900PE,0.1910717112271548
13-01-2026 09:50||NIFTY27JAN2624500PE,0.1532799440369157
13-01-2026 09:50||NIFTY27JAN2624600PE,0.1463133840491055
13-01-2026 09:50||NIFTY27JAN2625000PE,0.1251536753071294
13-01-2026 09:50||NIFTY27JAN2625100PE,0.1193232441101326
13-01-2026 09:50||NIFTY27JAN2626300CE,0.1054409816296431
13-01-2026 09:55||NIFTY27JAN2624100PE,0.1783328192677622
13-01-2026 09:55||NIFTY27JAN2624200PE,0.1712990132144405
13-01-2026 09:55||NIFTY27JAN2624300PE,0.1645993686840441
13-01-2026 09:55||NIFTY27JAN2624700PE,0.1411206924011603
13-01-2026 09:55||NIFTY27JAN2625600CE,0.1042776394867304
13-01-2026 10:00||NIFTY27JAN2624200PE,0.1693035002350447
13-01-2026 10:00||NIFTY27JAN2626300CE,0.1117051011784049
13-01-2026 10:00||NIFTY27JAN2626500CE,0.1148334377479649
13-01-2026 10:05||NIFTY27JAN2624000PE,0.1823414723045213
13-01-2026 10:05||NIFTY27JAN2624800PE,0.1341631641675036
13-01-2026 10:05||NIFTY27JAN2626400CE,0.1096346524568545
13-01-2026 10:10||NIFTY27JAN2624100PE,0.1795085791800383
13-01-2026 10:10||NIFTY27JAN2624200PE,0.1726728229410632
13-01-2026 10:10||NIFTY27JAN2624500PE,0.153852793040131
13-01-2026 10:10||NIFTY27JAN2624700PE,0.1419302729073832
13-01-2026 10:10||NIFTY27JAN2625100PE,0.1236769422554573
13-01-2026 10:10||NIFTY27JAN2625800CE,0.1012334597124757
13-01-2026 10:15||NIFTY27JAN2624500PE,0.1529384072465687
13-01-2026 10:15||NIFTY27JAN2624800PE,0.1359477301306118
13-01-2026 10:15||NIFTY27JAN2624900PE,0.1312780203995718
13-01-2026 10:15||NIFTY27JAN2625100PE,0.1224122381470724
13-01-2026 10:15||NIFTY27JAN2625800CE,0.1021131325437618
13-01-2026 10:20||NIFTY27JAN2623900PE,0.1907847733705387
13-01-2026 10:20||NIFTY27JAN2624100PE,0.1784856773000553
13-01-2026 10:20||NIFTY27JAN2625300CE,0.1192145719359523
13-01-2026 10:20||NIFTY27JAN2625700CE,0.1061748322879481
13-01-2026 10:20||NIFTY27JAN2626500CE,0.1086938608780947
13-01-2026 10:25||NIFTY27JAN2623900PE,0.1913619960879538
13-01-2026 10:25||NIFTY27JAN2624200PE,0.1724688196810238
13-01-2026 10:25||NIFTY27JAN2624500PE,0.15192252652687
13-01-2026 10:25||NIFTY27JAN2624700PE,0.1390228744983481
13-01-2026 10:25||NIFTY27JAN2625100PE,0.1180137011999917
13-01-2026 10:25||NIFTY27JAN2625700CE,0.1150176920453809
13-01-2026 10:30||NIFTY27JAN2623800PE,0.1962029574853294
13-01-2026 10:30||NIFTY27JAN2624400PE,0.1617846965808134
13-01-2026 10:30||NIFTY27JAN2624600PE,0.1478609822993766
13-01-2026 10:30||NIFTY27JAN2624700PE,0.1428981539790301
13-01-2026 10:30||NIFTY27JAN2624900PE,0.1318557733087875
13-01-2026 10:30||NIFTY27JAN2625300CE,0.1207779300337748
13-01-2026 10:30||NIFTY27JAN2625900CE,0.1017218376236215
13-01-2026 10:30||NIFTY27JAN2626000CE,0.1007181922836402
13-01-2026 10:30||NIFTY27JAN2626100CE,0.1005280409329394
13-01-2026 10:30||NIFTY27JAN2626400CE,0.1033170013384996
13-01-2026 10:35||NIFTY27JAN2623800PE,0.2005499650039315
13-01-2026 10:35||NIFTY27JAN2623900PE,0.1942557850646773
13-01-2026 10:35||NIFTY27JAN2624300PE,0.1676394216783174
13-01-2026 10:35||NIFTY27JAN2624600PE,0.1482501486045659
13-01-2026 10:35||NIFTY27JAN2625000PE,0.1267406618173279
13-01-2026 10:35||NIFTY27JAN2626000CE,0.101590596890011
13-01-2026 10:35||NIFTY27JAN2626100CE,0.1015229426408144
13-01-2026 10:40||NIFTY27JAN2623900PE,0.1917889374670149
13-01-2026 10:40||NIFTY27JAN2624000PE,0.1866460706818165
13-01-2026 10:40||NIFTY27JAN2624400PE,0.1603344568016478
13-01-2026 10:40||NIFTY27JAN2624500PE,0.1541753174605151
13-01-2026 10:40||NIFTY27JAN2624800PE,0.1363102291993447
13-01-2026 10:40||NIFTY27JAN2626300CE,0.1036913682412681
13-01-2026 10:45||NIFTY27JAN2623900PE,0.1906290656425521
13-01-2026 10:45||NIFTY27JAN2624900PE,0.1286228733597765
13-01-2026 10:45||NIFTY27JAN2625200CE,0.1228798884206376
13-01-2026 10:45||NIFTY27JAN2625600CE,0.1094523630263877
13-01-2026 10:50||NIFTY27JAN2624900PE,0.1311207298330741
13-01-2026 10:50||NIFTY27JAN2625000PE,0.1264464894305206
13-01-2026 10:50||NIFTY27JAN2625500CE,0.1073844663166987
13-01-2026 10:50||NIFTY27JAN2625600CE,0.1033584725030252
13-01-2026 10:50||NIFTY27JAN2625700CE,0.1002917870922424
13-01-2026 10:50||NIFTY27JAN2625900CE,0.0979188772969266
13-01-2026 10:55||NIFTY27JAN2624300PE,0.1634941486094829
13-01-2026 10:55||NIFTY27JAN2624400PE,0.1570586111938396
13-01-2026 10:55||NIFTY27JAN2625200CE,0.1321111601989493
13-01-2026 10:55||NIFTY27JAN2625700CE,0.1101706939815265
13-01-2026 10:55||NIFTY27JAN2626400CE,0.1063886647545153
13-01-2026 11:00||NIFTY27JAN2623900PE,0.1901960156370854
13-01-2026 11:00||NIFTY27JAN2624200PE,0.1712532570975113
13-01-2026 11:00||NIFTY27JAN2625000PE,0.1246150536161518
13-01-2026 11:00||NIFTY27JAN2625700CE,0.1028273052284163
13-01-2026 11:00||NIFTY27JAN2625800CE,0.1017376423689686
13-01-2026 11:00||NIFTY27JAN2626400CE,0.103512160959573
13-01-2026 11:05||NIFTY27JAN2624100PE,0.1763412884460833
13-01-2026 11:05||NIFTY27JAN2624800PE,0.1325973097016985
13-01-2026 11:05||NIFTY27JAN2625100PE,0.1181970231291691
13-01-2026 11:05||NIFTY27JAN2625800CE,0.1092479490975062
13-01-2026 11:10||NIFTY27JAN2623900PE,0.1897389531676916
13-01-2026 11:10||NIFTY27JAN2624800PE,0.1330661867902081
13-01-2026 11:10||NIFTY27JAN2624900PE,0.1266598502870914
13-01-2026 11:10||NIFTY27JAN2625000PE,0.1202391608207058
13-01-2026 11:10||NIFTY27JAN2625100PE,0.1137391833692584
13-01-2026 11:10||NIFTY27JAN2625900CE,0.1031522342535637
13-01-2026 11:10||NIFTY27JAN2626400CE,0.10362080388599
13-01-2026 11:15||NIFTY27JAN2624500PE,0.1509920702107416
13-01-2026 11:15||NIFTY27JAN2625100PE,0.1195552429559647
13-01-2026 11:15||NIFTY27JAN2625200CE,0.118242856800018
13-01-2026 11:15||NIFTY27JAN2625300CE,0.1156256833919719
13-01-2026 11:20||NIFTY27JAN2624900PE,0.128266139512756
13-01-2026 11:20||NIFTY27JAN2626100CE,0.1011502455004276
13-01-2026 11:25||NIFTY27JAN2624000PE,0.1828742503281528
13-01-2026 11:25||NIFTY27JAN2624500PE,0.1499974740415721
13-01-2026 11:25||NIFTY27JAN2624800PE,0.13225534987094
13-01-2026 11:25||NIFTY27JAN2625600CE,0.1114531472965936
13-01-2026 11:25||NIFTY27JAN2626000CE,0.1029786727210115
13-01-2026 11:25||NIFTY27JAN2626200CE,0.1018573579747119
13-01-2026 11:25||NIFTY27JAN2626400CE,0.103451036756212
13-01-2026 11:30||NIFTY27JAN2625100PE,0.1175508311082209
13-01-2026 11:30||NIFTY27JAN2625500CE,0.1151574044341678
13-01-2026 11:30||NIFTY27JAN2625800CE,0.1079218921486084
13-01-2026 11:30||NIFTY27JAN2625900CE,0.1056920793608995
13-01-2026 11:35||NIFTY27JAN2623800PE,0.1971439327401087
13-01-2026 11:35||NIFTY27JAN2623900PE,0.1916241131030105
13-01-2026 11:35||NIFTY27JAN2624100PE,0.1776358379061138
13-01-2026 11:35||NIFTY27JAN2624900PE,0.1291828711165958
13-01-2026 11:35||NIFTY27JAN2625300CE,0.1129650565656099
13-01-2026 11:35||NIFTY27JAN2626000CE,0.0996311981367341
13-01-2026 11:35||NIFTY27JAN2626300CE,0.0999621135918342
13-01-2026 11:35||NIFTY27JAN2626500CE,0.1028511859045018
13-01-2026 11:40||NIFTY27JAN2623800PE,0.192959598571167
13-01-2026 11:40||NIFTY27JAN2624500PE,0.1516853937792994
13-01-2026 11:40||NIFTY27JAN2624900PE,0.1299202097414866
13-01-2026 11:40||NIFTY27JAN2625300CE,0.1048994927999755
13-01-2026 11:40||NIFTY27JAN2625400CE,0.0974839856252671
13-01-2026 11:45||NIFTY27JAN2623800PE,0.1932621869121398
13-01-2026 11:45||NIFTY27JAN2625000PE,0.1223154341473833
13-01-2026 11:45||NIFTY27JAN2625400CE,0.1119189356417891
13-01-2026 11:45||NIFTY27JAN2625800CE,0.1044422594813223
13-01-2026 11:45||NIFTY27JAN2626200CE,0.1013284278614676
13-01-2026 11:45||NIFTY27JAN2626300CE,0.1022384018092736
13-01-2026 11:45||NIFTY27JAN2626400CE,0.1035692325675761
13-01-2026 11:50||NIFTY27JAN2624000PE,0.1813687866371194
13-01-2026 11:50||NIFTY27JAN2624300PE,0.1625850835151734
13-01-2026 11:50||NIFTY27JAN2625100PE,0.1197875755205526
13-01-2026 11:50||NIFTY27JAN2626200CE,0.0985155579867917
13-01-2026 11:50||NIFTY27JAN2626300CE,0.0995822639203307
13-01-2026 11:55||NIFTY27JAN2624300PE,0.1607480107055909
13-01-2026 11:55||NIFTY27JAN2624800PE,0.131576653920928
13-01-2026 11:55||NIFTY27JAN2625000PE,0.1222241186487202
13-01-2026 11:55||NIFTY27JAN2625400CE,0.1107079969656439
13-01-2026 11:55||NIFTY27JAN2625500CE,0.1090053720546819
13-01-2026 12:00||NIFTY27JAN2624500PE,0.147726872661531
13-01-2026 12:00||NIFTY27JAN2625000PE,0.1213146581923894
13-01-2026 12:00||NIFTY27JAN2625900CE,0.1023858615173498
13-01-2026 12:05||NIFTY27JAN2623800PE,0.1924199141542297
13-01-2026 12:05||NIFTY27JAN2624500PE,0.1466617255423257
13-01-2026 12:05||NIFTY27JAN2624700PE,0.1344985906594775
13-01-2026 12:05||NIFTY27JAN2625000PE,0.1199031768098972
13-01-2026 12:05||NIFTY27JAN2625300CE,0.1136153329475604
13-01-2026 12:05||NIFTY27JAN2625800CE,0.1050617316204807
13-01-2026 12:10||NIFTY27JAN2624500PE,0.1481392386629467
13-01-2026 12:10||NIFTY27JAN2625000PE,0.1227331669899012
13-01-2026 12:10||NIFTY27JAN2625200CE,0.1137436440363401
13-01-2026 12:10||NIFTY27JAN2625500CE,0.1006472832640437
13-01-2026 12:10||NIFTY27JAN2625600CE,0.1006705083018584
13-01-2026 12:15||NIFTY27JAN2624200PE,0.1653750095606887
13-01-2026 12:15||NIFTY27JAN2624300PE,0.1587488797814886
13-01-2026 12:15||NIFTY27JAN2625300CE,0.1136044785827437
13-01-2026 12:15||NIFTY27JAN2625800CE,0.1066236249818484
13-01-2026 12:15||NIFTY27JAN2626500CE,0.1080147002392291
13-01-2026 12:20||NIFTY27JAN2624100PE,0.1713769398793321
13-01-2026 12:20||NIFTY27JAN2624700PE,0.1361025491767886
13-01-2026 12:20||NIFTY27JAN2625100PE,0.1179009874189098
13-01-2026 12:20||NIFTY27JAN2625700CE,0.1020901584266624
13-01-2026 12:25||NIFTY27JAN2623800PE,0.187550868625304
13-01-2026 12:25||NIFTY27JAN2624200PE,0.1641954493655415
13-01-2026 12:25||NIFTY27JAN2624300PE,0.1575087163500148
13-01-2026 12:25||NIFTY27JAN2624500PE,0.1450596165720385
13-01-2026 12:25||NIFTY27JAN2625700CE,0.1108579451125972
13-01-2026 12:30||NIFTY27JAN2623900PE,0.1827702887968083
13-01-2026 12:30||NIFTY27JAN2624000PE,0.177303310409135
13-01-2026 12:30||NIFTY27JAN2624100PE,0.1707614012363354
13-01-2026 12:30||NIFTY27JAN2624400PE,0.153126629951485
13-01-2026 12:30||NIFTY27JAN2624700PE,0.1355307556051981
13-01-2026 12:30||NIFTY27JAN2624900PE,0.1258707537700427
13-01-2026 12:30||NIFTY27JAN2626000CE,0.10045467721595
13-01-2026 12:30||NIFTY27JAN2626400CE,0.1047484712747817
13-01-2026 12:35||NIFTY27JAN2624200PE,0.1635303461277066
13-01-2026 12:35||NIFTY27JAN2624300PE,0.1578473832853157
13-01-2026 12:35||NIFTY27JAN2624600PE,0.1403058246992308
13-01-2026 12:35||NIFTY27JAN2624800PE,0.1293844932886614
13-01-2026 12:35||NIFTY27JAN2625100PE,0.1143434727564143
13-01-2026 12:35||NIFTY27JAN2625900CE,0.1028540105559994
13-01-2026 12:35||NIFTY27JAN2626100CE,0.1026905291747866
13-01-2026 12:35||NIFTY27JAN2626400CE,0.1059102618817107
13-01-2026 12:40||NIFTY27JAN2624100PE,0.1696402586404382
13-01-2026 12:40||NIFTY27JAN2624300PE,0.1574821055206143
13-01-2026 12:40||NIFTY27JAN2624600PE,0.1404221581984686
13-01-2026 12:40||NIFTY27JAN2624700PE,0.1347692731856478
13-01-2026 12:40||NIFTY27JAN2625100PE,0.1166748852314514
13-01-2026 12:40||NIFTY27JAN2626500CE,0.1076307594930714
13-01-2026 12:45||NIFTY27JAN2625300CE,0.1017309001250863
13-01-2026 12:45||NIFTY27JAN2626200CE,0.1015687021113702
13-01-2026 12:50||NIFTY27JAN2623900PE,0.1808786074305037
13-01-2026 12:50||NIFTY27JAN2624100PE,0.1692925798757656
13-01-2026 12:50||NIFTY27JAN2624600PE,0.1399984772273219
13-01-2026 12:50||NIFTY27JAN2625400CE,0.1065009377423411
13-01-2026 12:50||NIFTY27JAN2625500CE,0.1052752997847292
13-01-2026 12:55||NIFTY27JAN2624000PE,0.1746775698556373
13-01-2026 12:55||NIFTY27JAN2624300PE,0.1569987923305182
13-01-2026 12:55||NIFTY27JAN2624500PE,0.1456564633910071
13-01-2026 12:55||NIFTY27JAN2624700PE,0.1344879895045512
13-01-2026 12:55||NIFTY27JAN2625000PE,0.1209659615446012
13-01-2026 12:55||NIFTY27JAN2625100PE,0.1165712482267977
13-01-2026 12:55||NIFTY27JAN2625300CE,0.1125289735856931
13-01-2026 12:55||NIFTY27JAN2625500CE,0.1066812866505948
13-01-2026 12:55||NIFTY27JAN2626200CE,0.1044132869701606
13-01-2026 12:55||NIFTY27JAN2626400CE,0.1082363639624972
13-01-2026 12:55||NIFTY27JAN2626500CE,0.1115379766056499
13-01-2026 13:00||NIFTY27JAN2624000PE,0.1748282797820053
13-01-2026 13:00||NIFTY27JAN2624600PE,0.1393550782977888
13-01-2026 13:00||NIFTY27JAN2624700PE,0.1335856675247786
13-01-2026 13:00||NIFTY27JAN2626400CE,0.1092243133603538
13-01-2026 13:05||NIFTY27JAN2624000PE,0.1753265311054628
13-01-2026 13:05||NIFTY27JAN2624600PE,0.1384645797860706
13-01-2026 13:05||NIFTY27JAN2625200CE,0.1207465720512885
13-01-2026 13:05||NIFTY27JAN2625700CE,0.1080119899402767
13-01-2026 13:05||NIFTY27JAN2626500CE,0.1142861942602913
13-01-2026 13:10||NIFTY27JAN2623900PE,0.1830414573343834
13-01-2026 13:10||NIFTY27JAN2624400PE,0.1522100006859119
13-01-2026 13:10||NIFTY27JAN2624500PE,0.1461763103476379
13-01-2026 13:10||NIFTY27JAN2624700PE,0.1348193422570442
13-01-2026 13:10||NIFTY27JAN2625000PE,0.1213590408637426
13-01-2026 13:10||NIFTY27JAN2625600CE,0.1041849544712185
13-01-2026 13:10||NIFTY27JAN2626000CE,0.1021869637766297
13-01-2026 13:10||NIFTY27JAN2626400CE,0.107769585297774
13-01-2026 13:10||NIFTY27JAN2626500CE,0.1103731103936951
13-01-2026 13:15||NIFTY27JAN2623800PE,0.1882007093516851
13-01-2026 13:15||NIFTY27JAN2624000PE,0.1765128193975043
13-01-2026 13:15||NIFTY27JAN2624100PE,0.1700901127901213
13-01-2026 13:15||NIFTY27JAN2624700PE,0.1341740606378216
13-01-2026 13:15||NIFTY27JAN2625000PE,0.120164314767349
13-01-2026 13:15||NIFTY27JAN2625800CE,0.1067619005177853
13-01-2026 13:15||NIFTY27JAN2626100CE,0.1060248782250354
13-01-2026 13:15||NIFTY27JAN2626200CE,0.1073476926167131
13-01-2026 13:15||NIFTY27JAN2626300CE,0.1088386921379083
13-01-2026 13:20||NIFTY27JAN2624300PE,0.1576433901667435
13-01-2026 13:20||NIFTY27JAN2624400PE,0.1518275270208988
13-01-2026 13:20||NIFTY27JAN2624800PE,0.1287668937935429
13-01-2026 13:20||NIFTY27JAN2625000PE,0.1198742812409978
13-01-2026 13:20||NIFTY27JAN2625300CE,0.1159592222518988
13-01-2026 13:20||NIFTY27JAN2625400CE,0.1125822504140039
13-01-2026 13:20||NIFTY27JAN2625900CE,0.1050309567185436
13-01-2026 13:20||NIFTY27JAN2626500CE,0.1128956182664886
13-01-2026 13:25||NIFTY27JAN2624000PE,0.1776310432338355
13-01-2026 13:25||NIFTY27JAN2624200PE,0.1648020093874702
13-01-2026 13:25||NIFTY27JAN2624300PE,0.1578927677363459
13-01-2026 13:25||NIFTY27JAN2624600PE,0.1398189200155579
13-01-2026 13:25||NIFTY27JAN2625600CE,0.1045833511176503
13-01-2026 13:25||NIFTY27JAN2626400CE,0.1089125825893795
13-01-2026 13:30||NIFTY27JAN2623800PE,0.1886307524220845
13-01-2026 13:30||NIFTY27JAN2624000PE,0.176714689372945
13-01-2026 13:30||NIFTY27JAN2624100PE,0.1699341792705606
13-01-2026 13:30||NIFTY27JAN2625500CE,0.1097188964541757
13-01-2026 13:35||NIFTY27JAN2624300PE,0.1588890878925806
13-01-2026 13:35||NIFTY27JAN2624800PE,0.1299392113000763
13-01-2026 13:35||NIFTY27JAN2625700CE,0.1019383440953074
13-01-2026 13:40||NIFTY27JAN2623800PE,0.1893200940539259
13-01-2026 13:40||NIFTY27JAN2624400PE,0.1494757754081757
13-01-2026 13:40||NIFTY27JAN2624500PE,0.1434731443921446
13-01-2026 13:40||NIFTY27JAN2625500CE,0.1113273336695899
13-01-2026 13:40||NIFTY27JAN2625700CE,0.1075961725122898
13-01-2026 13:40||NIFTY27JAN2625900CE,0.1050254048325847
13-01-2026 13:40||NIFTY27JAN2626100CE,0.1045362151477728
13-01-2026 13:45||NIFTY27JAN2624000PE,0.1766846153575461
13-01-2026 13:45||NIFTY27JAN2624100PE,0.1691153351155838
13-01-2026 13:45||NIFTY27JAN2625100PE,0.1164275982802554
13-01-2026 13:45||NIFTY27JAN2625300CE,0.1113471068495925
13-01-2026 13:45||NIFTY27JAN2625800CE,0.1014672178771753
13-01-2026 13:45||NIFTY27JAN2626000CE,0.1010176556887536
13-01-2026 13:50||NIFTY27JAN2624200PE,0.1623866960764246
13-01-2026 13:50||NIFTY27JAN2624400PE,0.1500159318862595
13-01-2026 13:50||NIFTY27JAN2624500PE,0.1436989729753115
13-01-2026 13:50||NIFTY27JAN2626000CE,0.1019829773572666
13-01-2026 13:55||NIFTY27JAN2624200PE,0.1621561771177528
13-01-2026 13:55||NIFTY27JAN2624300PE,0.1555311603929698
13-01-2026 13:55||NIFTY27JAN2625000PE,0.1189544145908509
13-01-2026 13:55||NIFTY27JAN2625500CE,0.1088212728172681
13-01-2026 13:55||NIFTY27JAN2626000CE,0.1032083483255448
13-01-2026 14:00||NIFTY27JAN2623900PE,0.1801141941537922
13-01-2026 14:00||NIFTY27JAN2624000PE,0.1745492089301183
13-01-2026 14:00||NIFTY27JAN2624100PE,0.1680343002895838
13-01-2026 14:00||NIFTY27JAN2624600PE,0.1386364277631937
13-01-2026 14:00||NIFTY27JAN2625300CE,0.1050305519617271
13-01-2026 14:00||NIFTY27JAN2625700CE,0.1015338699645216
13-01-2026 14:05||NIFTY27JAN2623900PE,0.1796866390471092
13-01-2026 14:05||NIFTY27JAN2624200PE,0.1613316374695967
13-01-2026 14:05||NIFTY27JAN2624500PE,0.1433766992076801
13-01-2026 14:05||NIFTY27JAN2625700CE,0.1042672270623281
13-01-2026 14:05||NIFTY27JAN2626300CE,0.1063538819191514
13-01-2026 14:05||NIFTY27JAN2626500CE,0.1125744066585738
13-01-2026 14:10||NIFTY27JAN2624300PE,0.1547171149383901
13-01-2026 14:10||NIFTY27JAN2624700PE,0.1320070709153231
13-01-2026 14:10||NIFTY27JAN2625200CE,0.1052456487708477
13-01-2026 14:10||NIFTY27JAN2625400CE,0.103157317103947
13-01-2026 14:10||NIFTY27JAN2626100CE,0.1011396066191281
13-01-2026 14:15||NIFTY27JAN2623800PE,0.1835187876573263
13-01-2026 14:15||NIFTY27JAN2624800PE,0.1252330610739083
13-01-2026 14:15||NIFTY27JAN2626200CE,0.1038994581952152
13-01-2026 14:20||NIFTY27JAN2624000PE,0.1718735626058967
13-01-2026 14:20||NIFTY27JAN2624400PE,0.1477759448351392
13-01-2026 14:20||NIFTY27JAN2624800PE,0.126696250587182
13-01-2026 14:20||NIFTY27JAN2624900PE,0.1223702439435339
13-01-2026 14:20||NIFTY27JAN2625200CE,0.109751227418819
13-01-2026 14:20||NIFTY27JAN2625800CE,0.0991381986866279
13-01-2026 14:25||NIFTY27JAN2624000PE,0.1712870204143142
13-01-2026 14:25||NIFTY27JAN2624100PE,0.1645163492707997
13-01-2026 14:25||NIFTY27JAN2624200PE,0.158387076315523
13-01-2026 14:25||NIFTY27JAN2624500PE,0.1414822085736791
13-01-2026 14:25||NIFTY27JAN2624600PE,0.1350841822981152
13-01-2026 14:25||NIFTY27JAN2625600CE,0.1031783695340156
13-01-2026 14:25||NIFTY27JAN2626000CE,0.1016021450783704
13-01-2026 14:25||NIFTY27JAN2626200CE,0.103961793597282
13-01-2026 14:30||NIFTY27JAN2624500PE,0.1398633151693546
13-01-2026 14:30||NIFTY27JAN2624600PE,0.1335408530093236
13-01-2026 14:30||NIFTY27JAN2624900PE,0.119031358330222
13-01-2026 14:30||NIFTY27JAN2625100PE,0.111178250509873
13-01-2026 14:30||NIFTY27JAN2625600CE,0.111161023321884
13-01-2026 14:35||NIFTY27JAN2623800PE,0.1820524649757979
13-01-2026 14:35||NIFTY27JAN2624200PE,0.1582428269622502
13-01-2026 14:35||NIFTY27JAN2625100PE,0.1113115293532285
13-01-2026 14:35||NIFTY27JAN2625400CE,0.1165794934180119
13-01-2026 14:35||NIFTY27JAN2626300CE,0.1074266414595257
13-01-2026 14:35||NIFTY27JAN2626500CE,0.1138799230440099
13-01-2026 14:40||NIFTY27JAN2624500PE,0.1418026823047844
13-01-2026 14:40||NIFTY27JAN2624600PE,0.1351503021342459
13-01-2026 14:40||NIFTY27JAN2624800PE,0.1245493967954018
13-01-2026 14:40||NIFTY27JAN2625300CE,0.1207717491605997
13-01-2026 14:40||NIFTY27JAN2625600CE,0.1110787452314951
13-01-2026 14:40||NIFTY27JAN2625800CE,0.1064527092341443
13-01-2026 14:45||NIFTY27JAN2625100PE,0.1140604572772971
13-01-2026 14:45||NIFTY27JAN2626000CE,0.1003441317083719
13-01-2026 14:45||NIFTY27JAN2626100CE,0.1003083838925675
13-01-2026 14:45||NIFTY27JAN2626500CE,0.1095711874124312
13-01-2026 14:50||NIFTY27JAN2624400PE,0.148427983522791
13-01-2026 14:50||NIFTY27JAN2624500PE,0.1419433418870914
13-01-2026 14:55||NIFTY27JAN2623800PE,0.1901096125508816
13-01-2026 14:55||NIFTY27JAN2623900PE,0.1827649742298511
13-01-2026 14:55||NIFTY27JAN2624100PE,0.169563222222564
13-01-2026 14:55||NIFTY27JAN2624400PE,0.1505182448275093
13-01-2026 14:55||NIFTY27JAN2624500PE,0.144257854368341
13-01-2026 14:55||NIFTY27JAN2624800PE,0.1276970802628145
13-01-2026 14:55||NIFTY27JAN2624900PE,0.1227806410603413
13-01-2026 14:55||NIFTY27JAN2625100PE,0.1140089398286736
13-01-2026 14:55||NIFTY27JAN2625700CE,0.1003837768050184
13-01-2026 14:55||NIFTY27JAN2625900CE,0.0983790377173523
13-01-2026 14:55||NIFTY27JAN2626400CE,0.1034098661200388
13-01-2026 15:00||NIFTY27JAN2623900PE,0.1837217382937463
13-01-2026 15:00||NIFTY27JAN2624500PE,0.147507868938872
13-01-2026 15:00||NIFTY27JAN2624600PE,0.1410084428628035
13-01-2026 15:00||NIFTY27JAN2625100PE,0.117481757736181
13-01-2026 15:00||NIFTY27JAN2625700CE,0.0883287956764125
13-01-2026 15:00||NIFTY27JAN2626200CE,0.0935026271798724
13-01-2026 15:05||NIFTY27JAN2624000PE,0.1746783533747682
13-01-2026 15:05||NIFTY27JAN2624500PE,0.142507324531107
13-01-2026 15:05||NIFTY27JAN2624900PE,0.1200528013534132
13-01-2026 15:05||NIFTY27JAN2625400CE,0.1149329694973673
13-01-2026 15:05||NIFTY27JAN2625700CE,0.1060596703777783
13-01-2026 15:05||NIFTY27JAN2625800CE,0.1036257239931117
13-01-2026 15:05||NIFTY27JAN2626000CE,0.1013129699631072
13-01-2026 15:05||NIFTY27JAN2626100CE,0.1007153910918638
13-01-2026 15:05||NIFTY27JAN2626500CE,0.1082766392078902
13-01-2026 15:10||NIFTY27JAN2624000PE,0.1770168850357524
13-01-2026 15:10||NIFTY27JAN2624200PE,0.1642418697946017
13-01-2026 15:10||NIFTY27JAN2624400PE,0.1516351170251333
13-01-2026 15:10||NIFTY27JAN2624900PE,0.1237309442712772
13-01-2026 15:10||NIFTY27JAN2625300CE,0.0959132231134871
13-01-2026 15:10||NIFTY27JAN2625600CE,0.0939205486066097
13-01-2026 15:10||NIFTY27JAN2626200CE,0.0951948077584141
13-01-2026 15:15||NIFTY27JAN2623800PE,0.1864989919891191
13-01-2026 15:15||NIFTY27JAN2624200PE,0.1649627003545091
13-01-2026 15:15||NIFTY27JAN2624600PE,0.1405248251504005
13-01-2026 15:15||NIFTY27JAN2624700PE,0.1349200860534916
13-01-2026 15:15||NIFTY27JAN2625700CE,0.0924441892609575
13-01-2026 15:15||NIFTY27JAN2626000CE,0.0923074592992794
13-01-2026 15:15||NIFTY27JAN2626300CE,0.0964063517186684
13-01-2026 15:15||NIFTY27JAN2626500CE,0.1029248255822832
13-01-2026 15:20||NIFTY27JAN2623900PE,0.182204704107026
13-01-2026 15:20||NIFTY27JAN2624300PE,0.1580808276237544
13-01-2026 15:20||NIFTY27JAN2624800PE,0.1281559805766736
13-01-2026 15:20||NIFTY27JAN2625300CE,0.1044607526390173
13-01-2026 15:20||NIFTY27JAN2625600CE,0.0984472623998549
13-01-2026 15:20||NIFTY27JAN2626200CE,0.0967701253284509
13-01-2026 15:25||NIFTY27JAN2624500PE,0.1461305860920836
13-01-2026 15:25||NIFTY27JAN2624700PE,0.1346822988848881
13-01-2026 15:25||NIFTY27JAN2624900PE,0.1244057891613277
13-01-2026 15:25||NIFTY27JAN2626000CE,0.0934242965448195
14-01-2026 09:15||NIFTY27JAN2624300PE,0.1621666636775489
14-01-2026 09:15||NIFTY27JAN2624400PE,0.1555836018966356
14-01-2026 09:15||NIFTY27JAN2625300CE,0.1299789156903159
14-01-2026 09:15||NIFTY27JAN2626100CE,0.1011937678687218
14-01-2026 09:15||NIFTY27JAN2626500CE,0.1122584025489672
14-01-2026 09:20||NIFTY27JAN2624100PE,0.1766373253032518
14-01-2026 09:25||NIFTY27JAN2624000PE,0.1834358837239615
14-01-2026 09:25||NIFTY27JAN2624200PE,0.1697995827714105
14-01-2026 09:25||NIFTY27JAN2624700PE,0.1365443019045038
14-01-2026 09:25||NIFTY27JAN2625300CE,0.1258342393000937
14-01-2026 09:25||NIFTY27JAN2626500CE,0.1101210121715468
14-01-2026 09:30||NIFTY27JAN2623800PE,0.196429532461877
14-01-2026 09:30||NIFTY27JAN2624000PE,0.1857565274681432
14-01-2026 09:30||NIFTY27JAN2624600PE,0.1461048363214336
14-01-2026 09:30||NIFTY27JAN2624700PE,0.1396965769759628
14-01-2026 09:30||NIFTY27JAN2626200CE,0.097562000593772
14-01-2026 09:30||NIFTY27JAN2626500CE,0.105984433151022
14-01-2026 09:35||NIFTY27JAN2624000PE,0.1846181827263558
14-01-2026 09:35||NIFTY27JAN2625500CE,0.1017891405200721
14-01-2026 09:35||NIFTY27JAN2626400CE,0.1028023466659213
14-01-2026 09:40||NIFTY27JAN2623800PE,0.1930186335764827
14-01-2026 09:40||NIFTY27JAN2624000PE,0.1829126762257389
14-01-2026 09:40||NIFTY27JAN2624200PE,0.1697179096838321
14-01-2026 09:40||NIFTY27JAN2624700PE,0.1373034674024813
14-01-2026 09:40||NIFTY27JAN2624800PE,0.1317207968880263
14-01-2026 09:40||NIFTY27JAN2625000PE,0.1207066353052761
14-01-2026 09:40||NIFTY27JAN2625500CE,0.1009757572895075
14-01-2026 09:40||NIFTY27JAN2625800CE,0.0969883508660096
14-01-2026 09:45||NIFTY27JAN2624300PE,0.1626520935385547
14-01-2026 09:45||NIFTY27JAN2624400PE,0.1559644220215887
14-01-2026 09:45||NIFTY27JAN2624500PE,0.1492514373147084
14-01-2026 09:45||NIFTY27JAN2624600PE,0.1420435654247809
14-01-2026 09:45||NIFTY27JAN2625400CE,0.1053779685372067
14-01-2026 09:50||NIFTY27JAN2623800PE,0.1929041701092626
14-01-2026 09:50||NIFTY27JAN2623900PE,0.1867584353229459
14-01-2026 09:50||NIFTY27JAN2624600PE,0.1408996891453418
14-01-2026 09:50||NIFTY27JAN2625200CE,0.1445413885616417
14-01-2026 09:50||NIFTY27JAN2625300CE,0.1359412002525317
14-01-2026 09:50||NIFTY27JAN2626400CE,0.1082787055101235
14-01-2026 09:55||NIFTY27JAN2624100PE,0.1789501328897258
14-01-2026 09:55||NIFTY27JAN2626000CE,0.0945139086611028
14-01-2026 10:00||NIFTY27JAN2624000PE,0.1824033992721672
14-01-2026 10:00||NIFTY27JAN2624400PE,0.1556363237278955
14-01-2026 10:00||NIFTY27JAN2625100PE,0.1152074740957846
14-01-2026 10:00||NIFTY27JAN2625500CE,0.1045525034488861
14-01-2026 10:00||NIFTY27JAN2626100CE,0.0965178918113984
14-01-2026 10:00||NIFTY27JAN2626500CE,0.1068917664638959
14-01-2026 10:05||NIFTY27JAN2624600PE,0.1418811192331572
14-01-2026 10:05||NIFTY27JAN2624800PE,0.1300024201889806
14-01-2026 10:05||NIFTY27JAN2625000PE,0.1191463498030493
14-01-2026 10:05||NIFTY27JAN2625300CE,0.1133769317976884
14-01-2026 10:05||NIFTY27JAN2625400CE,0.1090966494117786
14-01-2026 10:05||NIFTY27JAN2626200CE,0.0988335241729281
14-01-2026 10:05||NIFTY27JAN2626300CE,0.1008090170840354
14-01-2026 10:05||NIFTY27JAN2626400CE,0.103364301909135
14-01-2026 10:10||NIFTY27JAN2624000PE,0.180650778921745
14-01-2026 10:10||NIFTY27JAN2624200PE,0.1673049736303697
14-01-2026 10:10||NIFTY27JAN2624500PE,0.1479007738120019
14-01-2026 10:10||NIFTY27JAN2624600PE,0.1408305094695379
14-01-2026 10:10||NIFTY27JAN2625400CE,0.1101160899946158
14-01-2026 10:10||NIFTY27JAN2625600CE,0.1039720337511518
14-01-2026 10:10||NIFTY27JAN2626400CE,0.1045304426910078
14-01-2026 10:15||NIFTY27JAN2624100PE,0.1747111744883187
14-01-2026 10:15||NIFTY27JAN2625000PE,0.119646703679181
14-01-2026 10:15||NIFTY27JAN2625200CE,0.1011026611743899
14-01-2026 10:15||NIFTY27JAN2625600CE,0.0973388810713906
14-01-2026 10:15||NIFTY27JAN2625900CE,0.0956248021117414
14-01-2026 10:20||NIFTY27JAN2624200PE,0.1665121777541323
14-01-2026 10:20||NIFTY27JAN2624700PE,0.1337521235683167
14-01-2026 10:20||NIFTY27JAN2625000PE,0.1177094687550273
14-01-2026 10:20||NIFTY27JAN2625500CE,0.1017024026739985
14-01-2026 10:20||NIFTY27JAN2625600CE,0.0994695005726331
14-01-2026 10:20||NIFTY27JAN2625700CE,0.0979371402098632
14-01-2026 10:20||NIFTY27JAN2625800CE,0.0971229515886786
14-01-2026 10:25||NIFTY27JAN2623800PE,0.1890783914648106
14-01-2026 10:25||NIFTY27JAN2624300PE,0.1597629833743505
14-01-2026 10:25||NIFTY27JAN2625000PE,0.1176141828286709
14-01-2026 10:25||NIFTY27JAN2626100CE,0.0991121444007099
14-01-2026 10:25||NIFTY27JAN2626200CE,0.1003572418972744
14-01-2026 10:25||NIFTY27JAN2626400CE,0.1049850423969296
14-01-2026 10:30||NIFTY27JAN2623900PE,0.1839680826838456
14-01-2026 10:30||NIFTY27JAN2624000PE,0.1795521378574709
14-01-2026 10:30||NIFTY27JAN2624700PE,0.1333708554248831
14-01-2026 10:30||NIFTY27JAN2624800PE,0.1279453377334576
14-01-2026 10:30||NIFTY27JAN2625100PE,0.1123408541095383
14-01-2026 10:30||NIFTY27JAN2625200CE,0.1225265328597089
14-01-2026 10:30||NIFTY27JAN2626500CE,0.1098376668143537
14-01-2026 10:35||NIFTY27JAN2623900PE,0.186076745761744
14-01-2026 10:35||NIFTY27JAN2624400PE,0.1542653760013808
14-01-2026 10:35||NIFTY27JAN2625600CE,0.0989609823609694
14-01-2026 10:35||NIFTY27JAN2625700CE,0.097339707017463
14-01-2026 10:35||NIFTY27JAN2626300CE,0.1004269953797987
14-01-2026 10:40||NIFTY27JAN2623800PE,0.190424020091849
14-01-2026 10:40||NIFTY27JAN2624100PE,0.1735488638868312
14-01-2026 10:40||NIFTY27JAN2625300CE,0.105784111348349
14-01-2026 10:40||NIFTY27JAN2625600CE,0.0986121151106793
14-01-2026 10:40||NIFTY27JAN2626300CE,0.1004284355893965
14-01-2026 10:40||NIFTY27JAN2626500CE,0.107869734909233
14-01-2026 10:45||NIFTY27JAN2624000PE,0.1772193970705144
14-01-2026 10:45||NIFTY27JAN2624600PE,0.1378289455624113
14-01-2026 10:45||NIFTY27JAN2624800PE,0.1255634927528781
14-01-2026 10:45||NIFTY27JAN2625400CE,0.1198276027907567
14-01-2026 10:50||NIFTY27JAN2624000PE,0.1802407980616287
14-01-2026 10:50||NIFTY27JAN2624300PE,0.1606999774267805
14-01-2026 10:50||NIFTY27JAN2624800PE,0.1283974821325033
14-01-2026 10:50||NIFTY27JAN2625200CE,0.1167999820124059
14-01-2026 10:50||NIFTY27JAN2625400CE,0.1093502254362466
14-01-2026 10:50||NIFTY27JAN2625800CE,0.1000697151017036
14-01-2026 10:55||NIFTY27JAN2624600PE,0.140364911299625
14-01-2026 10:55||NIFTY27JAN2625000PE,0.1170815260857143
14-01-2026 10:55||NIFTY27JAN2625200CE,0.1270468713781198
14-01-2026 10:55||NIFTY27JAN2626200CE,0.1012242414011765
14-01-2026 10:55||NIFTY27JAN2626300CE,0.1016888204837123
14-01-2026 10:55||NIFTY27JAN2626400CE,0.102653908811785
14-01-2026 10:55||NIFTY27JAN2626500CE,0.1053449730646924
14-01-2026 11:00||NIFTY27JAN2624100PE,0.1752427202715778
14-01-2026 11:00||NIFTY27JAN2626100CE,0.0991872229527217
14-01-2026 11:00||NIFTY27JAN2626300CE,0.1012011235321068
14-01-2026 11:05||NIFTY27JAN2624000PE,0.1824113283367847
14-01-2026 11:05||NIFTY27JAN2624800PE,0.1309271607517343
14-01-2026 11:05||NIFTY27JAN2625300CE,0.1057346979413722
14-01-2026 11:05||NIFTY27JAN2626000CE,0.0965761877785915
14-01-2026 11:05||NIFTY27JAN2626100CE,0.0962490945366312
14-01-2026 11:05||NIFTY27JAN2626300CE,0.0990311742145166
14-01-2026 11:10||NIFTY27JAN2624000PE,0.1819985128978885
14-01-2026 11:10||NIFTY27JAN2624300PE,0.1620598025133182
14-01-2026 11:10||NIFTY27JAN2624500PE,0.149007995080515
14-01-2026 11:10||NIFTY27JAN2625200CE,0.1185108635722933
14-01-2026 11:15||NIFTY27JAN2624100PE,0.1760621862898566
14-01-2026 11:15||NIFTY27JAN2624300PE,0.1627462091488802
14-01-2026 11:15||NIFTY27JAN2624400PE,0.1559286802964634
14-01-2026 11:15||NIFTY27JAN2624500PE,0.1491696702908331
14-01-2026 11:15||NIFTY27JAN2624600PE,0.1419749630872324
14-01-2026 11:15||NIFTY27JAN2625500CE,0.1096979336086327
14-01-2026 11:15||NIFTY27JAN2625800CE,0.1012049300134627
14-01-2026 11:15||NIFTY27JAN2626000CE,0.0983798481743996
14-01-2026 11:20||NIFTY27JAN2623800PE,0.1965064468755866
14-01-2026 11:20||NIFTY27JAN2623900PE,0.190618578507026
14-01-2026 11:20||NIFTY27JAN2624600PE,0.143367148411639
14-01-2026 11:20||NIFTY27JAN2624800PE,0.1311039531800037
14-01-2026 11:20||NIFTY27JAN2625100PE,0.1170426140952489
14-01-2026 11:20||NIFTY27JAN2625300CE,0.1107598531825431
14-01-2026 11:20||NIFTY27JAN2625600CE,0.1011896214705458
14-01-2026 11:20||NIFTY27JAN2625800CE,0.0973694296694809
14-01-2026 11:25||NIFTY27JAN2623900PE,0.1877791423448789
14-01-2026 11:25||NIFTY27JAN2624700PE,0.1348536588755688
14-01-2026 11:25||NIFTY27JAN2624900PE,0.1231795727691267
14-01-2026 11:25||NIFTY27JAN2625400CE,0.1265762928741338
14-01-2026 11:25||NIFTY27JAN2626200CE,0.1018033808012646
14-01-2026 11:30||NIFTY27JAN2624200PE,0.1713749380224962
14-01-2026 11:30||NIFTY27JAN2624300PE,0.1649985526295365
14-01-2026 11:30||NIFTY27JAN2624400PE,0.1587062853786895
14-01-2026 11:30||NIFTY27JAN2625000PE,0.1217137999111432
14-01-2026 11:30||NIFTY27JAN2625300CE,0.1076759353711818
14-01-2026 11:30||NIFTY27JAN2625800CE,0.0971245893875938
14-01-2026 11:30||NIFTY27JAN2626000CE,0.0953891604599554
14-01-2026 11:35||NIFTY27JAN2623900PE,0.189645575330112
14-01-2026 11:35||NIFTY27JAN2624400PE,0.1574804805176333
14-01-2026 11:35||NIFTY27JAN2624500PE,0.1505204085156615
14-01-2026 11:35||NIFTY27JAN2624700PE,0.1373398349878698
14-01-2026 11:35||NIFTY27JAN2625100PE,0.1142244626058888
14-01-2026 11:35||NIFTY27JAN2625500CE,0.1036978263481174
14-01-2026 11:35||NIFTY27JAN2625700CE,0.0998845602089666
14-01-2026 11:35||NIFTY27JAN2626100CE,0.096128948074913
14-01-2026 11:40||NIFTY27JAN2623900PE,0.1895830962992536
14-01-2026 11:40||NIFTY27JAN2625500CE,0.1010092663499975
14-01-2026 11:40||NIFTY27JAN2625600CE,0.0993131036354739
14-01-2026 11:40||NIFTY27JAN2626500CE,0.1034807456964657
14-01-2026 11:45||NIFTY27JAN2623900PE,0.1895969279932138
14-01-2026 11:45||NIFTY27JAN2624300PE,0.1632658790411159
14-01-2026 11:45||NIFTY27JAN2624500PE,0.1499497107278551
14-01-2026 11:45||NIFTY27JAN2626400CE,0.1025094202592598
14-01-2026 11:50||NIFTY27JAN2625100PE,0.1141119340720129
14-01-2026 11:50||NIFTY27JAN2625700CE,0.1001624302393331
14-01-2026 11:50||NIFTY27JAN2625800CE,0.0980844547516461
14-01-2026 11:50||NIFTY27JAN2626100CE,0.0956259754311155
14-01-2026 11:55||NIFTY27JAN2624200PE,0.1713803496454504
14-01-2026 11:55||NIFTY27JAN2624400PE,0.1578179049311288
14-01-2026 11:55||NIFTY27JAN2624800PE,0.1315570949993336
14-01-2026 11:55||NIFTY27JAN2625200CE,0.1135078986343494
14-01-2026 11:55||NIFTY27JAN2625600CE,0.1013290826833994
14-01-2026 12:00||NIFTY27JAN2623800PE,0.1989242694965005
14-01-2026 12:00||NIFTY27JAN2624400PE,0.1590578140807177
14-01-2026 12:00||NIFTY27JAN2624900PE,0.1266199476688498
14-01-2026 12:00||NIFTY27JAN2625000PE,0.1207091433642952
14-01-2026 12:00||NIFTY27JAN2625100PE,0.1134801057715284
14-01-2026 12:05||NIFTY27JAN2624400PE,0.1590644594638788
14-01-2026 12:05||NIFTY27JAN2624600PE,0.1452442518547858
14-01-2026 12:05||NIFTY27JAN2626500CE,0.0985452378822007
14-01-2026 12:10||NIFTY27JAN2624400PE,0.1570163267258904
14-01-2026 12:10||NIFTY27JAN2624600PE,0.1433072933985668
14-01-2026 12:10||NIFTY27JAN2624800PE,0.1312305144011896
14-01-2026 12:10||NIFTY27JAN2624900PE,0.125843495167369
14-01-2026 12:10||NIFTY27JAN2625100PE,0.1154331689098056
14-01-2026 12:10||NIFTY27JAN2625900CE,0.0924482000463573
14-01-2026 12:10||NIFTY27JAN2626300CE,0.0948380199853886
14-01-2026 12:15||NIFTY27JAN2624200PE,0.1684187071249723
14-01-2026 12:15||NIFTY27JAN2624800PE,0.1280414544311074
14-01-2026 12:15||NIFTY27JAN2626500CE,0.1052375613681313
14-01-2026 12:20||NIFTY27JAN2623800PE,0.1971267316437437
14-01-2026 12:20||NIFTY27JAN2623900PE,0.1911745827299293
14-01-2026 12:20||NIFTY27JAN2625300CE,0.1033462458231904
14-01-2026 12:20||NIFTY27JAN2626400CE,0.0974354800146883
14-01-2026 12:25||NIFTY27JAN2624500PE,0.1509899523839628
14-01-2026 12:25||NIFTY27JAN2625400CE,0.0944890577331154
14-01-2026 12:25||NIFTY27JAN2625500CE,0.0957638235363624
14-01-2026 12:25||NIFTY27JAN2625900CE,0.0922117742123624
14-01-2026 12:30||NIFTY27JAN2623900PE,0.1900886780834182
14-01-2026 12:30||NIFTY27JAN2624300PE,0.1638230249714247
14-01-2026 12:30||NIFTY27JAN2624900PE,0.1251922331938555
14-01-2026 12:30||NIFTY27JAN2625800CE,0.0963588729339406
14-01-2026 12:30||NIFTY27JAN2626300CE,0.0960075687315615
14-01-2026 12:30||NIFTY27JAN2626400CE,0.098616640376413
14-01-2026 12:35||NIFTY27JAN2623900PE,0.1905350043196831
14-01-2026 12:35||NIFTY27JAN2625300CE,0.1072681722143755
14-01-2026 12:35||NIFTY27JAN2625500CE,0.1000812534408464
14-01-2026 12:35||NIFTY27JAN2625900CE,0.0941174587137414
14-01-2026 12:45||NIFTY27JAN2625600CE,0.0947590176058383
14-01-2026 12:45||NIFTY27JAN2625700CE,0.0940843394471642
14-01-2026 12:50||NIFTY27JAN2624900PE,0.1244244004244254
14-01-2026 12:50||NIFTY27JAN2626300CE,0.0952691663783795
14-01-2026 12:50||NIFTY27JAN2626500CE,0.1019326932756712
14-01-2026 12:55||NIFTY27JAN2623900PE,0.1881549950327752
14-01-2026 12:55||NIFTY27JAN2624300PE,0.162002445757766
14-01-2026 12:55||NIFTY27JAN2625000PE,0.1191558734854716
14-01-2026 13:00||NIFTY27JAN2624700PE,0.136091299872552
14-01-2026 13:00||NIFTY27JAN2625400CE,0.0975458044090258
14-01-2026 13:00||NIFTY27JAN2625700CE,0.0949676517517907
14-01-2026 13:00||NIFTY27JAN2625800CE,0.0928038041517496
14-01-2026 13:00||NIFTY27JAN2626200CE,0.0933422284676712
14-01-2026 13:00||NIFTY27JAN2626300CE,0.0952328169220173
14-01-2026 13:00||NIFTY27JAN2626500CE,0.1012520953023585
14-01-2026 13:05||NIFTY27JAN2624000PE,0.1825604646419583
14-01-2026 13:05||NIFTY27JAN2624400PE,0.1557695978648192
14-01-2026 13:05||NIFTY27JAN2624800PE,0.1292850658061155
14-01-2026 13:05||NIFTY27JAN2624900PE,0.1240233422956613
14-01-2026 13:05||NIFTY27JAN2625800CE,0.0958841573502837
14-01-2026 13:05||NIFTY27JAN2626200CE,0.0946213783918388
14-01-2026 13:05||NIFTY27JAN2626300CE,0.0961703285987454
14-01-2026 13:10||NIFTY27JAN2624000PE,0.1830969347311168
14-01-2026 13:10||NIFTY27JAN2624600PE,0.1430436458490556
14-01-2026 13:10||NIFTY27JAN2624700PE,0.1365860403673897
14-01-2026 13:10||NIFTY27JAN2624900PE,0.1245779459883351
14-01-2026 13:10||NIFTY27JAN2625300CE,0.1016473576858985
14-01-2026 13:10||NIFTY27JAN2625800CE,0.089662402805839
14-01-2026 13:10||NIFTY27JAN2625900CE,0.0893826819286616
14-01-2026 13:10||NIFTY27JAN2626400CE,0.0958786936589604
14-01-2026 13:15||NIFTY27JAN2624000PE,0.182136074539132
14-01-2026 13:15||NIFTY27JAN2624600PE,0.1414532866824611
14-01-2026 13:15||NIFTY27JAN2624800PE,0.1292120675829897
14-01-2026 13:15||NIFTY27JAN2625200CE,0.1092215315081048
14-01-2026 13:15||NIFTY27JAN2625600CE,0.0931303505966099
14-01-2026 13:15||NIFTY27JAN2626100CE,0.0914227531610656
14-01-2026 13:15||NIFTY27JAN2626200CE,0.0921177188900301
14-01-2026 13:20||NIFTY27JAN2624400PE,0.1546886013809523
14-01-2026 13:20||NIFTY27JAN2624700PE,0.1352844903885151
14-01-2026 13:20||NIFTY27JAN2624900PE,0.1242804952847427
14-01-2026 13:20||NIFTY27JAN2625200CE,0.0920292725865561
14-01-2026 13:20||NIFTY27JAN2625900CE,0.0889160851495418
14-01-2026 13:25||NIFTY27JAN2624100PE,0.1727659960627785
14-01-2026 13:25||NIFTY27JAN2624700PE,0.1336453517235547
14-01-2026 13:25||NIFTY27JAN2624900PE,0.1223201522992161
14-01-2026 13:25||NIFTY27JAN2625200CE,0.1070935147247347
14-01-2026 13:25||NIFTY27JAN2625600CE,0.0956153203019418
14-01-2026 13:25||NIFTY27JAN2626400CE,0.0983892527843188
14-01-2026 13:25||NIFTY27JAN2626500CE,0.1027040307639417
14-01-2026 13:30||NIFTY27JAN2624200PE,0.1662766446599874
14-01-2026 13:30||NIFTY27JAN2624300PE,0.1594557011865776
14-01-2026 13:30||NIFTY27JAN2625200CE,0.0998970296006049
14-01-2026 13:30||NIFTY27JAN2625700CE,0.0899800611101984
14-01-2026 13:30||NIFTY27JAN2626500CE,0.10259322640335
14-01-2026 13:35||NIFTY27JAN2624000PE,0.1781808362694001
14-01-2026 13:35||NIFTY27JAN2624100PE,0.1716322504157617
14-01-2026 13:35||NIFTY27JAN2625100PE,0.1151921067161012
14-01-2026 13:35||NIFTY27JAN2625500CE,0.0816673285944222
14-01-2026 13:35||NIFTY27JAN2625700CE,0.0842315236854736
14-01-2026 13:40||NIFTY27JAN2626500CE,0.106542468791261
14-01-2026 13:45||NIFTY27JAN2624100PE,0.1681944198908485
14-01-2026 13:45||NIFTY27JAN2624200PE,0.161481639408938
14-01-2026 13:45||NIFTY27JAN2624400PE,0.1487442540137484
14-01-2026 13:45||NIFTY27JAN2624600PE,0.1359791862939028
14-01-2026 13:45||NIFTY27JAN2624700PE,0.1301793877549455
14-01-2026 13:45||NIFTY27JAN2624800PE,0.1242060811832406
14-01-2026 13:45||NIFTY27JAN2625400CE,0.1015609353644375
14-01-2026 13:45||NIFTY27JAN2626200CE,0.0981669883803668
14-01-2026 13:45||NIFTY27JAN2626300CE,0.100938953150699
14-01-2026 13:45||NIFTY27JAN2626400CE,0.1040722438235128
14-01-2026 13:50||NIFTY27JAN2625400CE,0.0855175988322294
14-01-2026 13:50||NIFTY27JAN2625600CE,0.0875874633137678
14-01-2026 13:50||NIFTY27JAN2626300CE,0.0982194314622688
14-01-2026 13:55||NIFTY27JAN2623800PE,0.1862481450121742
14-01-2026 13:55||NIFTY27JAN2624600PE,0.1355445002214486
14-01-2026 13:55||NIFTY27JAN2624900PE,0.1197342200166975
14-01-2026 13:55||NIFTY27JAN2625200CE,0.1055940092233953
14-01-2026 13:55||NIFTY27JAN2626200CE,0.0983502006337744
14-01-2026 14:00||NIFTY27JAN2623800PE,0.1893670500447868
14-01-2026 14:00||NIFTY27JAN2623900PE,0.1829356498535848
14-01-2026 14:00||NIFTY27JAN2624400PE,0.1491923118766216
14-01-2026 14:00||NIFTY27JAN2624500PE,0.1431041785823854
14-01-2026 14:05||NIFTY27JAN2624000PE,0.1752679812550202
14-01-2026 14:05||NIFTY27JAN2624300PE,0.1551239047262882
14-01-2026 14:05||NIFTY27JAN2624700PE,0.1299255221131723
14-01-2026 14:05||NIFTY27JAN2624800PE,0.1244799909551428
14-01-2026 14:05||NIFTY27JAN2625200CE,0.1100682749844459
14-01-2026 14:05||NIFTY27JAN2625700CE,0.0976136633200006
14-01-2026 14:05||NIFTY27JAN2625900CE,0.0962885916947691
14-01-2026 14:10||NIFTY27JAN2624200PE,0.1620235320634817
14-01-2026 14:10||NIFTY27JAN2624800PE,0.1233816845287272
14-01-2026 14:10||NIFTY27JAN2625700CE,0.0992029138308581
14-01-2026 14:15||NIFTY27JAN2624600PE,0.1374852552669443
14-01-2026 14:15||NIFTY27JAN2625300CE,0.095177241955529
14-01-2026 14:15||NIFTY27JAN2625900CE,0.0913423694317145
14-01-2026 14:15||NIFTY27JAN2626000CE,0.0920909153369144
14-01-2026 14:15||NIFTY27JAN2626500CE,0.1072372495415159
14-01-2026 14:20||NIFTY27JAN2624400PE,0.1493976487320596
14-01-2026 14:20||NIFTY27JAN2624900PE,0.1205583545162873
14-01-2026 14:20||NIFTY27JAN2625100PE,0.1117656033957938
14-01-2026 14:25||NIFTY27JAN2623800PE,0.1862107903019785
14-01-2026 14:25||NIFTY27JAN2625600CE,0.1014448009320005
14-01-2026 14:25||NIFTY27JAN2626100CE,0.1000660093693177
14-01-2026 14:30||NIFTY27JAN2623900PE,0.1811425084424117
14-01-2026 14:30||NIFTY27JAN2624300PE,0.1543047425667145
14-01-2026 14:30||NIFTY27JAN2624500PE,0.141540879934034
14-01-2026 14:30||NIFTY27JAN2625000PE,0.1128658761313783
14-01-2026 14:30||NIFTY27JAN2625100PE,0.1074684633877804
14-01-2026 14:30||NIFTY27JAN2625400CE,0.1061347781374948
14-01-2026 14:30||NIFTY27JAN2626000CE,0.0985989360821086
14-01-2026 14:30||NIFTY27JAN2626100CE,0.0995658821833558
14-01-2026 14:30||NIFTY27JAN2626400CE,0.1074492958463082
14-01-2026 14:30||NIFTY27JAN2626500CE,0.1122457897538282
14-01-2026 14:35||NIFTY27JAN2624000PE,0.1749487777558962
14-01-2026 14:35||NIFTY27JAN2624300PE,0.1548520513474125
14-01-2026 14:35||NIFTY27JAN2625500CE,0.1077067576861914
14-01-2026 14:35||NIFTY27JAN2625900CE,0.0993440533523823
14-01-2026 14:35||NIFTY27JAN2626400CE,0.107446742728225
14-01-2026 14:40||NIFTY27JAN2624300PE,0.1569616118911634
14-01-2026 14:40||NIFTY27JAN2624400PE,0.1500229938461972
14-01-2026 14:40||NIFTY27JAN2624500PE,0.1433615593071842
14-01-2026 14:40||NIFTY27JAN2624700PE,0.1306491711759942
14-01-2026 14:40||NIFTY27JAN2624800PE,0.1248348817646931
14-01-2026 14:40||NIFTY27JAN2625000PE,0.1145200298121249
14-01-2026 14:40||NIFTY27JAN2625400CE,0.1053357695926777
14-01-2026 14:40||NIFTY27JAN2625800CE,0.0973091448305041
14-01-2026 14:45||NIFTY27JAN2624500PE,0.1464695726484128
14-01-2026 14:45||NIFTY27JAN2624800PE,0.1272131840948711
14-01-2026 14:45||NIFTY27JAN2625100PE,0.111573588306479
14-01-2026 14:45||NIFTY27JAN2625400CE,0.0974251901649037
14-01-2026 14:45||NIFTY27JAN2625500CE,0.0974770326225336
14-01-2026 14:45||NIFTY27JAN2625800CE,0.0944170388304215
14-01-2026 14:45||NIFTY27JAN2626100CE,0.0956831956507038
14-01-2026 14:45||NIFTY27JAN2626200CE,0.0977691035937979
14-01-2026 14:45||NIFTY27JAN2626300CE,0.1001400848963136
14-01-2026 14:50||NIFTY27JAN2624400PE,0.1528397710020028
14-01-2026 14:50||NIFTY27JAN2624600PE,0.139308869851483
14-01-2026 14:50||NIFTY27JAN2624900PE,0.1220072720696974
14-01-2026 14:50||NIFTY27JAN2625200CE,0.1093639646035029
14-01-2026 14:50||NIFTY27JAN2625700CE,0.0949896168217279
14-01-2026 14:50||NIFTY27JAN2625800CE,0.0939040747075523
14-01-2026 14:50||NIFTY27JAN2626300CE,0.0992011042748686
14-01-2026 14:55||NIFTY27JAN2624100PE,0.1720139348069471
14-01-2026 14:55||NIFTY27JAN2624200PE,0.1653170405967117
14-01-2026 14:55||NIFTY27JAN2624600PE,0.1390426291772772
14-01-2026 14:55||NIFTY27JAN2624800PE,0.1270041544966398
14-01-2026 14:55||NIFTY27JAN2625100PE,0.1118934535638729
14-01-2026 14:55||NIFTY27JAN2625300CE,0.0970366602385475
14-01-2026 14:55||NIFTY27JAN2625400CE,0.0936775796865347
14-01-2026 14:55||NIFTY27JAN2625600CE,0.0921060761623344
14-01-2026 14:55||NIFTY27JAN2626400CE,0.100714933464701
14-01-2026 15:00||NIFTY27JAN2624300PE,0.1566315669374791
14-01-2026 15:00||NIFTY27JAN2624700PE,0.131023223468679
14-01-2026 15:00||NIFTY27JAN2625800CE,0.0960096902453457
14-01-2026 15:05||NIFTY27JAN2623900PE,0.1842407682651781
14-01-2026 15:05||NIFTY27JAN2624400PE,0.1524853516456916
14-01-2026 15:05||NIFTY27JAN2624800PE,0.1279516069773656
14-01-2026 15:05||NIFTY27JAN2626300CE,0.0992635858516166
14-01-2026 15:10||NIFTY27JAN2624100PE,0.169945443905898
14-01-2026 15:10||NIFTY27JAN2624500PE,0.144247421080796
14-01-2026 15:10||NIFTY27JAN2624900PE,0.1219445755056103
14-01-2026 15:10||NIFTY27JAN2625500CE,0.0961430344980467
14-01-2026 15:10||NIFTY27JAN2626200CE,0.0983048975812046
14-01-2026 15:15||NIFTY27JAN2624400PE,0.1491920630371765
14-01-2026 15:15||NIFTY27JAN2624700PE,0.1301948656342162
14-01-2026 15:15||NIFTY27JAN2625100PE,0.1104210024302254
14-01-2026 15:15||NIFTY27JAN2625500CE,0.1029760234917347
14-01-2026 15:15||NIFTY27JAN2625900CE,0.0976957884512863
14-01-2026 15:15||NIFTY27JAN2626100CE,0.0986765921355612
14-01-2026 15:20||NIFTY27JAN2624500PE,0.143135538837746
14-01-2026 15:20||NIFTY27JAN2624800PE,0.1252192262713416
14-01-2026 15:20||NIFTY27JAN2626100CE,0.0997755807836426
14-01-2026 15:20||NIFTY27JAN2626300CE,0.103659789376131
14-01-2026 15:20||NIFTY27JAN2626400CE,0.1066167926183467
14-01-2026 15:25||NIFTY27JAN2623900PE,0.1838173332064512
14-01-2026 15:25||NIFTY27JAN2624600PE,0.1386587773870431
14-01-2026 15:25||NIFTY27JAN2625100PE,0.1140560820016478
14-01-2026 15:25||NIFTY27JAN2625200CE,0.1074953770626105
14-01-2026 15:25||NIFTY27JAN2626400CE,0.1047545582675191
14-01-2026 15:25||NIFTY27JAN2626500CE,0.1095630521763411
16-01-2026 09:15||NIFTY27JAN2624100PE,0.1791710824343015
16-01-2026 09:15||NIFTY27JAN2624200PE,0.1713900604159985
16-01-2026 09:15||NIFTY27JAN2624300PE,0.1642371440319792
16-01-2026 09:15||NIFTY27JAN2624800PE,0.1307163634928727
16-01-2026 09:15||NIFTY27JAN2625000PE,0.1195055294355222
16-01-2026 09:15||NIFTY27JAN2626000CE,0.1059848133005445
16-01-2026 09:15||NIFTY27JAN2626100CE,0.1047429727887845
16-01-2026 09:20||NIFTY27JAN2624100PE,0.1786090373864794
16-01-2026 09:20||NIFTY27JAN2624400PE,0.1579508011623991
16-01-2026 09:20||NIFTY27JAN2624600PE,0.1442685866683231
16-01-2026 09:20||NIFTY27JAN2625000PE,0.1206830079233487
16-01-2026 09:20||NIFTY27JAN2625200CE,0.1207508930440077
16-01-2026 09:20||NIFTY27JAN2625400CE,0.1103514340408438
16-01-2026 09:20||NIFTY27JAN2625700CE,0.1016748087497525
16-01-2026 09:20||NIFTY27JAN2626000CE,0.0975050002806838
16-01-2026 09:25||NIFTY27JAN2624600PE,0.1408122635878479
16-01-2026 09:25||NIFTY27JAN2624700PE,0.134370436448953
16-01-2026 09:25||NIFTY27JAN2625300CE,0.1284442998079598
16-01-2026 09:25||NIFTY27JAN2625600CE,0.1105987333644336
16-01-2026 09:25||NIFTY27JAN2626300CE,0.1008369529479829
16-01-2026 09:25||NIFTY27JAN2626500CE,0.1070290010372403
16-01-2026 09:30||NIFTY27JAN2623800PE,0.1946794612333828
16-01-2026 09:30||NIFTY27JAN2624300PE,0.1593932538019249
16-01-2026 09:30||NIFTY27JAN2624400PE,0.1527561574270173
16-01-2026 09:30||NIFTY27JAN2624900PE,0.1221194689491067
16-01-2026 09:30||NIFTY27JAN2625100PE,0.1123007097998307
16-01-2026 09:30||NIFTY27JAN2625500CE,0.1059514302363417
16-01-2026 09:30||NIFTY27JAN2625700CE,0.1009079657106255
16-01-2026 09:30||NIFTY27JAN2625900CE,0.0966787167691656
16-01-2026 09:30||NIFTY27JAN2626000CE,0.0950111104208915
16-01-2026 09:35||NIFTY27JAN2624100PE,0.17418917964119
16-01-2026 09:35||NIFTY27JAN2624200PE,0.1667820155452393
16-01-2026 09:35||NIFTY27JAN2624800PE,0.1272257682667721
16-01-2026 09:35||NIFTY27JAN2625100PE,0.1123963018387232
16-01-2026 09:35||NIFTY27JAN2626300CE,0.0983192632777338
16-01-2026 09:35||NIFTY27JAN2626400CE,0.1011669171713229
16-01-2026 09:40||NIFTY27JAN2624200PE,0.1661366378638691
16-01-2026 09:40||NIFTY27JAN2624300PE,0.159543563429882
16-01-2026 09:40||NIFTY27JAN2625900CE,0.1037467182589182
16-01-2026 09:40||NIFTY27JAN2626500CE,0.1061293744902514
16-01-2026 09:45||NIFTY27JAN2623900PE,0.1895490136971824
16-01-2026 09:45||NIFTY27JAN2624500PE,0.1468027574566348
16-01-2026 09:45||NIFTY27JAN2624800PE,0.1250914195414196
16-01-2026 09:45||NIFTY27JAN2624900PE,0.1198909327288113
16-01-2026 09:45||NIFTY27JAN2625400CE,0.1241309085343438
16-01-2026 09:45||NIFTY27JAN2626000CE,0.101477950845318
16-01-2026 09:45||NIFTY27JAN2626100CE,0.0996597678194497
16-01-2026 09:50||NIFTY27JAN2623900PE,0.1915395209939711
16-01-2026 09:50||NIFTY27JAN2624200PE,0.1718650070151138
16-01-2026 09:50||NIFTY27JAN2624900PE,0.1216291215583194
16-01-2026 09:50||NIFTY27JAN2625500CE,0.1128516520245703
16-01-2026 09:50||NIFTY27JAN2625600CE,0.1080235319575315
16-01-2026 09:50||NIFTY27JAN2625700CE,0.1043986552307281
16-01-2026 09:50||NIFTY27JAN2625800CE,0.1013040225985122
16-01-2026 09:50||NIFTY27JAN2626000CE,0.0971211726885172
16-01-2026 09:50||NIFTY27JAN2626200CE,0.0959449620777341
16-01-2026 09:55||NIFTY27JAN2623800PE,0.1985083084637224
16-01-2026 09:55||NIFTY27JAN2624000PE,0.1866562008392096
16-01-2026 09:55||NIFTY27JAN2624200PE,0.1724906376226667
16-01-2026 09:55||NIFTY27JAN2624500PE,0.1506325953452987
16-01-2026 09:55||NIFTY27JAN2624900PE,0.1222855147068671
16-01-2026 09:55||NIFTY27JAN2625000PE,0.1168195169179142
16-01-2026 09:55||NIFTY27JAN2625300CE,0.1157695986073292
16-01-2026 09:55||NIFTY27JAN2625400CE,0.1094834119589691
16-01-2026 09:55||NIFTY27JAN2625500CE,0.1064650832439113
16-01-2026 09:55||NIFTY27JAN2625700CE,0.099534122627567
16-01-2026 09:55||NIFTY27JAN2625900CE,0.0948904841529767
16-01-2026 09:55||NIFTY27JAN2626000CE,0.0934170476698916
16-01-2026 09:55||NIFTY27JAN2626400CE,0.0963602476092226
16-01-2026 09:55||NIFTY27JAN2626500CE,0.1010178779054662
16-01-2026 10:00||NIFTY27JAN2624000PE,0.1861853732452421
16-01-2026 10:00||NIFTY27JAN2625400CE,0.1275264613826578
16-01-2026 10:00||NIFTY27JAN2625900CE,0.1038555120488382
16-01-2026 10:00||NIFTY27JAN2626000CE,0.1011145478278408
16-01-2026 10:00||NIFTY27JAN2626400CE,0.1023488070586182
16-01-2026 10:00||NIFTY27JAN2626500CE,0.1060742580222893
16-01-2026 10:05||NIFTY27JAN2624000PE,0.186844929634939
16-01-2026 10:05||NIFTY27JAN2624100PE,0.1803461030697626
16-01-2026 10:05||NIFTY27JAN2624400PE,0.1583123292679751
16-01-2026 10:05||NIFTY27JAN2625100PE,0.1096212849732642
16-01-2026 10:05||NIFTY27JAN2625700CE,0.1089336669009846
16-01-2026 10:05||NIFTY27JAN2626400CE,0.1013431625821041
16-01-2026 10:05||NIFTY27JAN2626500CE,0.1046141646568088
16-01-2026 10:10||NIFTY27JAN2623900PE,0.1938193932811416
16-01-2026 10:10||NIFTY27JAN2624800PE,0.1300333301418748
16-01-2026 10:10||NIFTY27JAN2625300CE,0.1367260098158951
16-01-2026 10:10||NIFTY27JAN2625600CE,0.1186556204245548
16-01-2026 10:10||NIFTY27JAN2626100CE,0.1004034099802666
16-01-2026 10:10||NIFTY27JAN2626400CE,0.102987764305908
16-01-2026 10:15||NIFTY27JAN2623800PE,0.2043690301465177
16-01-2026 10:15||NIFTY27JAN2624400PE,0.1646762938467904
16-01-2026 10:15||NIFTY27JAN2624500PE,0.1566632814792163
16-01-2026 10:15||NIFTY27JAN2625300CE,0.1547294484911887
16-01-2026 10:20||NIFTY27JAN2623800PE,0.2084579140058357
16-01-2026 10:20||NIFTY27JAN2624300PE,0.1762050726852858
16-01-2026 10:20||NIFTY27JAN2624500PE,0.1615776780574794
16-01-2026 10:20||NIFTY27JAN2624800PE,0.1384006380148923
16-01-2026 10:20||NIFTY27JAN2625700CE,0.1195035030093052
16-01-2026 10:20||NIFTY27JAN2625900CE,0.1101171688383146
16-01-2026 10:20||NIFTY27JAN2626400CE,0.1045002622426025
16-01-2026 10:25||NIFTY27JAN2624000PE,0.1955233975885233
16-01-2026 10:25||NIFTY27JAN2624200PE,0.1840089654237708
16-01-2026 10:25||NIFTY27JAN2624300PE,0.1770842105665772
16-01-2026 10:25||NIFTY27JAN2624600PE,0.1540128170891712
16-01-2026 10:25||NIFTY27JAN2625400CE,0.1354639517186413
16-01-2026 10:25||NIFTY27JAN2626000CE,0.105184810197997
16-01-2026 10:30||NIFTY27JAN2624200PE,0.1841143814061663
16-01-2026 10:30||NIFTY27JAN2624400PE,0.1694254196690727
16-01-2026 10:30||NIFTY27JAN2624800PE,0.1401922492979386
16-01-2026 10:30||NIFTY27JAN2625500CE,0.1215414382340398
16-01-2026 10:35||NIFTY27JAN2624000PE,0.1963869776192139
16-01-2026 10:35||NIFTY27JAN2624200PE,0.1849862318935814
16-01-2026 10:35||NIFTY27JAN2624900PE,0.1345318272173314
16-01-2026 10:35||NIFTY27JAN2625100PE,0.1210683122681484
16-01-2026 10:35||NIFTY27JAN2625200CE,0.1462482291202071
16-01-2026 10:35||NIFTY27JAN2625600CE,0.1201957206726653
16-01-2026 10:35||NIFTY27JAN2626300CE,0.0995475991615393
16-01-2026 10:35||NIFTY27JAN2626400CE,0.1008212687649177
16-01-2026 10:40||NIFTY27JAN2623800PE,0.2106158736298311
16-01-2026 10:40||NIFTY27JAN2624200PE,0.1858044845402827
16-01-2026 10:40||NIFTY27JAN2624700PE,0.1491688884031639
16-01-2026 10:40||NIFTY27JAN2624900PE,0.1354808362479467
16-01-2026 10:40||NIFTY27JAN2626200CE,0.0939232480210243
16-01-2026 10:45||NIFTY27JAN2623800PE,0.209833259506402
16-01-2026 10:45||NIFTY27JAN2624000PE,0.1957423505138792
16-01-2026 10:45||NIFTY27JAN2624400PE,0.1699224805194941
16-01-2026 10:45||NIFTY27JAN2624600PE,0.1546727954273192
16-01-2026 10:45||NIFTY27JAN2624900PE,0.1339813678702568
16-01-2026 10:45||NIFTY27JAN2625200CE,0.1356243518435764
16-01-2026 10:50||NIFTY27JAN2624200PE,0.1832413957822194
16-01-2026 10:50||NIFTY27JAN2624300PE,0.1756799382048215
16-01-2026 10:50||NIFTY27JAN2624400PE,0.1682382484673055
16-01-2026 10:50||NIFTY27JAN2624600PE,0.1535609855698596
16-01-2026 10:50||NIFTY27JAN2625400CE,0.1261396528220189
16-01-2026 10:50||NIFTY27JAN2626300CE,0.0975947376845098
16-01-2026 10:50||NIFTY27JAN2626400CE,0.0991539140779309
16-01-2026 10:55||NIFTY27JAN2623800PE,0.2092292461281433
16-01-2026 10:55||NIFTY27JAN2623900PE,0.2028383166961347
16-01-2026 10:55||NIFTY27JAN2624900PE,0.132857183302899
16-01-2026 10:55||NIFTY27JAN2625400CE,0.1204223873873928
16-01-2026 10:55||NIFTY27JAN2625800CE,0.102690433403378
16-01-2026 10:55||NIFTY27JAN2625900CE,0.1001034068955597
16-01-2026 10:55||NIFTY27JAN2626100CE,0.0963211176227538
16-01-2026 10:55||NIFTY27JAN2626500CE,0.1020820383350518
16-01-2026 11:00||NIFTY27JAN2624400PE,0.1678449545437979
16-01-2026 11:00||NIFTY27JAN2624900PE,0.1320109591843641
16-01-2026 11:00||NIFTY27JAN2625000PE,0.1254193227642415
16-01-2026 11:00||NIFTY27JAN2625300CE,0.1342081961832804
16-01-2026 11:00||NIFTY27JAN2626000CE,0.0990185866253341
16-01-2026 11:00||NIFTY27JAN2626100CE,0.0967781426079597
16-01-2026 11:05||NIFTY27JAN2624300PE,0.1745966268566412
16-01-2026 11:05||NIFTY27JAN2624400PE,0.1671419461287122
16-01-2026 11:05||NIFTY27JAN2625100PE,0.1185050955897164
16-01-2026 11:05||NIFTY27JAN2626100CE,0.0998151018723518
16-01-2026 11:10||NIFTY27JAN2624000PE,0.1924105512209253
16-01-2026 11:10||NIFTY27JAN2625800CE,0.1015077255473286
16-01-2026 11:10||NIFTY27JAN2626000CE,0.097215226029796
16-01-2026 11:15||NIFTY27JAN2623900PE,0.1986397602263401
16-01-2026 11:15||NIFTY27JAN2624600PE,0.1507738735668224
16-01-2026 11:15||NIFTY27JAN2625800CE,0.1013231248357335
16-01-2026 11:15||NIFTY27JAN2626200CE,0.0950672675505295
16-01-2026 11:20||NIFTY27JAN2623800PE,0.2051601410788053
16-01-2026 11:20||NIFTY27JAN2624000PE,0.1919213744819292
16-01-2026 11:20||NIFTY27JAN2624100PE,0.1849640616679804
16-01-2026 11:20||NIFTY27JAN2624900PE,0.1304944898943025
16-01-2026 11:20||NIFTY27JAN2625900CE,0.0997467469247936
16-01-2026 11:20||NIFTY27JAN2626000CE,0.0973165225810497
16-01-2026 11:20||NIFTY27JAN2626200CE,0.0958121682435511
16-01-2026 11:25||NIFTY27JAN2624200PE,0.1781056171443942
16-01-2026 11:25||NIFTY27JAN2624800PE,0.1361151089010377
16-01-2026 11:25||NIFTY27JAN2625000PE,0.1237259861805055
16-01-2026 11:25||NIFTY27JAN2626300CE,0.0981737971538905
16-01-2026 11:30||NIFTY27JAN2624300PE,0.1715539286888754
16-01-2026 11:30||NIFTY27JAN2625600CE,0.1051629509683209
16-01-2026 11:30||NIFTY27JAN2626500CE,0.1015425818595545
16-01-2026 11:35||NIFTY27JAN2624500PE,0.1560928991626831
16-01-2026 11:35||NIFTY27JAN2624800PE,0.1358745915141961
16-01-2026 11:35||NIFTY27JAN2625300CE,0.1206148708791268
16-01-2026 11:35||NIFTY27JAN2625500CE,0.110476374902106
16-01-2026 11:35||NIFTY27JAN2626200CE,0.0959834970731527
16-01-2026 11:40||NIFTY27JAN2624400PE,0.1629662138956353
16-01-2026 11:40||NIFTY27JAN2624500PE,0.1556360847593918
16-01-2026 11:40||NIFTY27JAN2625500CE,0.1120372077628886
16-01-2026 11:40||NIFTY27JAN2626100CE,0.0953919689040319
16-01-2026 11:45||NIFTY27JAN2624300PE,0.169414039214454
16-01-2026 11:45||NIFTY27JAN2625000PE,0.1218638702622083
16-01-2026 11:45||NIFTY27JAN2625400CE,0.1227605169690093
16-01-2026 11:50||NIFTY27JAN2623900PE,0.197111149981138
16-01-2026 11:50||NIFTY27JAN2624300PE,0.1691854228616383
16-01-2026 11:50||NIFTY27JAN2625500CE,0.117885935711655
16-01-2026 11:55||NIFTY27JAN2624000PE,0.1909328275147537
16-01-2026 11:55||NIFTY27JAN2624500PE,0.1558723091087689
16-01-2026 11:55||NIFTY27JAN2624800PE,0.1352033740686042
16-01-2026 11:55||NIFTY27JAN2625000PE,0.1226015651959899
16-01-2026 11:55||NIFTY27JAN2625100PE,0.1160495418914777
16-01-2026 11:55||NIFTY27JAN2626200CE,0.094276794493588
16-01-2026 12:00||NIFTY27JAN2623900PE,0.1945950803432148
16-01-2026 12:00||NIFTY27JAN2624000PE,0.1882756484888132
16-01-2026 12:00||NIFTY27JAN2624200PE,0.173959629722876
16-01-2026 12:00||NIFTY27JAN2624400PE,0.159641889869305
16-01-2026 12:00||NIFTY27JAN2624800PE,0.1321904053319436
16-01-2026 12:00||NIFTY27JAN2624900PE,0.1260084065379922
16-01-2026 12:00||NIFTY27JAN2625200CE,0.1557525225926426
16-01-2026 12:00||NIFTY27JAN2626200CE,0.1011029228812034
16-01-2026 12:05||NIFTY27JAN2623800PE,0.2029163608980995
16-01-2026 12:05||NIFTY27JAN2624200PE,0.1746362204590799
16-01-2026 12:05||NIFTY27JAN2624500PE,0.1532294334743609
16-01-2026 12:05||NIFTY27JAN2624800PE,0.1325622844233525
16-01-2026 12:05||NIFTY27JAN2625000PE,0.1199321401298165
16-01-2026 12:05||NIFTY27JAN2625200CE,0.156189473974603
16-01-2026 12:05||NIFTY27JAN2625900CE,0.1112845162545426
16-01-2026 12:10||NIFTY27JAN2624800PE,0.1338554498768527
16-01-2026 12:10||NIFTY27JAN2625100PE,0.1158315488571455
16-01-2026 12:10||NIFTY27JAN2625300CE,0.1430560501255779
16-01-2026 12:10||NIFTY27JAN2625800CE,0.1125869419586393
16-01-2026 12:10||NIFTY27JAN2626000CE,0.1055928461563979
16-01-2026 12:10||NIFTY27JAN2626100CE,0.1028563477432698
16-01-2026 12:15||NIFTY27JAN2624000PE,0.1915948238414948
16-01-2026 12:15||NIFTY27JAN2624600PE,0.1475012330398089
16-01-2026 12:15||NIFTY27JAN2624800PE,0.1347721746177486
16-01-2026 12:15||NIFTY27JAN2624900PE,0.1286701973646851
16-01-2026 12:15||NIFTY27JAN2625000PE,0.1227982976291901
16-01-2026 12:15||NIFTY27JAN2625800CE,0.1042991015093051
16-01-2026 12:15||NIFTY27JAN2626000CE,0.0991884603243846
16-01-2026 12:20||NIFTY27JAN2623900PE,0.1973442056460215
16-01-2026 12:20||NIFTY27JAN2624300PE,0.1686064772803481
16-01-2026 12:20||NIFTY27JAN2624500PE,0.1542923460012932
16-01-2026 12:20||NIFTY27JAN2624900PE,0.1285007403304048
16-01-2026 12:20||NIFTY27JAN2625400CE,0.1257945609755708
16-01-2026 12:20||NIFTY27JAN2625600CE,0.1139538761619327
16-01-2026 12:20||NIFTY27JAN2625700CE,0.1095270647654693
16-01-2026 12:25||NIFTY27JAN2623800PE,0.2031539217317037
16-01-2026 12:25||NIFTY27JAN2624500PE,0.1553622202932958
16-01-2026 12:25||NIFTY27JAN2624700PE,0.1426625017516567
16-01-2026 12:25||NIFTY27JAN2624800PE,0.1371764508327722
16-01-2026 12:25||NIFTY27JAN2625000PE,0.1265171783682301
16-01-2026 12:25||NIFTY27JAN2625100PE,0.1212903005805063
16-01-2026 12:25||NIFTY27JAN2626400CE,0.0945483218422538
16-01-2026 12:30||NIFTY27JAN2623800PE,0.1987170417837429
16-01-2026 12:30||NIFTY27JAN2624400PE,0.1534850713194018
16-01-2026 12:30||NIFTY27JAN2624600PE,0.1395912534631787
16-01-2026 12:35||NIFTY27JAN2623800PE,0.2024025416550401
16-01-2026 12:35||NIFTY27JAN2623900PE,0.1942662234735195
16-01-2026 12:35||NIFTY27JAN2624800PE,0.1303083727356142
16-01-2026 12:35||NIFTY27JAN2625600CE,0.1102422323273977
16-01-2026 12:35||NIFTY27JAN2625700CE,0.1063039833107701
16-01-2026 12:35||NIFTY27JAN2625800CE,0.1025492638785792
16-01-2026 12:35||NIFTY27JAN2625900CE,0.0997429876205089
16-01-2026 12:35||NIFTY27JAN2626000CE,0.0980621053973038
16-01-2026 12:35||NIFTY27JAN2626200CE,0.0976689113735602
16-01-2026 12:40||NIFTY27JAN2623800PE,0.2014428672757731
16-01-2026 12:40||NIFTY27JAN2625200CE,0.1229600217186828
16-01-2026 12:40||NIFTY27JAN2625900CE,0.0987616854830797
16-01-2026 12:45||NIFTY27JAN2624000PE,0.1844017820446506
16-01-2026 12:45||NIFTY27JAN2624800PE,0.1302602009494151
16-01-2026 12:45||NIFTY27JAN2625700CE,0.1036918270588529
16-01-2026 12:45||NIFTY27JAN2625900CE,0.099445098133323
16-01-2026 12:45||NIFTY27JAN2626000CE,0.0979353188875649
16-01-2026 12:45||NIFTY27JAN2626300CE,0.0991481456274812
16-01-2026 12:50||NIFTY27JAN2624300PE,0.1618723901624665
16-01-2026 12:50||NIFTY27JAN2626000CE,0.1032119272262193
16-01-2026 12:50||NIFTY27JAN2626200CE,0.1015337878219924
16-01-2026 12:55||NIFTY27JAN2623900PE,0.1923435302462124
16-01-2026 12:55||NIFTY27JAN2624700PE,0.1367433394226509
16-01-2026 12:55||NIFTY27JAN2624900PE,0.1253152806326696
16-01-2026 12:55||NIFTY27JAN2625500CE,0.1056615265379647
16-01-2026 12:55||NIFTY27JAN2625800CE,0.0980683723044713
16-01-2026 13:00||NIFTY27JAN2623800PE,0.198126311631599
16-01-2026 13:00||NIFTY27JAN2624700PE,0.1347994940906431
16-01-2026 13:00||NIFTY27JAN2624800PE,0.1289343561311184
16-01-2026 13:00||NIFTY27JAN2625400CE,0.1090123419926669
16-01-2026 13:00||NIFTY27JAN2625900CE,0.0984523033648443
16-01-2026 13:00||NIFTY27JAN2626000CE,0.0973048006316297
16-01-2026 13:05||NIFTY27JAN2624100PE,0.174672401080687
16-01-2026 13:05||NIFTY27JAN2625000PE,0.1154637035743206
16-01-2026 13:05||NIFTY27JAN2625300CE,0.1276188095891086
16-01-2026 13:10||NIFTY27JAN2625200CE,0.1291859228335568
16-01-2026 13:15||NIFTY27JAN2623800PE,0.1954117158499855
16-01-2026 13:15||NIFTY27JAN2624100PE,0.1732313109701282
16-01-2026 13:15||NIFTY27JAN2624600PE,0.1374855782166264
16-01-2026 13:15||NIFTY27JAN2624700PE,0.1312674443883406
16-01-2026 13:15||NIFTY27JAN2625800CE,0.1018631947805701
16-01-2026 13:15||NIFTY27JAN2626100CE,0.0988336033375674
16-01-2026 13:15||NIFTY27JAN2626200CE,0.0997951996681436
16-01-2026 13:20||NIFTY27JAN2624300PE,0.1573561727519195
16-01-2026 13:20||NIFTY27JAN2624700PE,0.1311474114043935
16-01-2026 13:20||NIFTY27JAN2625100PE,0.1117645564374569
16-01-2026 13:20||NIFTY27JAN2625600CE,0.1050930712961779
16-01-2026 13:20||NIFTY27JAN2626100CE,0.0982821707241683
16-01-2026 13:25||NIFTY27JAN2623900PE,0.1840211641839406
16-01-2026 13:25||NIFTY27JAN2624300PE,0.1543323642082814
16-01-2026 13:25||NIFTY27JAN2624400PE,0.1475709994975513
16-01-2026 13:25||NIFTY27JAN2625200CE,0.1426507532075014
16-01-2026 13:25||NIFTY27JAN2625300CE,0.1346134026957557
16-01-2026 13:25||NIFTY27JAN2625500CE,0.1228551210104527
16-01-2026 13:25||NIFTY27JAN2625800CE,0.110162776838198
16-01-2026 13:25||NIFTY27JAN2626400CE,0.1081546936508672
16-01-2026 13:25||NIFTY27JAN2626500CE,0.1120022915191683
16-01-2026 13:30||NIFTY27JAN2624000PE,0.1784271536008255
16-01-2026 13:30||NIFTY27JAN2624200PE,0.1634765229629717
16-01-2026 13:30||NIFTY27JAN2624400PE,0.1499630732414321
16-01-2026 13:30||NIFTY27JAN2624900PE,0.1207403665875066
16-01-2026 13:30||NIFTY27JAN2625000PE,0.1158506754985762
16-01-2026 13:30||NIFTY27JAN2625200CE,0.1283256973623778
16-01-2026 13:35||NIFTY27JAN2624400PE,0.1487461629165736
16-01-2026 13:35||NIFTY27JAN2624500PE,0.1419068721394296
16-01-2026 13:35||NIFTY27JAN2624900PE,0.1193467871975233
16-01-2026 13:35||NIFTY27JAN2625500CE,0.1184517592644915
16-01-2026 13:35||NIFTY27JAN2626100CE,0.1021090399438477
16-01-2026 13:35||NIFTY27JAN2626400CE,0.1071552186508668
16-01-2026 13:40||NIFTY27JAN2623900PE,0.1863732483432141
16-01-2026 13:40||NIFTY27JAN2624500PE,0.1439369068735292
16-01-2026 13:40||NIFTY27JAN2624700PE,0.1316083558075274
16-01-2026 13:40||NIFTY27JAN2625200CE,0.1244091671220992
16-01-2026 13:40||NIFTY27JAN2625300CE,0.1190129613893091
16-01-2026 13:40||NIFTY27JAN2625900CE,0.1003595176643799
16-01-2026 13:40||NIFTY27JAN2626000CE,0.0989852822362848
16-01-2026 13:40||NIFTY27JAN2626200CE,0.1000015204416904
16-01-2026 13:40||NIFTY27JAN2626500CE,0.1090484490869414
16-01-2026 13:45||NIFTY27JAN2623900PE,0.1862767362499084
16-01-2026 13:45||NIFTY27JAN2624100PE,0.1705037517175114
16-01-2026 13:45||NIFTY27JAN2624500PE,0.1430152662372013
16-01-2026 13:50||NIFTY27JAN2624700PE,0.1337856259828047
16-01-2026 13:50||NIFTY27JAN2625900CE,0.0958729660089474
16-01-2026 13:50||NIFTY27JAN2626000CE,0.0953567944317814
16-01-2026 13:55||NIFTY27JAN2623900PE,0.1860752526548061
16-01-2026 13:55||NIFTY27JAN2624200PE,0.1632152188419215
16-01-2026 13:55||NIFTY27JAN2624300PE,0.1565902116245521
16-01-2026 13:55||NIFTY27JAN2625000PE,0.1157159532203451
16-01-2026 13:55||NIFTY27JAN2625700CE,0.1031633067423918
16-01-2026 13:55||NIFTY27JAN2626100CE,0.0998020959132652
16-01-2026 14:00||NIFTY27JAN2624500PE,0.1429363055916841
16-01-2026 14:00||NIFTY27JAN2624900PE,0.1202727562301682
16-01-2026 14:00||NIFTY27JAN2625000PE,0.1151232601158724
16-01-2026 14:00||NIFTY27JAN2625100PE,0.1102003015008268
16-01-2026 14:00||NIFTY27JAN2626000CE,0.0986545100431044
16-01-2026 14:05||NIFTY27JAN2624100PE,0.1716077421292823
16-01-2026 14:05||NIFTY27JAN2625500CE,0.1031256659998298
16-01-2026 14:05||NIFTY27JAN2625800CE,0.0975850238372437
16-01-2026 14:05||NIFTY27JAN2626100CE,0.0977743050018347
16-01-2026 14:10||NIFTY27JAN2624500PE,0.1442176780693813
16-01-2026 14:10||NIFTY27JAN2625100PE,0.1111034268681443
16-01-2026 14:10||NIFTY27JAN2625500CE,0.1091086956460074
16-01-2026 14:10||NIFTY27JAN2626400CE,0.1059953427934061
16-01-2026 14:10||NIFTY27JAN2626500CE,0.110329342944901
16-01-2026 14:15||NIFTY27JAN2624300PE,0.1568821053466482
16-01-2026 14:15||NIFTY27JAN2624600PE,0.1363298480315009
16-01-2026 14:15||NIFTY27JAN2624900PE,0.1197208195681351
16-01-2026 14:15||NIFTY27JAN2625500CE,0.1119066629980416
16-01-2026 14:20||NIFTY27JAN2624200PE,0.1646053526125221
16-01-2026 14:20||NIFTY27JAN2624800PE,0.1250849235871705
16-01-2026 14:20||NIFTY27JAN2625100PE,0.1107299101845455
16-01-2026 14:20||NIFTY27JAN2626000CE,0.0994340406197551
16-01-2026 14:20||NIFTY27JAN2626300CE,0.1027293270969167
16-01-2026 14:25||NIFTY27JAN2623900PE,0.1892105474065046
16-01-2026 14:25||NIFTY27JAN2624900PE,0.1223589343555637
16-01-2026 14:25||NIFTY27JAN2625100PE,0.1127734952930001
16-01-2026 14:25||NIFTY27JAN2625500CE,0.1001942014790842
16-01-2026 14:25||NIFTY27JAN2626500CE,0.1078185892742809
16-01-2026 14:30||NIFTY27JAN2623800PE,0.1941160894126667
16-01-2026 14:30||NIFTY27JAN2624300PE,0.1573266216717908
16-01-2026 14:30||NIFTY27JAN2626300CE,0.1031307590910941
16-01-2026 14:35||NIFTY27JAN2623800PE,0.1966072941275634
16-01-2026 14:35||NIFTY27JAN2624800PE,0.1265608861751221
16-01-2026 14:35||NIFTY27JAN2624900PE,0.1214547323013395
16-01-2026 14:35||NIFTY27JAN2625000PE,0.1166169349534165
16-01-2026 14:35||NIFTY27JAN2625300CE,0.1036532230638478
16-01-2026 14:35||NIFTY27JAN2625900CE,0.096768757119932
16-01-2026 14:35||NIFTY27JAN2626100CE,0.0967380262969754
16-01-2026 14:35||NIFTY27JAN2626200CE,0.0986746789558168
16-01-2026 14:35||NIFTY27JAN2626300CE,0.1007252743421993
16-01-2026 14:35||NIFTY27JAN2626500CE,0.1060554799614035
16-01-2026 14:40||NIFTY27JAN2624200PE,0.1652052552963088
16-01-2026 14:40||NIFTY27JAN2624600PE,0.1377409705069396
16-01-2026 14:40||NIFTY27JAN2624900PE,0.1206902891343038
16-01-2026 14:40||NIFTY27JAN2625800CE,0.0998091198463413
16-01-2026 14:40||NIFTY27JAN2626500CE,0.1087637601959947
16-01-2026 14:45||NIFTY27JAN2623900PE,0.1875423021607165
16-01-2026 14:45||NIFTY27JAN2624000PE,0.1800018314197284
16-01-2026 14:45||NIFTY27JAN2624100PE,0.1719501697983521
16-01-2026 14:45||NIFTY27JAN2625000PE,0.116268768388787
16-01-2026 14:45||NIFTY27JAN2625300CE,0.1100427599648679
16-01-2026 14:45||NIFTY27JAN2625600CE,0.1013140050730605
16-01-2026 14:45||NIFTY27JAN2626300CE,0.1000185904517891
16-01-2026 14:45||NIFTY27JAN2626400CE,0.1034927596266221
16-01-2026 14:50||NIFTY27JAN2623900PE,0.1872964038867266
16-01-2026 14:50||NIFTY27JAN2624100PE,0.1721814166527835
16-01-2026 14:50||NIFTY27JAN2624200PE,0.164450381754353
16-01-2026 14:50||NIFTY27JAN2624300PE,0.1571951655396724
16-01-2026 14:50||NIFTY27JAN2624700PE,0.1312586541943652
16-01-2026 14:50||NIFTY27JAN2625100PE,0.1114787470098015
16-01-2026 14:55||NIFTY27JAN2624200PE,0.1637454606966706
16-01-2026 14:55||NIFTY27JAN2624900PE,0.1207809267726336
16-01-2026 14:55||NIFTY27JAN2625200CE,0.1262582620607162
16-01-2026 14:55||NIFTY27JAN2625300CE,0.1199107207957119
16-01-2026 14:55||NIFTY27JAN2625600CE,0.1058461276791717
16-01-2026 14:55||NIFTY27JAN2625700CE,0.102352443455743
16-01-2026 14:55||NIFTY27JAN2625800CE,0.0998925971674786
16-01-2026 15:00||NIFTY27JAN2624000PE,0.1799841600149463
16-01-2026 15:00||NIFTY27JAN2624800PE,0.1270657664426853
16-01-2026 15:00||NIFTY27JAN2624900PE,0.1220693352926716
16-01-2026 15:00||NIFTY27JAN2625500CE,0.1011923986528628
16-01-2026 15:05||NIFTY27JAN2623900PE,0.1867126050489318
16-01-2026 15:05||NIFTY27JAN2624100PE,0.1717213201216463
16-01-2026 15:05||NIFTY27JAN2624200PE,0.1638021570215801
16-01-2026 15:05||NIFTY27JAN2624600PE,0.1372327717013988
16-01-2026 15:05||NIFTY27JAN2624900PE,0.1214333272289192
16-01-2026 15:05||NIFTY27JAN2626200CE,0.0981042347921601
16-01-2026 15:10||NIFTY27JAN2623900PE,0.1858917464479788
16-01-2026 15:10||NIFTY27JAN2624700PE,0.1312405203458411
16-01-2026 15:10||NIFTY27JAN2624800PE,0.1259706479766791
16-01-2026 15:10||NIFTY27JAN2625100PE,0.1122652655401434
16-01-2026 15:10||NIFTY27JAN2625600CE,0.1004828886975985
16-01-2026 15:15||NIFTY27JAN2623800PE,0.1941858179548496
16-01-2026 15:15||NIFTY27JAN2624200PE,0.1628040568925115
16-01-2026 15:15||NIFTY27JAN2624400PE,0.1490607027158237
16-01-2026 15:15||NIFTY27JAN2624500PE,0.1430298256332847
16-01-2026 15:15||NIFTY27JAN2624700PE,0.1308789169474771
16-01-2026 15:15||NIFTY27JAN2624800PE,0.1254520692723861
16-01-2026 15:15||NIFTY27JAN2625000PE,0.1151812897682713
16-01-2026 15:15||NIFTY27JAN2625300CE,0.119916680671217
16-01-2026 15:15||NIFTY27JAN2625500CE,0.1099763159209139
16-01-2026 15:15||NIFTY27JAN2626000CE,0.0989678711603367
16-01-2026 15:15||NIFTY27JAN2626100CE,0.0985881515589106
16-01-2026 15:15||NIFTY27JAN2626300CE,0.1017551797316862
16-01-2026 15:20||NIFTY27JAN2623900PE,0.1865836974533863
16-01-2026 15:20||NIFTY27JAN2624000PE,0.1791278398593387
16-01-2026 15:20||NIFTY27JAN2624200PE,0.1638767447832076
16-01-2026 15:20||NIFTY27JAN2624400PE,0.1501808446776031
16-01-2026 15:20||NIFTY27JAN2624600PE,0.1371361800693797
16-01-2026 15:20||NIFTY27JAN2624800PE,0.125425950716318
16-01-2026 15:20||NIFTY27JAN2625500CE,0.1087577176227831
16-01-2026 15:20||NIFTY27JAN2625900CE,0.0989145635135599
16-01-2026 15:20||NIFTY27JAN2626100CE,0.0981668956485641
16-01-2026 15:20||NIFTY27JAN2626400CE,0.1049523109845793
16-01-2026 15:20||NIFTY27JAN2626500CE,0.1095518065369027
16-01-2026 15:25||NIFTY27JAN2626400CE,0.1033418777273098
16-01-2026 15:25||NIFTY27JAN2626500CE,0.1080613359776592
19-01-2026 09:15||NIFTY27JAN2624700PE,0.1360350255766764
19-01-2026 09:15||NIFTY27JAN2624900PE,0.1241222133765909
19-01-2026 09:15||NIFTY27JAN2625400CE,0.1289002144610833
19-01-2026 09:15||NIFTY27JAN2625500CE,0.1243652448207868
19-01-2026 09:15||NIFTY27JAN2625900CE,0.1174024304350851
19-01-2026 09:15||NIFTY27JAN2626300CE,0.1254387406172554
19-01-2026 09:15||NIFTY27JAN2626400CE,0.130067127620471
19-01-2026 09:20||NIFTY27JAN2624600PE,0.1472039554139037
19-01-2026 09:20||NIFTY27JAN2625700CE,0.0990934964645493
19-01-2026 09:20||NIFTY27JAN2626100CE,0.1089536812204254
19-01-2026 09:20||NIFTY27JAN2626400CE,0.1222793291104125
19-01-2026 09:25||NIFTY27JAN2624500PE,0.1525134728936148
19-01-2026 09:25||NIFTY27JAN2625500CE,0.1022478035788658
19-01-2026 09:25||NIFTY27JAN2625600CE,0.10180786592338
19-01-2026 09:25||NIFTY27JAN2625700CE,0.1025561054991364
19-01-2026 09:25||NIFTY27JAN2626100CE,0.1113984753520647
19-01-2026 09:25||NIFTY27JAN2626200CE,0.1154453323321575
19-01-2026 09:25||NIFTY27JAN2626400CE,0.1250122183511202
19-01-2026 09:30||NIFTY27JAN2623800PE,0.2057031641983657
19-01-2026 09:30||NIFTY27JAN2624000PE,0.1913383050071075
19-01-2026 09:30||NIFTY27JAN2624200PE,0.1744974908901184
19-01-2026 09:30||NIFTY27JAN2624300PE,0.1657963294292468
19-01-2026 09:30||NIFTY27JAN2624400PE,0.157891917223413
19-01-2026 09:30||NIFTY27JAN2624800PE,0.1278417592382954
19-01-2026 09:30||NIFTY27JAN2625400CE,0.1280688327780623
19-01-2026 09:30||NIFTY27JAN2625800CE,0.1153822271055347
19-01-2026 09:30||NIFTY27JAN2626500CE,0.1385781309782672
19-01-2026 09:35||NIFTY27JAN2624500PE,0.1555799921634726
19-01-2026 09:35||NIFTY27JAN2624800PE,0.1339104461653626
19-01-2026 09:35||NIFTY27JAN2625500CE,0.0992028079304709
19-01-2026 09:35||NIFTY27JAN2625600CE,0.0997042232973886
19-01-2026 09:35||NIFTY27JAN2626200CE,0.1137577320037266
19-01-2026 09:40||NIFTY27JAN2624100PE,0.1839447499496866
19-01-2026 09:40||NIFTY27JAN2624200PE,0.175278143498005
19-01-2026 09:40||NIFTY27JAN2624400PE,0.1591666065769406
19-01-2026 09:40||NIFTY27JAN2624500PE,0.1504848257658544
19-01-2026 09:40||NIFTY27JAN2624600PE,0.1417738390935436
19-01-2026 09:40||NIFTY27JAN2624900PE,0.1234231064730941
19-01-2026 09:40||NIFTY27JAN2625700CE,0.1092297592589801
19-01-2026 09:40||NIFTY27JAN2626200CE,0.1177153128612928
19-01-2026 09:40||NIFTY27JAN2626300CE,0.1220121486566654
19-01-2026 09:40||NIFTY27JAN2626500CE,0.1347012676533872
19-01-2026 09:45||NIFTY27JAN2623900PE,0.1992084550673771
19-01-2026 09:45||NIFTY27JAN2624000PE,0.1927582742397069
19-01-2026 09:45||NIFTY27JAN2626200CE,0.1162475973039889
19-01-2026 09:50||NIFTY27JAN2623900PE,0.1997713932299349
19-01-2026 09:50||NIFTY27JAN2624700PE,0.1377333385116674
19-01-2026 09:50||NIFTY27JAN2624800PE,0.1316779876469915
19-01-2026 09:50||NIFTY27JAN2625300CE,0.1013354742856389
19-01-2026 09:50||NIFTY27JAN2625900CE,0.105279532094368
19-01-2026 09:50||NIFTY27JAN2626200CE,0.115042016401464
19-01-2026 09:55||NIFTY27JAN2624700PE,0.1378727385098876
19-01-2026 09:55||NIFTY27JAN2625400CE,0.1010978633733366
19-01-2026 09:55||NIFTY27JAN2625700CE,0.1024737921825078
19-01-2026 09:55||NIFTY27JAN2626400CE,0.1259008198170299
19-01-2026 10:00||NIFTY27JAN2624400PE,0.1576882646560911
19-01-2026 10:00||NIFTY27JAN2625000PE,0.1191115652998533
19-01-2026 10:00||NIFTY27JAN2625700CE,0.1055676453830081
19-01-2026 10:00||NIFTY27JAN2625900CE,0.10820927871411
19-01-2026 10:05||NIFTY27JAN2624500PE,0.1480795548861984
19-01-2026 10:05||NIFTY27JAN2624800PE,0.1269208946931215
19-01-2026 10:05||NIFTY27JAN2625200CE,0.1267135083269579
19-01-2026 10:05||NIFTY27JAN2625500CE,0.114386103731725
19-01-2026 10:05||NIFTY27JAN2626100CE,0.1168544726242402
19-01-2026 10:05||NIFTY27JAN2626200CE,0.120830962795523
19-01-2026 10:10||NIFTY27JAN2623800PE,0.2079258323872448
19-01-2026 10:10||NIFTY27JAN2624200PE,0.1742620176780853
19-01-2026 10:10||NIFTY27JAN2624400PE,0.1577094752872199
19-01-2026 10:10||NIFTY27JAN2625100PE,0.1162554157679132
19-01-2026 10:15||NIFTY27JAN2624200PE,0.174255232260597
19-01-2026 10:15||NIFTY27JAN2624400PE,0.1574789870609994
19-01-2026 10:15||NIFTY27JAN2624700PE,0.1350364970635205
19-01-2026 10:15||NIFTY27JAN2624800PE,0.1292644490559666
19-01-2026 10:15||NIFTY27JAN2625100PE,0.1154477827897295
19-01-2026 10:15||NIFTY27JAN2625500CE,0.1092565095804616
19-01-2026 10:15||NIFTY27JAN2625700CE,0.1072439904445659
19-01-2026 10:15||NIFTY27JAN2626200CE,0.1190642874529253
19-01-2026 10:15||NIFTY27JAN2626500CE,0.1374579048840765
19-01-2026 10:20||NIFTY27JAN2623900PE,0.1996059847235667
19-01-2026 10:20||NIFTY27JAN2624100PE,0.1845414560112885
19-01-2026 10:20||NIFTY27JAN2625500CE,0.106636794199673
19-01-2026 10:20||NIFTY27JAN2626300CE,0.1224713297726509
19-01-2026 10:25||NIFTY27JAN2625400CE,0.1015457807908841
19-01-2026 10:25||NIFTY27JAN2626100CE,0.1138116016147883
19-01-2026 10:25||NIFTY27JAN2626400CE,0.12820988637284
19-01-2026 10:25||NIFTY27JAN2626500CE,0.1349970347073501
19-01-2026 10:30||NIFTY27JAN2623800PE,0.2088469552901699
19-01-2026 10:30||NIFTY27JAN2623900PE,0.199417245480074
19-01-2026 10:30||NIFTY27JAN2624600PE,0.1424591999584699
19-01-2026 10:30||NIFTY27JAN2624700PE,0.1364227940249804
19-01-2026 10:30||NIFTY27JAN2624800PE,0.1310016907920328
19-01-2026 10:30||NIFTY27JAN2624900PE,0.1283437302772618
19-01-2026 10:30||NIFTY27JAN2626200CE,0.1195616169041358
19-01-2026 10:35||NIFTY27JAN2623800PE,0.2050729299454694
19-01-2026 10:35||NIFTY27JAN2624700PE,0.1363719073182778
19-01-2026 10:35||NIFTY27JAN2624800PE,0.1312355406937726
19-01-2026 10:35||NIFTY27JAN2625000PE,0.1217949669986033
19-01-2026 10:35||NIFTY27JAN2625200CE,0.1106971503531326
19-01-2026 10:35||NIFTY27JAN2626300CE,0.124208573243294
19-01-2026 10:40||NIFTY27JAN2623800PE,0.2095100814418451
19-01-2026 10:40||NIFTY27JAN2623900PE,0.1993367846271709
19-01-2026 10:40||NIFTY27JAN2624000PE,0.1908683190293683
19-01-2026 10:40||NIFTY27JAN2624700PE,0.1343578708048269
19-01-2026 10:40||NIFTY27JAN2625400CE,0.1173474497747513
19-01-2026 10:40||NIFTY27JAN2625700CE,0.1118146957170225
19-01-2026 10:45||NIFTY27JAN2624000PE,0.1920557725600762
19-01-2026 10:45||NIFTY27JAN2624700PE,0.1376304557778773
19-01-2026 10:45||NIFTY27JAN2625600CE,0.1064147789555036
19-01-2026 10:45||NIFTY27JAN2626200CE,0.1186073596062513
19-01-2026 10:50||NIFTY27JAN2625100PE,0.1153904582816274
19-01-2026 10:50||NIFTY27JAN2625200CE,0.1234941907267881
19-01-2026 10:50||NIFTY27JAN2626200CE,0.1198828482661404
19-01-2026 10:55||NIFTY27JAN2624100PE,0.1829503502427201
19-01-2026 10:55||NIFTY27JAN2624200PE,0.1741424104363105
19-01-2026 10:55||NIFTY27JAN2624500PE,0.1492691417428471
19-01-2026 10:55||NIFTY27JAN2625400CE,0.1207019778413922
19-01-2026 10:55||NIFTY27JAN2625500CE,0.1167737879513524
19-01-2026 10:55||NIFTY27JAN2625900CE,0.1114688726638348
19-01-2026 10:55||NIFTY27JAN2626000CE,0.1136624896306699
19-01-2026 11:00||NIFTY27JAN2623900PE,0.201535946605377
19-01-2026 11:00||NIFTY27JAN2624400PE,0.1598232733176363
19-01-2026 11:00||NIFTY27JAN2625400CE,0.1157119715343455
19-01-2026 11:00||NIFTY27JAN2625600CE,0.1116023800222549
19-01-2026 11:00||NIFTY27JAN2625700CE,0.1096795872448694
19-01-2026 11:00||NIFTY27JAN2625800CE,0.1087170738212606
19-01-2026 11:00||NIFTY27JAN2626300CE,0.1223013233624605
19-01-2026 11:00||NIFTY27JAN2626500CE,0.1340449345378047
19-01-2026 11:05||NIFTY27JAN2623800PE,0.2120372735534879
19-01-2026 11:05||NIFTY27JAN2623900PE,0.2031133375013833
19-01-2026 11:05||NIFTY27JAN2624200PE,0.1783901306487649
19-01-2026 11:05||NIFTY27JAN2624500PE,0.1549016186176182
19-01-2026 11:05||NIFTY27JAN2625000PE,0.1259005389494625
19-01-2026 11:05||NIFTY27JAN2625600CE,0.1013997403987403
19-01-2026 11:05||NIFTY27JAN2626100CE,0.1098195107409161
19-01-2026 11:10||NIFTY27JAN2624300PE,0.1679777223313436
19-01-2026 11:10||NIFTY27JAN2625800CE,0.1054179185731278
19-01-2026 11:15||NIFTY27JAN2624400PE,0.1606832999587411
19-01-2026 11:15||NIFTY27JAN2624500PE,0.1536605477547912
19-01-2026 11:15||NIFTY27JAN2624600PE,0.1463534876415
19-01-2026 11:15||NIFTY27JAN2624700PE,0.1393623317457066
19-01-2026 11:15||NIFTY27JAN2624900PE,0.1289257781050921
19-01-2026 11:15||NIFTY27JAN2625100PE,0.1185091804728024
19-01-2026 11:20||NIFTY27JAN2623800PE,0.2054576104785246
19-01-2026 11:20||NIFTY27JAN2624200PE,0.1738186925828948
19-01-2026 11:20||NIFTY27JAN2624300PE,0.165706110007699
19-01-2026 11:20||NIFTY27JAN2624500PE,0.1499047093485082
19-01-2026 11:20||NIFTY27JAN2624900PE,0.1250559290612152
19-01-2026 11:20||NIFTY27JAN2625400CE,0.1143911655070937
19-01-2026 11:20||NIFTY27JAN2625500CE,0.1119287922354104
19-01-2026 11:20||NIFTY27JAN2625600CE,0.109846305830068
19-01-2026 11:20||NIFTY27JAN2625700CE,0.1088831376065684
19-01-2026 11:20||NIFTY27JAN2626200CE,0.1199120483057356
19-01-2026 11:20||NIFTY27JAN2626300CE,0.1247868466644916
19-01-2026 11:20||NIFTY27JAN2626500CE,0.1378982853445549
19-01-2026 11:25||NIFTY27JAN2624900PE,0.1253666830908812
19-01-2026 11:25||NIFTY27JAN2625300CE,0.1174096871896956
19-01-2026 11:25||NIFTY27JAN2625400CE,0.1145760892954506
19-01-2026 11:30||NIFTY27JAN2624100PE,0.1835455834516812
19-01-2026 11:30||NIFTY27JAN2624600PE,0.143379990302904
19-01-2026 11:30||NIFTY27JAN2624900PE,0.1253144670065822
19-01-2026 11:30||NIFTY27JAN2625000PE,0.1200811289948156
19-01-2026 11:30||NIFTY27JAN2625500CE,0.1119388019920037
19-01-2026 11:30||NIFTY27JAN2625700CE,0.1087546768038905
19-01-2026 11:30||NIFTY27JAN2626500CE,0.1366800879797338
19-01-2026 11:35||NIFTY27JAN2623900PE,0.1986988078098961
19-01-2026 11:35||NIFTY27JAN2624600PE,0.1425638873966654
19-01-2026 11:35||NIFTY27JAN2625800CE,0.1099958906233098
19-01-2026 11:35||NIFTY27JAN2626000CE,0.1125560539542647
19-01-2026 11:35||NIFTY27JAN2626200CE,0.1202309261410548
19-01-2026 11:35||NIFTY27JAN2626300CE,0.1255546501808595
19-01-2026 11:35||NIFTY27JAN2626400CE,0.1320545912780275
19-01-2026 11:35||NIFTY27JAN2626500CE,0.1399446863918712
19-01-2026 11:40||NIFTY27JAN2623800PE,0.2081160008131872
19-01-2026 11:40||NIFTY27JAN2624100PE,0.1850481227976548
19-01-2026 11:40||NIFTY27JAN2624200PE,0.1764306798532668
19-01-2026 11:40||NIFTY27JAN2624400PE,0.1599602526535086
19-01-2026 11:40||NIFTY27JAN2624500PE,0.1510105278114721
19-01-2026 11:40||NIFTY27JAN2625100PE,0.1159898141688593
19-01-2026 11:45||NIFTY27JAN2624300PE,0.1685527222116558
19-01-2026 11:45||NIFTY27JAN2625400CE,0.1130153208513
19-01-2026 11:50||NIFTY27JAN2624600PE,0.1450297436825405
19-01-2026 11:50||NIFTY27JAN2625200CE,0.1172801373182714
19-01-2026 11:50||NIFTY27JAN2626300CE,0.1220744482397826
19-01-2026 11:55||NIFTY27JAN2623800PE,0.2068952795465213
19-01-2026 11:55||NIFTY27JAN2624300PE,0.1690140039809975
19-01-2026 11:55||NIFTY27JAN2624500PE,0.1535425259192333
19-01-2026 11:55||NIFTY27JAN2624600PE,0.146155910266355
19-01-2026 11:55||NIFTY27JAN2624700PE,0.139145058981974
19-01-2026 11:55||NIFTY27JAN2625900CE,0.1053647844369187
19-01-2026 11:55||NIFTY27JAN2626200CE,0.1162375415532039
19-01-2026 12:00||NIFTY27JAN2624200PE,0.175594005810078
19-01-2026 12:00||NIFTY27JAN2624300PE,0.1673007760479485
19-01-2026 12:00||NIFTY27JAN2624400PE,0.1590809251185057
19-01-2026 12:00||NIFTY27JAN2624500PE,0.1513602068673947
19-01-2026 12:00||NIFTY27JAN2624700PE,0.1380022619323035
19-01-2026 12:00||NIFTY27JAN2625000PE,0.1214626269920415
19-01-2026 12:00||NIFTY27JAN2626100CE,0.1135131699922098
19-01-2026 12:00||NIFTY27JAN2626500CE,0.1359861943637099
19-01-2026 12:05||NIFTY27JAN2623900PE,0.1991858387970904
19-01-2026 12:05||NIFTY27JAN2624400PE,0.1609594255962854
19-01-2026 12:05||NIFTY27JAN2624500PE,0.1523588172679293
19-01-2026 12:05||NIFTY27JAN2625200CE,0.1145914056886994
19-01-2026 12:05||NIFTY27JAN2625400CE,0.1077862244151433
19-01-2026 12:05||NIFTY27JAN2625500CE,0.1063003648778
19-01-2026 12:05||NIFTY27JAN2625700CE,0.1049266295608397
19-01-2026 12:05||NIFTY27JAN2626100CE,0.1143220482729852
19-01-2026 12:05||NIFTY27JAN2626200CE,0.1188035622046221
19-01-2026 12:05||NIFTY27JAN2626400CE,0.1307580346155319
19-01-2026 12:05||NIFTY27JAN2626500CE,0.1383470150759471
19-01-2026 12:10||NIFTY27JAN2623900PE,0.1994477904415856
19-01-2026 12:10||NIFTY27JAN2625600CE,0.1096006724850156
19-01-2026 12:10||NIFTY27JAN2626400CE,0.1301755620325018
19-01-2026 12:15||NIFTY27JAN2623900PE,0.1991366949881281
19-01-2026 12:15||NIFTY27JAN2624100PE,0.1845981137686667
19-01-2026 12:15||NIFTY27JAN2624300PE,0.1681192334910708
19-01-2026 12:20||NIFTY27JAN2623800PE,0.2082295305359496
19-01-2026 12:20||NIFTY27JAN2624400PE,0.1619908672807923
19-01-2026 12:20||NIFTY27JAN2625100PE,0.1177357984189022
19-01-2026 12:20||NIFTY27JAN2625300CE,0.1080077937946697
19-01-2026 12:20||NIFTY27JAN2626200CE,0.1152803164752604
19-01-2026 12:25||NIFTY27JAN2623800PE,0.2074289192898559
19-01-2026 12:25||NIFTY27JAN2625700CE,0.1050930081068344
19-01-2026 12:25||NIFTY27JAN2626500CE,0.1358942850186935
19-01-2026 12:30||NIFTY27JAN2623900PE,0.1997756971313684
19-01-2026 12:30||NIFTY27JAN2624300PE,0.1687373988013973
19-01-2026 12:30||NIFTY27JAN2624500PE,0.1523441313208255
19-01-2026 12:30||NIFTY27JAN2625000PE,0.1201678943044708
19-01-2026 12:30||NIFTY27JAN2625400CE,0.1085419915597931
19-01-2026 12:30||NIFTY27JAN2626500CE,0.1362931647651599
19-01-2026 12:35||NIFTY27JAN2624100PE,0.1846792514423576
19-01-2026 12:35||NIFTY27JAN2624200PE,0.1765478652331626
19-01-2026 12:35||NIFTY27JAN2624400PE,0.1603249708970242
19-01-2026 12:35||NIFTY27JAN2624700PE,0.1381412109858768
19-01-2026 12:35||NIFTY27JAN2625000PE,0.1209612743314902
19-01-2026 12:35||NIFTY27JAN2625300CE,0.1100271416066576
19-01-2026 12:40||NIFTY27JAN2623800PE,0.2064014530402014
19-01-2026 12:40||NIFTY27JAN2625700CE,0.1087611589907027
19-01-2026 12:40||NIFTY27JAN2625800CE,0.1085269845695222
19-01-2026 12:40||NIFTY27JAN2626400CE,0.1310817377687811
19-01-2026 12:45||NIFTY27JAN2626000CE,0.109281655023949
19-01-2026 12:45||NIFTY27JAN2626100CE,0.113363318459303
19-01-2026 12:45||NIFTY27JAN2626400CE,0.1289715980360704
19-01-2026 12:50||NIFTY27JAN2623800PE,0.2074000506826179
19-01-2026 12:50||NIFTY27JAN2624200PE,0.174867656837911
19-01-2026 12:50||NIFTY27JAN2625900CE,0.1099868319148171
19-01-2026 12:50||NIFTY27JAN2626500CE,0.1374147140733868
19-01-2026 12:55||NIFTY27JAN2623900PE,0.2024092604553108
19-01-2026 12:55||NIFTY27JAN2624100PE,0.187293840924922
19-01-2026 12:55||NIFTY27JAN2624300PE,0.1710932018388469
19-01-2026 12:55||NIFTY27JAN2624400PE,0.1619333431389495
19-01-2026 12:55||NIFTY27JAN2624500PE,0.1528952785474118
19-01-2026 12:55||NIFTY27JAN2624700PE,0.1383834848470186
19-01-2026 12:55||NIFTY27JAN2625100PE,0.1168219818713023
19-01-2026 12:55||NIFTY27JAN2625700CE,0.1053169824469861
19-01-2026 12:55||NIFTY27JAN2626000CE,0.1088584809437875
19-01-2026 13:00||NIFTY27JAN2623900PE,0.2031255940842804
19-01-2026 13:00||NIFTY27JAN2624000PE,0.196532529737488
19-01-2026 13:00||NIFTY27JAN2624400PE,0.1632783584338124
19-01-2026 13:00||NIFTY27JAN2624700PE,0.139939700158731
19-01-2026 13:00||NIFTY27JAN2625400CE,0.1084686801774985
19-01-2026 13:00||NIFTY27JAN2625600CE,0.1053346173170091
19-01-2026 13:00||NIFTY27JAN2625900CE,0.106300338335938
19-01-2026 13:00||NIFTY27JAN2626200CE,0.116323912733204
19-01-2026 13:00||NIFTY27JAN2626500CE,0.1333396245522315
19-01-2026 13:05||NIFTY27JAN2624600PE,0.1470210055942526
19-01-2026 13:05||NIFTY27JAN2625100PE,0.1176250676225869
19-01-2026 13:05||NIFTY27JAN2625700CE,0.1032354671464794
19-01-2026 13:10||NIFTY27JAN2623800PE,0.2134249935631054
19-01-2026 13:10||NIFTY27JAN2623900PE,0.2049923873266639
19-01-2026 13:10||NIFTY27JAN2624400PE,0.1642562964294924
19-01-2026 13:10||NIFTY27JAN2624500PE,0.1551364210989838
19-01-2026 13:10||NIFTY27JAN2624600PE,0.1463705096854468
19-01-2026 13:10||NIFTY27JAN2626200CE,0.1151508904968388
19-01-2026 13:10||NIFTY27JAN2626300CE,0.1202820642334003
19-01-2026 13:15||NIFTY27JAN2625800CE,0.1069608794236458
19-01-2026 13:20||NIFTY27JAN2624400PE,0.1628813452082127
19-01-2026 13:20||NIFTY27JAN2624800PE,0.1324489122403225
19-01-2026 13:20||NIFTY27JAN2624900PE,0.127265750132512
19-01-2026 13:20||NIFTY27JAN2625000PE,0.1216976447033015
19-01-2026 13:20||NIFTY27JAN2625200CE,0.1119799856785981
19-01-2026 13:20||NIFTY27JAN2625400CE,0.1060347197108164
19-01-2026 13:25||NIFTY27JAN2623900PE,0.2040336439678887
19-01-2026 13:25||NIFTY27JAN2625000PE,0.1204345676562113
19-01-2026 13:25||NIFTY27JAN2625300CE,0.1111875108135329
19-01-2026 13:25||NIFTY27JAN2625400CE,0.1087113549228746
19-01-2026 13:25||NIFTY27JAN2625900CE,0.1061921728683756
19-01-2026 13:25||NIFTY27JAN2626200CE,0.1173613061843745
19-01-2026 13:25||NIFTY27JAN2626500CE,0.1347155777620088
19-01-2026 13:30||NIFTY27JAN2624300PE,0.1703144137740375
19-01-2026 13:30||NIFTY27JAN2624900PE,0.1255062755019143
19-01-2026 13:30||NIFTY27JAN2625100PE,0.1149031411227241
19-01-2026 13:30||NIFTY27JAN2625800CE,0.1065227611661754
19-01-2026 13:30||NIFTY27JAN2626100CE,0.1133101150297406
19-01-2026 13:30||NIFTY27JAN2626300CE,0.1224468228637363
19-01-2026 13:30||NIFTY27JAN2626500CE,0.1348182724730335
19-01-2026 13:35||NIFTY27JAN2624400PE,0.1640515985808761
19-01-2026 13:35||NIFTY27JAN2624900PE,0.1278765383918401
19-01-2026 13:35||NIFTY27JAN2626200CE,0.1157817517848869
19-01-2026 13:35||NIFTY27JAN2626400CE,0.1260547069894961
19-01-2026 13:40||NIFTY27JAN2624800PE,0.1347686342952361
19-01-2026 13:40||NIFTY27JAN2625300CE,0.100786363520207
19-01-2026 13:40||NIFTY27JAN2625400CE,0.1015592135208596
19-01-2026 13:40||NIFTY27JAN2625600CE,0.1009680260199346
19-01-2026 13:40||NIFTY27JAN2625800CE,0.1019371311095973
19-01-2026 13:40||NIFTY27JAN2625900CE,0.1033784303833549
19-01-2026 13:45||NIFTY27JAN2624300PE,0.1689939244209073
19-01-2026 13:45||NIFTY27JAN2624700PE,0.135616625036917
19-01-2026 13:45||NIFTY27JAN2625100PE,0.1101631121709907
19-01-2026 13:45||NIFTY27JAN2625500CE,0.1211393293796021
19-01-2026 13:45||NIFTY27JAN2626500CE,0.1354064306927327
19-01-2026 13:50||NIFTY27JAN2623900PE,0.2050752462769839
19-01-2026 13:50||NIFTY27JAN2624200PE,0.1813186592563305
19-01-2026 13:50||NIFTY27JAN2625100PE,0.1168547241886592
19-01-2026 13:50||NIFTY27JAN2625400CE,0.1164013381245965
19-01-2026 13:50||NIFTY27JAN2625700CE,0.1067312947509648
19-01-2026 13:50||NIFTY27JAN2626200CE,0.1136541618545194
19-01-2026 13:55||NIFTY27JAN2624500PE,0.1593757310912478
19-01-2026 13:55||NIFTY27JAN2624600PE,0.1505404976081852
19-01-2026 13:55||NIFTY27JAN2625600CE,0.1027495839381238
19-01-2026 13:55||NIFTY27JAN2625700CE,0.1019073563005825
19-01-2026 13:55||NIFTY27JAN2625800CE,0.1016751739939856
19-01-2026 13:55||NIFTY27JAN2625900CE,0.1022147918591827
19-01-2026 13:55||NIFTY27JAN2626200CE,0.1105029490725719
19-01-2026 14:00||NIFTY27JAN2624100PE,0.1934056137128814
19-01-2026 14:00||NIFTY27JAN2624600PE,0.1498197488601
19-01-2026 14:00||NIFTY27JAN2625300CE,0.1208775409241251
19-01-2026 14:00||NIFTY27JAN2625800CE,0.1079632736137696
19-01-2026 14:00||NIFTY27JAN2625900CE,0.1072802822312155
19-01-2026 14:00||NIFTY27JAN2626100CE,0.1099240793155402
19-01-2026 14:05||NIFTY27JAN2623800PE,0.2172747732291213
19-01-2026 14:05||NIFTY27JAN2624200PE,0.1872240711112072
19-01-2026 14:05||NIFTY27JAN2624500PE,0.1606702650738363
19-01-2026 14:05||NIFTY27JAN2625000PE,0.1250956561795515
19-01-2026 14:05||NIFTY27JAN2625400CE,0.1077774151792283
19-01-2026 14:05||NIFTY27JAN2626500CE,0.1245759875611725
19-01-2026 14:10||NIFTY27JAN2624400PE,0.1703585912844367
19-01-2026 14:10||NIFTY27JAN2624500PE,0.1604005385107516
19-01-2026 14:10||NIFTY27JAN2625100PE,0.1205092880443867
19-01-2026 14:10||NIFTY27JAN2625200CE,0.1034267729007076
19-01-2026 14:10||NIFTY27JAN2626100CE,0.1034471913125045
19-01-2026 14:15||NIFTY27JAN2623800PE,0.2144993626306079
19-01-2026 14:15||NIFTY27JAN2624100PE,0.1928355329277156
19-01-2026 14:15||NIFTY27JAN2624200PE,0.1843716949157454
19-01-2026 14:15||NIFTY27JAN2624500PE,0.1577055497101716
19-01-2026 14:15||NIFTY27JAN2624700PE,0.1411008397732942
19-01-2026 14:15||NIFTY27JAN2624800PE,0.1341572245934834
19-01-2026 14:15||NIFTY27JAN2625100PE,0.1146882404248259
19-01-2026 14:15||NIFTY27JAN2626400CE,0.1219818010868678
19-01-2026 14:20||NIFTY27JAN2624200PE,0.1854134370637323
19-01-2026 14:20||NIFTY27JAN2624500PE,0.1598511775949287
19-01-2026 14:20||NIFTY27JAN2625800CE,0.1019373969132217
19-01-2026 14:20||NIFTY27JAN2626000CE,0.1031957469119753
19-01-2026 14:25||NIFTY27JAN2624000PE,0.2012609856436893
19-01-2026 14:25||NIFTY27JAN2625100PE,0.119802453039389
19-01-2026 14:25||NIFTY27JAN2625700CE,0.0984734441964967
19-01-2026 14:25||NIFTY27JAN2625900CE,0.0992795723360515
19-01-2026 14:25||NIFTY27JAN2626000CE,0.1007517458669013
19-01-2026 14:25||NIFTY27JAN2626500CE,0.1244372655933467
19-01-2026 14:30||NIFTY27JAN2624100PE,0.1933703189816573
19-01-2026 14:30||NIFTY27JAN2624300PE,0.1763810066011171
19-01-2026 14:30||NIFTY27JAN2624700PE,0.1431765372833915
19-01-2026 14:30||NIFTY27JAN2624800PE,0.1362720615434103
19-01-2026 14:30||NIFTY27JAN2625000PE,0.1238035549669724
19-01-2026 14:35||NIFTY27JAN2623800PE,0.2153399569273912
19-01-2026 14:35||NIFTY27JAN2624300PE,0.17551203376631
19-01-2026 14:35||NIFTY27JAN2625000PE,0.1231171901768704
19-01-2026 14:35||NIFTY27JAN2625800CE,0.1040521306706523
19-01-2026 14:35||NIFTY27JAN2626100CE,0.1070574371600798
19-01-2026 14:35||NIFTY27JAN2626300CE,0.1147037181025396
19-01-2026 14:35||NIFTY27JAN2626400CE,0.1200428453394906
19-01-2026 14:40||NIFTY27JAN2624000PE,0.200924821864886
19-01-2026 14:40||NIFTY27JAN2624300PE,0.1772979794338471
19-01-2026 14:40||NIFTY27JAN2624700PE,0.1444269343995436
19-01-2026 14:40||NIFTY27JAN2625200CE,0.112803032140814
19-01-2026 14:45||NIFTY27JAN2623900PE,0.2099763809282002
19-01-2026 14:45||NIFTY27JAN2624100PE,0.1947142051751518
19-01-2026 14:45||NIFTY27JAN2624400PE,0.1692987799556942
19-01-2026 14:45||NIFTY27JAN2624600PE,0.152134917945796
19-01-2026 14:45||NIFTY27JAN2624800PE,0.1376421614268075
19-01-2026 14:45||NIFTY27JAN2625800CE,0.1001930301202129
19-01-2026 14:45||NIFTY27JAN2626000CE,0.1017300860128536
19-01-2026 14:50||NIFTY27JAN2624000PE,0.202592717940516
19-01-2026 14:50||NIFTY27JAN2624200PE,0.1868869480394139
19-01-2026 14:50||NIFTY27JAN2624500PE,0.1609994567467039
19-01-2026 14:50||NIFTY27JAN2625100PE,0.1194590824262071
19-01-2026 14:50||NIFTY27JAN2625700CE,0.1016852137031776
19-01-2026 14:55||NIFTY27JAN2623800PE,0.2203171991351902
19-01-2026 14:55||NIFTY27JAN2624400PE,0.1710598443000357
19-01-2026 14:55||NIFTY27JAN2625300CE,0.104248213900604
19-01-2026 14:55||NIFTY27JAN2625400CE,0.1027645678838027
19-01-2026 14:55||NIFTY27JAN2626000CE,0.1000888380772195
19-01-2026 14:55||NIFTY27JAN2626100CE,0.1024067378804538
19-01-2026 15:00||NIFTY27JAN2624300PE,0.1812680775269317
19-01-2026 15:00||NIFTY27JAN2625000PE,0.1290232244584199
19-01-2026 15:00||NIFTY27JAN2625600CE,0.0906822667063043
19-01-2026 15:00||NIFTY27JAN2626000CE,0.095978619470145
19-01-2026 15:00||NIFTY27JAN2626300CE,0.1083424414375642
19-01-2026 15:05||NIFTY27JAN2623900PE,0.2088421448541275
19-01-2026 15:05||NIFTY27JAN2625700CE,0.0949029192722541
19-01-2026 15:05||NIFTY27JAN2626000CE,0.0980068619325642
19-01-2026 15:05||NIFTY27JAN2626400CE,0.1166472351891769
19-01-2026 15:10||NIFTY27JAN2624100PE,0.1932416642342724
19-01-2026 15:10||NIFTY27JAN2624300PE,0.1765786990048754
19-01-2026 15:10||NIFTY27JAN2624800PE,0.1385909616433789
19-01-2026 15:10||NIFTY27JAN2625800CE,0.0965020258632947
19-01-2026 15:10||NIFTY27JAN2626100CE,0.1026006387433042
19-01-2026 15:15||NIFTY27JAN2624200PE,0.1852744192782349
19-01-2026 15:15||NIFTY27JAN2624400PE,0.1694036034000099
19-01-2026 15:15||NIFTY27JAN2624500PE,0.1609503497111326
19-01-2026 15:15||NIFTY27JAN2624600PE,0.1533790937376604
19-01-2026 15:15||NIFTY27JAN2624700PE,0.145869079702841
19-01-2026 15:15||NIFTY27JAN2625300CE,0.0867288160522008
19-01-2026 15:15||NIFTY27JAN2625400CE,0.0869189241739816
19-01-2026 15:15||NIFTY27JAN2626200CE,0.105467049227979
19-01-2026 15:20||NIFTY27JAN2624500PE,0.1569739324402199
19-01-2026 15:20||NIFTY27JAN2625200CE,0.0996557255713064
19-01-2026 15:20||NIFTY27JAN2625800CE,0.0962621453321581
19-01-2026 15:20||NIFTY27JAN2626400CE,0.1213159541821937
19-01-2026 15:20||NIFTY27JAN2626500CE,0.1288886810867531
19-01-2026 15:25||NIFTY27JAN2624300PE,0.1736223631104891
19-01-2026 15:25||NIFTY27JAN2624400PE,0.165342288409386
19-01-2026 15:25||NIFTY27JAN2624700PE,0.1430721081186146
19-01-2026 15:25||NIFTY27JAN2625800CE,0.0946325578787217
19-01-2026 15:25||NIFTY27JAN2626300CE,0.1136410213024561
20-01-2026 09:15||NIFTY27JAN2623900PE,0.2081000427569783
20-01-2026 09:15||NIFTY27JAN2624000PE,0.2003678062817364
20-01-2026 09:15||NIFTY27JAN2624100PE,0.1909743187764672
20-01-2026 09:15||NIFTY27JAN2624400PE,0.1668668127210004
20-01-2026 09:15||NIFTY27JAN2624600PE,0.1512296608306744
20-01-2026 09:15||NIFTY27JAN2625200CE,0.1084832929474224
20-01-2026 09:15||NIFTY27JAN2625500CE,0.1042574722310263
20-01-2026 09:15||NIFTY27JAN2626200CE,0.113802635178807
20-01-2026 09:15||NIFTY27JAN2626300CE,0.1194580746364408
20-01-2026 09:15||NIFTY27JAN2626400CE,0.1258306775110114
20-01-2026 09:20||NIFTY27JAN2623800PE,0.2129351560218619
20-01-2026 09:20||NIFTY27JAN2624000PE,0.1985442324613302
20-01-2026 09:20||NIFTY27JAN2624700PE,0.1455364485028845
20-01-2026 09:20||NIFTY27JAN2625200CE,0.0817194497757842
20-01-2026 09:20||NIFTY27JAN2625400CE,0.0891131923422232
20-01-2026 09:20||NIFTY27JAN2625500CE,0.0913809559363496
20-01-2026 09:20||NIFTY27JAN2625800CE,0.0960605624035793
20-01-2026 09:20||NIFTY27JAN2626300CE,0.1189051724396534
20-01-2026 09:20||NIFTY27JAN2626500CE,0.1327893181277666
20-01-2026 09:25||NIFTY27JAN2623900PE,0.2029771865279208
20-01-2026 09:25||NIFTY27JAN2625000PE,0.1251157035200609
20-01-2026 09:25||NIFTY27JAN2625400CE,0.1042402111063154
20-01-2026 09:30||NIFTY27JAN2623900PE,0.202226227716201
20-01-2026 09:30||NIFTY27JAN2624400PE,0.1601001101985115
20-01-2026 09:30||NIFTY27JAN2624800PE,0.1318301263396151
20-01-2026 09:30||NIFTY27JAN2625700CE,0.107259856508044
20-01-2026 09:30||NIFTY27JAN2626100CE,0.1169082381929484
20-01-2026 09:30||NIFTY27JAN2626300CE,0.1277733008927342
20-01-2026 09:35||NIFTY27JAN2624500PE,0.1531625472549045
20-01-2026 09:35||NIFTY27JAN2625200CE,0.1063099083027623
20-01-2026 09:35||NIFTY27JAN2625700CE,0.1050809688840495
20-01-2026 09:35||NIFTY27JAN2625800CE,0.1056706945436047
20-01-2026 09:35||NIFTY27JAN2626200CE,0.122624677551876
20-01-2026 09:40||NIFTY27JAN2623800PE,0.2134060191820648
20-01-2026 09:40||NIFTY27JAN2624100PE,0.1865371184565276
20-01-2026 09:40||NIFTY27JAN2625000PE,0.1214808033961212
20-01-2026 09:40||NIFTY27JAN2625900CE,0.1133978357362508
20-01-2026 09:40||NIFTY27JAN2626100CE,0.1210466896371258
20-01-2026 09:40||NIFTY27JAN2626200CE,0.1263667987012553
20-01-2026 09:40||NIFTY27JAN2626400CE,0.1389452812277483
20-01-2026 09:45||NIFTY27JAN2624800PE,0.133076629792189
20-01-2026 09:45||NIFTY27JAN2625500CE,0.1121520463724081
20-01-2026 09:45||NIFTY27JAN2626200CE,0.1260577728528673
20-01-2026 09:45||NIFTY27JAN2626300CE,0.1317042883847321
20-01-2026 09:50||NIFTY27JAN2624100PE,0.1885072983775177
20-01-2026 09:50||NIFTY27JAN2624800PE,0.135863272117561
20-01-2026 09:50||NIFTY27JAN2625100PE,0.1211404778995586
20-01-2026 09:50||NIFTY27JAN2625200CE,0.1031025676456316
20-01-2026 09:55||NIFTY27JAN2623900PE,0.2035487290463269
20-01-2026 09:55||NIFTY27JAN2624100PE,0.1856616462090059
20-01-2026 09:55||NIFTY27JAN2625000PE,0.122401437387424
20-01-2026 10:00||NIFTY27JAN2623900PE,0.2056242967652881
20-01-2026 10:00||NIFTY27JAN2624600PE,0.145506264283
20-01-2026 10:00||NIFTY27JAN2624700PE,0.1385766197379752
20-01-2026 10:00||NIFTY27JAN2625200CE,0.120769858423742
20-01-2026 10:00||NIFTY27JAN2625400CE,0.1152155094598867
20-01-2026 10:00||NIFTY27JAN2625700CE,0.1103736000765636
20-01-2026 10:00||NIFTY27JAN2626000CE,0.1159461944757254
20-01-2026 10:00||NIFTY27JAN2626200CE,0.1258453168523416
20-01-2026 10:05||NIFTY27JAN2626100CE,0.1202098221950223
20-01-2026 10:05||NIFTY27JAN2626200CE,0.1252474088437125
20-01-2026 10:05||NIFTY27JAN2626500CE,0.1456109590547925
20-01-2026 10:10||NIFTY27JAN2624900PE,0.1301146453182475
20-01-2026 10:10||NIFTY27JAN2625100PE,0.1194859222913713
20-01-2026 10:10||NIFTY27JAN2626500CE,0.1431261571686626
20-01-2026 10:15||NIFTY27JAN2624000PE,0.1945483785524526
20-01-2026 10:15||NIFTY27JAN2625800CE,0.1116234750268674
20-01-2026 10:15||NIFTY27JAN2626300CE,0.1302990854353254
20-01-2026 10:20||NIFTY27JAN2624100PE,0.1875884895797313
20-01-2026 10:20||NIFTY27JAN2625700CE,0.1051329619061682
20-01-2026 10:20||NIFTY27JAN2626000CE,0.1115595637847235
20-01-2026 10:25||NIFTY27JAN2623800PE,0.2129516737009549
20-01-2026 10:25||NIFTY27JAN2624700PE,0.1392722752319493
20-01-2026 10:25||NIFTY27JAN2625000PE,0.1236049510455963
20-01-2026 10:25||NIFTY27JAN2625800CE,0.1051606114328862
20-01-2026 10:25||NIFTY27JAN2626200CE,0.1202830215073511
20-01-2026 10:25||NIFTY27JAN2626400CE,0.1322671789104212
20-01-2026 10:30||NIFTY27JAN2623900PE,0.2053541641958514
20-01-2026 10:30||NIFTY27JAN2624000PE,0.1965555759534041
20-01-2026 10:30||NIFTY27JAN2624300PE,0.1705402553000752
20-01-2026 10:30||NIFTY27JAN2624600PE,0.1456952954974824
20-01-2026 10:30||NIFTY27JAN2625500CE,0.1075953199771113
20-01-2026 10:30||NIFTY27JAN2625700CE,0.1066606706432899
20-01-2026 10:30||NIFTY27JAN2625800CE,0.1070154764211146
20-01-2026 10:35||NIFTY27JAN2624300PE,0.169077562831255
20-01-2026 10:35||NIFTY27JAN2624700PE,0.1364924160314942
20-01-2026 10:35||NIFTY27JAN2625200CE,0.1308984237472188
20-01-2026 10:35||NIFTY27JAN2625400CE,0.1207665764659395
20-01-2026 10:35||NIFTY27JAN2625900CE,0.1121013670090746
20-01-2026 10:40||NIFTY27JAN2624000PE,0.1975604057715863
20-01-2026 10:40||NIFTY27JAN2624300PE,0.1713118304929199
20-01-2026 10:40||NIFTY27JAN2625800CE,0.1044717338722271
20-01-2026 10:40||NIFTY27JAN2626000CE,0.1098743456452133
20-01-2026 10:45||NIFTY27JAN2624900PE,0.12640823283715
20-01-2026 10:45||NIFTY27JAN2625900CE,0.1086124918419884
20-01-2026 10:45||NIFTY27JAN2626200CE,0.1206502193313525
20-01-2026 10:45||NIFTY27JAN2626400CE,0.13199047142432
20-01-2026 10:50||NIFTY27JAN2623800PE,0.2145141202886993
20-01-2026 10:50||NIFTY27JAN2624100PE,0.1890136572906442
20-01-2026 10:50||NIFTY27JAN2625300CE,0.1045016645890495
20-01-2026 10:50||NIFTY27JAN2626200CE,0.1203567212652991
20-01-2026 10:55||NIFTY27JAN2624200PE,0.1791500162436889
20-01-2026 10:55||NIFTY27JAN2624500PE,0.1531465787201824
20-01-2026 10:55||NIFTY27JAN2624600PE,0.1458986094224936
20-01-2026 10:55||NIFTY27JAN2624700PE,0.138811947660443
20-01-2026 10:55||NIFTY27JAN2624800PE,0.132028807314267
20-01-2026 10:55||NIFTY27JAN2625300CE,0.108214461215919
20-01-2026 10:55||NIFTY27JAN2625400CE,0.1074598640310284
20-01-2026 10:55||NIFTY27JAN2625900CE,0.1092857589586735
20-01-2026 10:55||NIFTY27JAN2626400CE,0.1338588192827394
20-01-2026 11:00||NIFTY27JAN2623800PE,0.2134610296495847
20-01-2026 11:00||NIFTY27JAN2624000PE,0.1961540492697047
20-01-2026 11:00||NIFTY27JAN2624400PE,0.160409417761727
20-01-2026 11:00||NIFTY27JAN2625300CE,0.107401872738432
20-01-2026 11:05||NIFTY27JAN2623800PE,0.2132184039168621
20-01-2026 11:05||NIFTY27JAN2624400PE,0.1601574560110457
20-01-2026 11:05||NIFTY27JAN2624500PE,0.1506954244857077
20-01-2026 11:05||NIFTY27JAN2625400CE,0.1067946000382669
20-01-2026 11:05||NIFTY27JAN2625500CE,0.1054518608818035
20-01-2026 11:05||NIFTY27JAN2625800CE,0.1062257836051649
20-01-2026 11:05||NIFTY27JAN2626300CE,0.128242057739925
20-01-2026 11:10||NIFTY27JAN2624500PE,0.150120165174151
20-01-2026 11:10||NIFTY27JAN2624900PE,0.1251105319790859
20-01-2026 11:10||NIFTY27JAN2625200CE,0.113810118359737
20-01-2026 11:10||NIFTY27JAN2625600CE,0.1058308364246372
20-01-2026 11:15||NIFTY27JAN2623800PE,0.2108592339242232
20-01-2026 11:15||NIFTY27JAN2624300PE,0.1661193129211078
20-01-2026 11:15||NIFTY27JAN2624700PE,0.1345316202611535
20-01-2026 11:15||NIFTY27JAN2625000PE,0.1189957531892744
20-01-2026 11:15||NIFTY27JAN2625300CE,0.1150089582765119
20-01-2026 11:15||NIFTY27JAN2625600CE,0.1072126989377224
20-01-2026 11:20||NIFTY27JAN2624500PE,0.1488664212870034
20-01-2026 11:20||NIFTY27JAN2625700CE,0.1072722537951591
20-01-2026 11:20||NIFTY27JAN2626200CE,0.1236932531681773
20-01-2026 11:25||NIFTY27JAN2624000PE,0.1930471615710001
20-01-2026 11:25||NIFTY27JAN2624300PE,0.1654817762787441
20-01-2026 11:25||NIFTY27JAN2624900PE,0.1215068408328896
20-01-2026 11:25||NIFTY27JAN2625200CE,0.1278110665020406
20-01-2026 11:25||NIFTY27JAN2625300CE,0.1219960700403675
20-01-2026 11:25||NIFTY27JAN2625700CE,0.1094521301589992
20-01-2026 11:25||NIFTY27JAN2626100CE,0.1190650911791237
20-01-2026 11:30||NIFTY27JAN2623900PE,0.2032586001306704
20-01-2026 11:30||NIFTY27JAN2624200PE,0.1767433796793813
20-01-2026 11:30||NIFTY27JAN2624900PE,0.1241590782419095
20-01-2026 11:30||NIFTY27JAN2625200CE,0.1146938208363721
20-01-2026 11:30||NIFTY27JAN2625700CE,0.106187818209527
20-01-2026 11:30||NIFTY27JAN2625800CE,0.106622033852318
20-01-2026 11:30||NIFTY27JAN2626000CE,0.1127568992716092
20-01-2026 11:35||NIFTY27JAN2623800PE,0.2135231415263874
20-01-2026 11:35||NIFTY27JAN2625900CE,0.1079555511282919
20-01-2026 11:35||NIFTY27JAN2626300CE,0.1282518034313042
20-01-2026 11:35||NIFTY27JAN2626500CE,0.143171899204475
20-01-2026 11:40||NIFTY27JAN2623800PE,0.2118261234897396
20-01-2026 11:40||NIFTY27JAN2624000PE,0.1937938781589636
20-01-2026 11:40||NIFTY27JAN2624100PE,0.1847708446514868
20-01-2026 11:40||NIFTY27JAN2624700PE,0.1340882148315465
20-01-2026 11:40||NIFTY27JAN2624800PE,0.1280368222267007
20-01-2026 11:40||NIFTY27JAN2625100PE,0.1122601698627363
20-01-2026 11:40||NIFTY27JAN2625300CE,0.1159240060953479
20-01-2026 11:45||NIFTY27JAN2623900PE,0.2030816424965387
20-01-2026 11:45||NIFTY27JAN2624500PE,0.1492746355912579
20-01-2026 11:45||NIFTY27JAN2625600CE,0.1069966178137491
20-01-2026 11:45||NIFTY27JAN2625800CE,0.1064531661588148
20-01-2026 11:45||NIFTY27JAN2625900CE,0.1088516726266988
20-01-2026 11:45||NIFTY27JAN2626000CE,0.1128585118281506
20-01-2026 11:50||NIFTY27JAN2624200PE,0.1770805899157697
20-01-2026 11:50||NIFTY27JAN2624600PE,0.142398991535666
20-01-2026 11:50||NIFTY27JAN2624700PE,0.1346705717447029
20-01-2026 11:50||NIFTY27JAN2624900PE,0.1220765854776999
20-01-2026 11:50||NIFTY27JAN2625400CE,0.1103789612546251
20-01-2026 11:50||NIFTY27JAN2625700CE,0.1050416833716667
20-01-2026 11:50||NIFTY27JAN2626300CE,0.1279249727420932
20-01-2026 11:55||NIFTY27JAN2623800PE,0.2229372946335637
20-01-2026 11:55||NIFTY27JAN2623900PE,0.2113795852911089
20-01-2026 11:55||NIFTY27JAN2624000PE,0.2008113963366042
20-01-2026 11:55||NIFTY27JAN2624100PE,0.1894239151546877
20-01-2026 11:55||NIFTY27JAN2625800CE,0.1020633953386678
20-01-2026 11:55||NIFTY27JAN2625900CE,0.1051386749980096
20-01-2026 12:00||NIFTY27JAN2623800PE,0.2141544622141076
20-01-2026 12:00||NIFTY27JAN2624400PE,0.1599081109161062
20-01-2026 12:00||NIFTY27JAN2624600PE,0.1437714177875655
20-01-2026 12:00||NIFTY27JAN2624700PE,0.1364469330499353
20-01-2026 12:00||NIFTY27JAN2625800CE,0.1022108191423676
20-01-2026 12:00||NIFTY27JAN2625900CE,0.1052927018153582
20-01-2026 12:05||NIFTY27JAN2624700PE,0.1360811935057206
20-01-2026 12:05||NIFTY27JAN2624900PE,0.1251611065546178
20-01-2026 12:05||NIFTY27JAN2625800CE,0.1022213586635025
20-01-2026 12:10||NIFTY27JAN2624200PE,0.1752408222473658
20-01-2026 12:10||NIFTY27JAN2624500PE,0.1490043616836232
20-01-2026 12:10||NIFTY27JAN2624600PE,0.1418471650646715
20-01-2026 12:10||NIFTY27JAN2624700PE,0.1351500157599705
20-01-2026 12:10||NIFTY27JAN2624800PE,0.1287579488515611
20-01-2026 12:10||NIFTY27JAN2624900PE,0.1225185419641619
20-01-2026 12:15||NIFTY27JAN2624300PE,0.1671338689393486
20-01-2026 12:15||NIFTY27JAN2624500PE,0.1491636328498629
20-01-2026 12:15||NIFTY27JAN2625000PE,0.1180576454040966
20-01-2026 12:15||NIFTY27JAN2625100PE,0.1130428018678095
20-01-2026 12:15||NIFTY27JAN2625400CE,0.1041261653604728
20-01-2026 12:15||NIFTY27JAN2626400CE,0.1385997832952163
20-01-2026 12:20||NIFTY27JAN2623900PE,0.2025760986758449
20-01-2026 12:20||NIFTY27JAN2624000PE,0.1938266296488269
20-01-2026 12:20||NIFTY27JAN2624100PE,0.184452261964843
20-01-2026 12:20||NIFTY27JAN2625200CE,0.1088512500552312
20-01-2026 12:20||NIFTY27JAN2625300CE,0.1063424164386361
20-01-2026 12:20||NIFTY27JAN2625700CE,0.1035284518535917
20-01-2026 12:20||NIFTY27JAN2625800CE,0.1055707301510011
20-01-2026 12:20||NIFTY27JAN2625900CE,0.1087810676597911
20-01-2026 12:25||NIFTY27JAN2623800PE,0.2102966638276999
20-01-2026 12:25||NIFTY27JAN2625000PE,0.1141613394330391
20-01-2026 12:25||NIFTY27JAN2625100PE,0.1085911028809611
20-01-2026 12:25||NIFTY27JAN2625700CE,0.1072697408731926
20-01-2026 12:25||NIFTY27JAN2626000CE,0.1151806702026121
20-01-2026 12:30||NIFTY27JAN2623800PE,0.2142272849532478
20-01-2026 12:30||NIFTY27JAN2623900PE,0.2037349811141968
20-01-2026 12:30||NIFTY27JAN2624900PE,0.1221323968430354
20-01-2026 12:30||NIFTY27JAN2625000PE,0.1169141828297632
20-01-2026 12:30||NIFTY27JAN2625100PE,0.112088784701136
20-01-2026 12:30||NIFTY27JAN2625300CE,0.107085998496359
20-01-2026 12:30||NIFTY27JAN2626000CE,0.1136491528178424
20-01-2026 12:35||NIFTY27JAN2623800PE,0.2106337050661224
20-01-2026 12:35||NIFTY27JAN2624200PE,0.1743290685296266
20-01-2026 12:35||NIFTY27JAN2625000PE,0.1168119447209754
20-01-2026 12:35||NIFTY27JAN2625200CE,0.1154378081609337
20-01-2026 12:35||NIFTY27JAN2625500CE,0.1074971171931693
20-01-2026 12:35||NIFTY27JAN2625700CE,0.1063940336411803
20-01-2026 12:35||NIFTY27JAN2625800CE,0.1077343879560928
20-01-2026 12:35||NIFTY27JAN2626200CE,0.1268104816692812
20-01-2026 12:35||NIFTY27JAN2626300CE,0.1339698791709125
20-01-2026 12:40||NIFTY27JAN2623800PE,0.210051754699025
20-01-2026 12:40||NIFTY27JAN2624000PE,0.192718480051278
20-01-2026 12:40||NIFTY27JAN2624300PE,0.1655278056804938
20-01-2026 12:40||NIFTY27JAN2624600PE,0.1409146010271307
20-01-2026 12:40||NIFTY27JAN2624700PE,0.1340894581691216
20-01-2026 12:40||NIFTY27JAN2625400CE,0.1048778698938086
20-01-2026 12:40||NIFTY27JAN2626100CE,0.12093449460491
20-01-2026 12:45||NIFTY27JAN2623800PE,0.2089042968979928
20-01-2026 12:45||NIFTY27JAN2624300PE,0.1644501663264215
20-01-2026 12:45||NIFTY27JAN2624400PE,0.1549962740670025
20-01-2026 12:45||NIFTY27JAN2625100PE,0.1123105442219838
20-01-2026 12:50||NIFTY27JAN2624200PE,0.1746019002053085
20-01-2026 12:50||NIFTY27JAN2625600CE,0.1059059694918431
20-01-2026 12:50||NIFTY27JAN2626000CE,0.1148149483844633
20-01-2026 12:50||NIFTY27JAN2626200CE,0.1260507189618351
20-01-2026 12:55||NIFTY27JAN2624900PE,0.1214928338709526
20-01-2026 12:55||NIFTY27JAN2625400CE,0.1091288676799209
20-01-2026 13:00||NIFTY27JAN2623900PE,0.2025359849581507
20-01-2026 13:00||NIFTY27JAN2624200PE,0.1759251867677118
20-01-2026 13:00||NIFTY27JAN2625100PE,0.1122795868861672
20-01-2026 13:00||NIFTY27JAN2625800CE,0.1069839287208935
20-01-2026 13:00||NIFTY27JAN2625900CE,0.1103760090612695
20-01-2026 13:00||NIFTY27JAN2626400CE,0.1403510126719069
20-01-2026 13:05||NIFTY27JAN2624200PE,0.175584806562643
20-01-2026 13:05||NIFTY27JAN2624900PE,0.1223391326680243
20-01-2026 13:05||NIFTY27JAN2625300CE,0.1083009395524001
20-01-2026 13:05||NIFTY27JAN2625400CE,0.1066165396496785
20-01-2026 13:05||NIFTY27JAN2625600CE,0.1045639030729219
20-01-2026 13:05||NIFTY27JAN2626500CE,0.1492398717409884
20-01-2026 13:10||NIFTY27JAN2624000PE,0.1937447850562605
20-01-2026 13:10||NIFTY27JAN2624400PE,0.1576182847766087
20-01-2026 13:10||NIFTY27JAN2624700PE,0.1344576900089187
20-01-2026 13:10||NIFTY27JAN2625000PE,0.1179972138243954
20-01-2026 13:10||NIFTY27JAN2626000CE,0.1141432718697572
20-01-2026 13:10||NIFTY27JAN2626400CE,0.1404948992105197
20-01-2026 13:15||NIFTY27JAN2623900PE,0.2017758943169241
20-01-2026 13:15||NIFTY27JAN2624600PE,0.1400535253624362
20-01-2026 13:15||NIFTY27JAN2624900PE,0.1206308096352906
20-01-2026 13:15||NIFTY27JAN2625000PE,0.1159650000053424
20-01-2026 13:15||NIFTY27JAN2625200CE,0.1180089642220991
20-01-2026 13:15||NIFTY27JAN2626000CE,0.1161725080948201
20-01-2026 13:15||NIFTY27JAN2626200CE,0.1276426998384536
20-01-2026 13:20||NIFTY27JAN2624200PE,0.1765193747880626
20-01-2026 13:20||NIFTY27JAN2624600PE,0.1428295635164147
20-01-2026 13:20||NIFTY27JAN2625000PE,0.1195511124802308
20-01-2026 13:20||NIFTY27JAN2625700CE,0.1038664131875997
20-01-2026 13:20||NIFTY27JAN2626100CE,0.1186261679569398
20-01-2026 13:20||NIFTY27JAN2626200CE,0.124796879743382
20-01-2026 13:25||NIFTY27JAN2623800PE,0.2110957417167771
20-01-2026 13:25||NIFTY27JAN2624100PE,0.1844138703979556
20-01-2026 13:25||NIFTY27JAN2624700PE,0.1338623512657157
20-01-2026 13:25||NIFTY27JAN2625000PE,0.1175512505488853
20-01-2026 13:25||NIFTY27JAN2625800CE,0.1075840948038902
20-01-2026 13:30||NIFTY27JAN2624100PE,0.1843594016472387
20-01-2026 13:30||NIFTY27JAN2624700PE,0.1345989143471264
20-01-2026 13:30||NIFTY27JAN2624900PE,0.1235306692765618
20-01-2026 13:30||NIFTY27JAN2626000CE,0.1145279859553625
20-01-2026 13:35||NIFTY27JAN2625100PE,0.1167666525419903
20-01-2026 13:35||NIFTY27JAN2625800CE,0.1083940389028157
20-01-2026 13:40||NIFTY27JAN2623800PE,0.209962805993598
20-01-2026 13:40||NIFTY27JAN2624600PE,0.1392918288233851
20-01-2026 13:40||NIFTY27JAN2625000PE,0.1158695225987678
20-01-2026 13:45||NIFTY27JAN2624000PE,0.1936948032361076
20-01-2026 13:45||NIFTY27JAN2624400PE,0.1575106461290865
20-01-2026 13:45||NIFTY27JAN2624600PE,0.1419091654759938
20-01-2026 13:50||NIFTY27JAN2624000PE,0.1928032154577845
20-01-2026 13:50||NIFTY27JAN2624100PE,0.1826634387173662
20-01-2026 13:50||NIFTY27JAN2624200PE,0.1736949462965391
20-01-2026 13:50||NIFTY27JAN2624300PE,0.1649741645400055
20-01-2026 13:50||NIFTY27JAN2624500PE,0.1481624140187349
20-01-2026 13:50||NIFTY27JAN2625200CE,0.1196308108712429
20-01-2026 13:50||NIFTY27JAN2625400CE,0.1123906953624569
20-01-2026 13:50||NIFTY27JAN2626000CE,0.1201426129836988
20-01-2026 13:50||NIFTY27JAN2626100CE,0.1262679215558435
20-01-2026 13:55||NIFTY27JAN2624400PE,0.1570875395742277
20-01-2026 13:55||NIFTY27JAN2625200CE,0.1201801496129277
20-01-2026 13:55||NIFTY27JAN2625400CE,0.1127100861115835
20-01-2026 13:55||NIFTY27JAN2625600CE,0.1092940174482279
20-01-2026 14:00||NIFTY27JAN2624100PE,0.1862523445478485
20-01-2026 14:00||NIFTY27JAN2624200PE,0.1762894752473265
20-01-2026 14:00||NIFTY27JAN2624800PE,0.1279658629210232
20-01-2026 14:00||NIFTY27JAN2624900PE,0.1212375427216176
20-01-2026 14:00||NIFTY27JAN2625000PE,0.1145764852599988
20-01-2026 14:00||NIFTY27JAN2625100PE,0.108637176908374
20-01-2026 14:00||NIFTY27JAN2625200CE,0.1148698134754511
20-01-2026 14:00||NIFTY27JAN2626100CE,0.1256299425020586
20-01-2026 14:05||NIFTY27JAN2623800PE,0.2108456510268066
20-01-2026 14:05||NIFTY27JAN2625100PE,0.1149374605438318
20-01-2026 14:05||NIFTY27JAN2625200CE,0.1140468634898255
20-01-2026 14:05||NIFTY27JAN2626100CE,0.1271798004005688
20-01-2026 14:05||NIFTY27JAN2626400CE,0.148409278521445
20-01-2026 14:10||NIFTY27JAN2624000PE,0.1947479199584663
20-01-2026 14:10||NIFTY27JAN2624200PE,0.1762206438040952
20-01-2026 14:10||NIFTY27JAN2624500PE,0.1500674146622653
20-01-2026 14:10||NIFTY27JAN2624900PE,0.1236107596101163
20-01-2026 14:10||NIFTY27JAN2625000PE,0.1185807834658589
20-01-2026 14:10||NIFTY27JAN2625500CE,0.1105589534326441
20-01-2026 14:10||NIFTY27JAN2625700CE,0.1111524373666767
20-01-2026 14:10||NIFTY27JAN2626100CE,0.1281016977632276
20-01-2026 14:10||NIFTY27JAN2626200CE,0.1344175340852516
20-01-2026 14:10||NIFTY27JAN2626300CE,0.1416888392305466
20-01-2026 14:15||NIFTY27JAN2623800PE,0.2097528797968735
20-01-2026 14:15||NIFTY27JAN2624100PE,0.1841536607893328
20-01-2026 14:15||NIFTY27JAN2624500PE,0.150574418643508
20-01-2026 14:15||NIFTY27JAN2624600PE,0.1431142235389337
20-01-2026 14:15||NIFTY27JAN2624900PE,0.1249836226811424
20-01-2026 14:15||NIFTY27JAN2625200CE,0.1123167559764866
20-01-2026 14:15||NIFTY27JAN2625400CE,0.108566401403408
20-01-2026 14:15||NIFTY27JAN2626000CE,0.1203530440430711
20-01-2026 14:15||NIFTY27JAN2626300CE,0.1399344359670316
20-01-2026 14:15||NIFTY27JAN2626500CE,0.1561831648522798
20-01-2026 14:20||NIFTY27JAN2625400CE,0.1150531116313686
20-01-2026 14:20||NIFTY27JAN2625700CE,0.1124408235750706
20-01-2026 14:20||NIFTY27JAN2626500CE,0.1573406855616781
20-01-2026 14:25||NIFTY27JAN2624100PE,0.1858251722747113
20-01-2026 14:25||NIFTY27JAN2624600PE,0.1421607924775862
20-01-2026 14:25||NIFTY27JAN2625400CE,0.1135644454636164
20-01-2026 14:25||NIFTY27JAN2625900CE,0.1159436123358617
20-01-2026 14:30||NIFTY27JAN2624000PE,0.1961331155010821
20-01-2026 14:30||NIFTY27JAN2624600PE,0.1448572827714613
20-01-2026 14:30||NIFTY27JAN2625400CE,0.1069335684618479
20-01-2026 14:30||NIFTY27JAN2625500CE,0.1057487149386631
20-01-2026 14:30||NIFTY27JAN2625800CE,0.1094421687013706
20-01-2026 14:30||NIFTY27JAN2626000CE,0.1181089887977862
20-01-2026 14:30||NIFTY27JAN2626400CE,0.1445690580587673
20-01-2026 14:30||NIFTY27JAN2626500CE,0.1532752764765987
20-01-2026 14:35||NIFTY27JAN2624600PE,0.1467213056883309
20-01-2026 14:35||NIFTY27JAN2624800PE,0.1337835179544697
20-01-2026 14:35||NIFTY27JAN2625600CE,0.105360536121978
20-01-2026 14:35||NIFTY27JAN2626000CE,0.1177545484702768
20-01-2026 14:35||NIFTY27JAN2626300CE,0.13628882939663
20-01-2026 14:40||NIFTY27JAN2623800PE,0.2128973869888692
20-01-2026 14:40||NIFTY27JAN2625200CE,0.1103594784409978
20-01-2026 14:40||NIFTY27JAN2625500CE,0.1065039226753796
20-01-2026 14:45||NIFTY27JAN2624600PE,0.1450559130895108
20-01-2026 14:45||NIFTY27JAN2625500CE,0.1093287627537691
20-01-2026 14:45||NIFTY27JAN2626000CE,0.1208387526180274
20-01-2026 14:45||NIFTY27JAN2626100CE,0.1270154571520834
20-01-2026 14:50||NIFTY27JAN2624000PE,0.1996282791872179
20-01-2026 14:50||NIFTY27JAN2624200PE,0.1801902533972139
20-01-2026 14:50||NIFTY27JAN2624900PE,0.127210258307727
20-01-2026 14:50||NIFTY27JAN2625100PE,0.1184580099678207
20-01-2026 14:50||NIFTY27JAN2625500CE,0.1031324149317143
20-01-2026 14:50||NIFTY27JAN2625900CE,0.1131714071273854
20-01-2026 14:55||NIFTY27JAN2623900PE,0.2058744952808417
20-01-2026 14:55||NIFTY27JAN2624000PE,0.1987420365645462
20-01-2026 14:55||NIFTY27JAN2624100PE,0.1891513112327452
20-01-2026 14:55||NIFTY27JAN2626000CE,0.1186646212073974
20-01-2026 15:00||NIFTY27JAN2624800PE,0.128810129154683
20-01-2026 15:00||NIFTY27JAN2625600CE,0.1066424950088844
20-01-2026 15:00||NIFTY27JAN2626100CE,0.1315181734970067
20-01-2026 15:00||NIFTY27JAN2626200CE,0.1385748038156649
20-01-2026 15:00||NIFTY27JAN2626400CE,0.1517312899467136
20-01-2026 15:05||NIFTY27JAN2623900PE,0.2042447221015066
20-01-2026 15:05||NIFTY27JAN2624300PE,0.1664386310647749
20-01-2026 15:05||NIFTY27JAN2625000PE,0.1248637275998874
20-01-2026 15:05||NIFTY27JAN2625200CE,0.0967627362671947
20-01-2026 15:05||NIFTY27JAN2626100CE,0.1301241415854406
20-01-2026 15:05||NIFTY27JAN2626200CE,0.137200415078027
20-01-2026 15:10||NIFTY27JAN2624300PE,0.1649498331860464
20-01-2026 15:10||NIFTY27JAN2625100PE,0.1295733330604491
20-01-2026 15:10||NIFTY27JAN2625300CE,0.1009286273720597
20-01-2026 15:10||NIFTY27JAN2625400CE,0.1030061686896921
20-01-2026 15:10||NIFTY27JAN2625900CE,0.124302230147915
20-01-2026 15:10||NIFTY27JAN2626100CE,0.1371181330678155
20-01-2026 15:15||NIFTY27JAN2624000PE,0.2039213112954918
20-01-2026 15:15||NIFTY27JAN2624200PE,0.1811750313116782
20-01-2026 15:15||NIFTY27JAN2624500PE,0.1550591394364211
20-01-2026 15:15||NIFTY27JAN2624800PE,0.1370592449357914
20-01-2026 15:15||NIFTY27JAN2625000PE,0.1293316472342205
20-01-2026 15:15||NIFTY27JAN2625100PE,0.1272622361012416
20-01-2026 15:15||NIFTY27JAN2625700CE,0.1160216532839939
20-01-2026 15:15||NIFTY27JAN2625900CE,0.1262523989760673
20-01-2026 15:15||NIFTY27JAN2626000CE,0.1325207973261619
20-01-2026 15:15||NIFTY27JAN2626200CE,0.1458413924604187
20-01-2026 15:20||NIFTY27JAN2623800PE,0.2159134981997112
20-01-2026 15:20||NIFTY27JAN2624200PE,0.1776559884666859
20-01-2026 15:20||NIFTY27JAN2624500PE,0.1503968010934855
20-01-2026 15:20||NIFTY27JAN2625500CE,0.1182239797264372
20-01-2026 15:20||NIFTY27JAN2625700CE,0.1228773236204467
20-01-2026 15:20||NIFTY27JAN2626400CE,0.1617432639240306
20-01-2026 15:25||NIFTY27JAN2623800PE,0.2158900119514193
20-01-2026 15:25||NIFTY27JAN2625100PE,0.1093939458560129
20-01-2026 15:25||NIFTY27JAN2625200CE,0.1361809075778381
20-01-2026 15:25||NIFTY27JAN2625300CE,0.1324341732276508
20-01-2026 15:25||NIFTY27JAN2625900CE,0.1339382406478471
20-01-2026 15:25||NIFTY27JAN2626200CE,0.1497165776250568
21-01-2026 09:15||NIFTY27JAN2625200CE,0.1599207484800331
21-01-2026 09:15||NIFTY27JAN2625400CE,0.1468760270481581
21-01-2026 09:15||NIFTY27JAN2625900CE,0.142583097096967
21-01-2026 09:15||NIFTY27JAN2626200CE,0.1582441206506928
21-01-2026 09:20||NIFTY27JAN2623900PE,0.2178137244645466
21-01-2026 09:20||NIFTY27JAN2624300PE,0.1786386037466147
21-01-2026 09:20||NIFTY27JAN2624400PE,0.1683862085500607
21-01-2026 09:25||NIFTY27JAN2624000PE,0.2179074890355163
21-01-2026 09:25||NIFTY27JAN2624300PE,0.1884381539457678
21-01-2026 09:25||NIFTY27JAN2624400PE,0.1781785859494409
21-01-2026 09:25||NIFTY27JAN2625100PE,0.1268192524422495
21-01-2026 09:25||NIFTY27JAN2625300CE,0.1099093923181016
21-01-2026 09:25||NIFTY27JAN2625600CE,0.1107594403159026
21-01-2026 09:25||NIFTY27JAN2625800CE,0.1184036603283971
21-01-2026 09:30||NIFTY27JAN2623800PE,0.2376220227195791
21-01-2026 09:30||NIFTY27JAN2623900PE,0.2255533692813891
21-01-2026 09:30||NIFTY27JAN2624000PE,0.2154491260277513
21-01-2026 09:30||NIFTY27JAN2624400PE,0.17291233675029
21-01-2026 09:30||NIFTY27JAN2625300CE,0.1295707615376145
21-01-2026 09:30||NIFTY27JAN2625700CE,0.1221087932103373
21-01-2026 09:35||NIFTY27JAN2623900PE,0.2267819688104939
21-01-2026 09:35||NIFTY27JAN2624200PE,0.1965116897937573
21-01-2026 09:35||NIFTY27JAN2625200CE,0.1090792180608204
21-01-2026 09:35||NIFTY27JAN2625300CE,0.1085068102497572
21-01-2026 09:35||NIFTY27JAN2625600CE,0.1105002505877834
21-01-2026 09:35||NIFTY27JAN2626200CE,0.1465261142985667
21-01-2026 09:40||NIFTY27JAN2624400PE,0.1681361929993805
21-01-2026 09:40||NIFTY27JAN2625100PE,0.1086316017705559
21-01-2026 09:40||NIFTY27JAN2625200CE,0.1275114325113335
21-01-2026 09:40||NIFTY27JAN2625900CE,0.1310451744881575
21-01-2026 09:40||NIFTY27JAN2626300CE,0.1591490888431828
21-01-2026 09:40||NIFTY27JAN2626400CE,0.1665081860001542
21-01-2026 09:45||NIFTY27JAN2623800PE,0.2293329777018495
21-01-2026 09:45||NIFTY27JAN2624100PE,0.1986023201339044
21-01-2026 09:45||NIFTY27JAN2624400PE,0.1677348258747919
21-01-2026 09:45||NIFTY27JAN2625200CE,0.1257137591812807
21-01-2026 09:45||NIFTY27JAN2625600CE,0.1188634449812084
21-01-2026 09:45||NIFTY27JAN2626000CE,0.1369624876950546
21-01-2026 09:45||NIFTY27JAN2626300CE,0.1589374796887384
21-01-2026 09:50||NIFTY27JAN2624700PE,0.1384728263126522
21-01-2026 09:50||NIFTY27JAN2624900PE,0.1224713769594494
21-01-2026 09:50||NIFTY27JAN2625400CE,0.1163809828845217
21-01-2026 09:50||NIFTY27JAN2625600CE,0.1169047480147327
21-01-2026 09:50||NIFTY27JAN2625800CE,0.1245890643974689
21-01-2026 09:55||NIFTY27JAN2624100PE,0.1949016001392269
21-01-2026 09:55||NIFTY27JAN2624200PE,0.1854816365149236
21-01-2026 09:55||NIFTY27JAN2624400PE,0.1665779475205351
21-01-2026 09:55||NIFTY27JAN2624800PE,0.1335356124220901
21-01-2026 09:55||NIFTY27JAN2625400CE,0.1111538410648194
21-01-2026 09:55||NIFTY27JAN2626000CE,0.1350537226841126
21-01-2026 09:55||NIFTY27JAN2626100CE,0.1421020705685549
21-01-2026 09:55||NIFTY27JAN2626200CE,0.1509464763407386
21-01-2026 09:55||NIFTY27JAN2626500CE,0.1794347737191728
21-01-2026 10:00||NIFTY27JAN2624000PE,0.2018106477053223
21-01-2026 10:00||NIFTY27JAN2625000PE,0.1149984126635281
21-01-2026 10:00||NIFTY27JAN2625300CE,0.1220102679834056
21-01-2026 10:00||NIFTY27JAN2625400CE,0.1196890103760353
21-01-2026 10:00||NIFTY27JAN2626500CE,0.1816612278123273
21-01-2026 10:05||NIFTY27JAN2625200CE,0.1166252853055382
21-01-2026 10:05||NIFTY27JAN2625600CE,0.1170426897871763
21-01-2026 10:05||NIFTY27JAN2625700CE,0.1212527235886469
21-01-2026 10:05||NIFTY27JAN2625800CE,0.1258366572088398
21-01-2026 10:10||NIFTY27JAN2624000PE,0.1980576855930014
21-01-2026 10:10||NIFTY27JAN2624400PE,0.1589200214131825
21-01-2026 10:10||NIFTY27JAN2625800CE,0.1298215502688435
21-01-2026 10:10||NIFTY27JAN2626100CE,0.1491835767420717
21-01-2026 10:15||NIFTY27JAN2624000PE,0.2002851966997632
21-01-2026 10:15||NIFTY27JAN2624200PE,0.1798921773360682
21-01-2026 10:15||NIFTY27JAN2624500PE,0.1513958879735231
21-01-2026 10:15||NIFTY27JAN2624600PE,0.1423974719064222
21-01-2026 10:15||NIFTY27JAN2625500CE,0.1181647102051428
21-01-2026 10:15||NIFTY27JAN2626100CE,0.1480063808664624
21-01-2026 10:20||NIFTY27JAN2625700CE,0.1195562294646244
21-01-2026 10:25||NIFTY27JAN2624300PE,0.1697921298389513
21-01-2026 10:25||NIFTY27JAN2625000PE,0.1182334553933941
21-01-2026 10:25||NIFTY27JAN2625700CE,0.12725429530024
21-01-2026 10:25||NIFTY27JAN2626200CE,0.1612323146560896
21-01-2026 10:30||NIFTY27JAN2624200PE,0.1772436559118713
21-01-2026 10:30||NIFTY27JAN2624700PE,0.1339442952266338
21-01-2026 10:30||NIFTY27JAN2624800PE,0.1264909317141729
21-01-2026 10:30||NIFTY27JAN2625200CE,0.1207078626333455
21-01-2026 10:30||NIFTY27JAN2625900CE,0.139874031484176
21-01-2026 10:30||NIFTY27JAN2626300CE,0.1699867236190506
21-01-2026 10:30||NIFTY27JAN2626400CE,0.1773917813356806
21-01-2026 10:35||NIFTY27JAN2624400PE,0.1585808952760246
21-01-2026 10:35||NIFTY27JAN2625100PE,0.114791035385803
21-01-2026 10:35||NIFTY27JAN2625500CE,0.1198673971749144
21-01-2026 10:35||NIFTY27JAN2625600CE,0.1232748883748833
21-01-2026 10:35||NIFTY27JAN2625800CE,0.1329401747152516
21-01-2026 10:35||NIFTY27JAN2625900CE,0.140096063380998
21-01-2026 10:40||NIFTY27JAN2624200PE,0.1833643297051885
21-01-2026 10:40||NIFTY27JAN2624800PE,0.1416454913759359
21-01-2026 10:40||NIFTY27JAN2625200CE,0.1097268192475624
21-01-2026 10:40||NIFTY27JAN2625400CE,0.1155972890764651
21-01-2026 10:40||NIFTY27JAN2626300CE,0.1742511599567109
21-01-2026 10:45||NIFTY27JAN2624700PE,0.1357898292340209
21-01-2026 10:45||NIFTY27JAN2624800PE,0.1298918432782514
21-01-2026 10:45||NIFTY27JAN2625700CE,0.1415299230961721
21-01-2026 10:45||NIFTY27JAN2626400CE,0.193056203421932
21-01-2026 10:45||NIFTY27JAN2626500CE,0.2025300390433528
21-01-2026 10:50||NIFTY27JAN2624100PE,0.1947047373439687
21-01-2026 10:50||NIFTY27JAN2624300PE,0.177910360056213
21-01-2026 10:50||NIFTY27JAN2624400PE,0.1694262215565949
21-01-2026 10:50||NIFTY27JAN2624500PE,0.1614400757203533
21-01-2026 10:50||NIFTY27JAN2625400CE,0.1257440038430886
21-01-2026 10:50||NIFTY27JAN2625700CE,0.1406684006827774
21-01-2026 10:50||NIFTY27JAN2625900CE,0.1545325352175552
21-01-2026 10:50||NIFTY27JAN2626400CE,0.1932468250909798
21-01-2026 10:55||NIFTY27JAN2623900PE,0.2097829683535632
21-01-2026 10:55||NIFTY27JAN2624300PE,0.1721217190668849
21-01-2026 10:55||NIFTY27JAN2624800PE,0.1307671025461374
21-01-2026 10:55||NIFTY27JAN2625000PE,0.1168836319787534
21-01-2026 10:55||NIFTY27JAN2625100PE,0.1103454646022612
21-01-2026 10:55||NIFTY27JAN2625300CE,0.1417170791416353
21-01-2026 10:55||NIFTY27JAN2625900CE,0.1624192530197916
21-01-2026 10:55||NIFTY27JAN2626200CE,0.1836306605692925
21-01-2026 11:00||NIFTY27JAN2624000PE,0.2036005326298777
21-01-2026 11:00||NIFTY27JAN2624300PE,0.1751796663433573
21-01-2026 11:00||NIFTY27JAN2624600PE,0.1504493813025398
21-01-2026 11:00||NIFTY27JAN2624800PE,0.1376368497987137
21-01-2026 11:00||NIFTY27JAN2625100PE,0.123053353824087
21-01-2026 11:00||NIFTY27JAN2625300CE,0.1344292885394686
21-01-2026 11:05||NIFTY27JAN2624000PE,0.1985334966451155
21-01-2026 11:05||NIFTY27JAN2624100PE,0.1878962368844909
21-01-2026 11:05||NIFTY27JAN2624400PE,0.1597631704487234
21-01-2026 11:05||NIFTY27JAN2625000PE,0.118036817439151
21-01-2026 11:05||NIFTY27JAN2625200CE,0.1356350279132847
21-01-2026 11:10||NIFTY27JAN2624800PE,0.125578527538499
21-01-2026 11:10||NIFTY27JAN2625200CE,0.1390647764164576
21-01-2026 11:10||NIFTY27JAN2625300CE,0.1391795704975749
21-01-2026 11:10||NIFTY27JAN2625500CE,0.1418729559248497
21-01-2026 11:10||NIFTY27JAN2625900CE,0.156995744697717
21-01-2026 11:10||NIFTY27JAN2626100CE,0.1698837105097155
21-01-2026 11:15||NIFTY27JAN2624300PE,0.17140605641017
21-01-2026 11:15||NIFTY27JAN2625100PE,0.1066901108842035
21-01-2026 11:15||NIFTY27JAN2625400CE,0.1398658049732972
21-01-2026 11:20||NIFTY27JAN2623900PE,0.2150884578497507
21-01-2026 11:20||NIFTY27JAN2625800CE,0.1430710145085925
21-01-2026 11:20||NIFTY27JAN2626000CE,0.1557808757794134
21-01-2026 11:20||NIFTY27JAN2626100CE,0.162827580382455
21-01-2026 11:20||NIFTY27JAN2626400CE,0.1866572599904934
21-01-2026 11:20||NIFTY27JAN2626500CE,0.1961425109671388
21-01-2026 11:25||NIFTY27JAN2624600PE,0.1541812151252415
21-01-2026 11:25||NIFTY27JAN2624800PE,0.1397809248514541
21-01-2026 11:30||NIFTY27JAN2623900PE,0.2158199237729281
21-01-2026 11:30||NIFTY27JAN2624000PE,0.2062421978458726
21-01-2026 11:30||NIFTY27JAN2624100PE,0.1968808118370422
21-01-2026 11:30||NIFTY27JAN2624400PE,0.1690587875928262
21-01-2026 11:30||NIFTY27JAN2625400CE,0.1308223346958712
21-01-2026 11:30||NIFTY27JAN2625800CE,0.1444612952481101
21-01-2026 11:30||NIFTY27JAN2626000CE,0.1576422215904038
21-01-2026 11:30||NIFTY27JAN2626500CE,0.1949090403259497
21-01-2026 11:35||NIFTY27JAN2623900PE,0.2168673059401342
21-01-2026 11:35||NIFTY27JAN2624600PE,0.1530174974437432
21-01-2026 11:35||NIFTY27JAN2626100CE,0.1638827092410935
21-01-2026 11:35||NIFTY27JAN2626300CE,0.1790501449911392
21-01-2026 11:40||NIFTY27JAN2624800PE,0.1362691055797249
21-01-2026 11:40||NIFTY27JAN2625100PE,0.1184761485971215
21-01-2026 11:40||NIFTY27JAN2625200CE,0.1331612895565683
21-01-2026 11:40||NIFTY27JAN2625700CE,0.1397807480432682
21-01-2026 11:45||NIFTY27JAN2624600PE,0.1507537441445912
21-01-2026 11:45||NIFTY27JAN2625100PE,0.1167142323053216
21-01-2026 11:45||NIFTY27JAN2625200CE,0.1335341326834438
21-01-2026 11:45||NIFTY27JAN2625400CE,0.1316717691413416
21-01-2026 11:50||NIFTY27JAN2624000PE,0.2067409372063426
21-01-2026 11:50||NIFTY27JAN2624100PE,0.1967658869635613
21-01-2026 11:50||NIFTY27JAN2624300PE,0.177550272409837
21-01-2026 11:55||NIFTY27JAN2624000PE,0.2071693852493474
21-01-2026 11:55||NIFTY27JAN2624600PE,0.1514574991379174
21-01-2026 11:55||NIFTY27JAN2624700PE,0.143596055490045
21-01-2026 11:55||NIFTY27JAN2624900PE,0.1299195495499319
21-01-2026 12:00||NIFTY27JAN2624100PE,0.1943936452063361
21-01-2026 12:00||NIFTY27JAN2624200PE,0.1841280895513133
21-01-2026 12:00||NIFTY27JAN2624700PE,0.1368349506899306
21-01-2026 12:00||NIFTY27JAN2624800PE,0.128566851075794
21-01-2026 12:00||NIFTY27JAN2625600CE,0.1359334560914789
21-01-2026 12:00||NIFTY27JAN2625900CE,0.1473209378176001
21-01-2026 12:05||NIFTY27JAN2623800PE,0.2282823672609417
21-01-2026 12:05||NIFTY27JAN2624100PE,0.1989394443647203
21-01-2026 12:05||NIFTY27JAN2625500CE,0.1253313648717053
21-01-2026 12:05||NIFTY27JAN2626200CE,0.1606268982009311
21-01-2026 12:10||NIFTY27JAN2624100PE,0.1937540463481308
21-01-2026 12:10||NIFTY27JAN2624200PE,0.1837942840437119
21-01-2026 12:10||NIFTY27JAN2625000PE,0.1151508959572442
21-01-2026 12:10||NIFTY27JAN2625900CE,0.1427238151624905
21-01-2026 12:10||NIFTY27JAN2626500CE,0.1847506886727892
21-01-2026 12:15||NIFTY27JAN2623800PE,0.2256858171763269
21-01-2026 12:15||NIFTY27JAN2624200PE,0.1856003143646223
21-01-2026 12:15||NIFTY27JAN2625400CE,0.1334387797455889
21-01-2026 12:15||NIFTY27JAN2625700CE,0.134515637949498
21-01-2026 12:20||NIFTY27JAN2624200PE,0.1907548289000527
21-01-2026 12:20||NIFTY27JAN2625000PE,0.1208858867825934
21-01-2026 12:20||NIFTY27JAN2625400CE,0.129151842337805
21-01-2026 12:20||NIFTY27JAN2625600CE,0.1281415108736254
21-01-2026 12:20||NIFTY27JAN2625700CE,0.130778827437382
21-01-2026 12:20||NIFTY27JAN2626300CE,0.1628761881072087
21-01-2026 12:25||NIFTY27JAN2624000PE,0.2190502718592455
21-01-2026 12:25||NIFTY27JAN2624500PE,0.173085131885589
21-01-2026 12:25||NIFTY27JAN2624600PE,0.1647859347656997
21-01-2026 12:25||NIFTY27JAN2624700PE,0.1566090606437935
21-01-2026 12:25||NIFTY27JAN2625700CE,0.1221940514316592
21-01-2026 12:25||NIFTY27JAN2626500CE,0.1766266940963774
21-01-2026 12:30||NIFTY27JAN2624100PE,0.2043384367780092
21-01-2026 12:30||NIFTY27JAN2624200PE,0.194551983068024
21-01-2026 12:30||NIFTY27JAN2625300CE,0.1383415548506974
21-01-2026 12:30||NIFTY27JAN2625800CE,0.1350527520298783
21-01-2026 12:35||NIFTY27JAN2624000PE,0.2143113667760019
21-01-2026 12:35||NIFTY27JAN2624100PE,0.2044872976062439
21-01-2026 12:35||NIFTY27JAN2625600CE,0.1318171359402953
21-01-2026 12:35||NIFTY27JAN2626400CE,0.1669312562811988
21-01-2026 12:40||NIFTY27JAN2624500PE,0.1749898575241602
21-01-2026 12:40||NIFTY27JAN2624700PE,0.1577681696869568
21-01-2026 12:40||NIFTY27JAN2624800PE,0.1495148065637153
21-01-2026 12:40||NIFTY27JAN2625200CE,0.1362275433279762
21-01-2026 12:40||NIFTY27JAN2625400CE,0.1280789381532869
21-01-2026 12:40||NIFTY27JAN2625900CE,0.1322956795988048
21-01-2026 12:45||NIFTY27JAN2623800PE,0.2431590631336968
21-01-2026 12:45||NIFTY27JAN2624400PE,0.1870660906709131
21-01-2026 12:45||NIFTY27JAN2625300CE,0.1416848115217419
21-01-2026 12:45||NIFTY27JAN2625800CE,0.1304242309076428
21-01-2026 12:45||NIFTY27JAN2626200CE,0.1473597187216455
21-01-2026 12:50||NIFTY27JAN2623800PE,0.2466736258246848
21-01-2026 12:50||NIFTY27JAN2624100PE,0.2193970007549088
21-01-2026 12:50||NIFTY27JAN2625200CE,0.1505812978031073
21-01-2026 12:50||NIFTY27JAN2625500CE,0.1336246058228383
21-01-2026 12:50||NIFTY27JAN2625600CE,0.1308481778723944
21-01-2026 12:55||NIFTY27JAN2625300CE,0.1340067817186252
21-01-2026 12:55||NIFTY27JAN2625400CE,0.1293260492993724
21-01-2026 12:55||NIFTY27JAN2625600CE,0.1244888309288825
21-01-2026 12:55||NIFTY27JAN2625700CE,0.1253160670163353
21-01-2026 12:55||NIFTY27JAN2625800CE,0.1275084118186455
21-01-2026 12:55||NIFTY27JAN2625900CE,0.1303134680557818
21-01-2026 12:55||NIFTY27JAN2626500CE,0.1640185963470202
21-01-2026 13:00||NIFTY27JAN2624600PE,0.1753925725748111
21-01-2026 13:00||NIFTY27JAN2624700PE,0.166350854366966
21-01-2026 13:00||NIFTY27JAN2626100CE,0.1391596058203816
21-01-2026 13:05||NIFTY27JAN2623800PE,0.251985869205237
21-01-2026 13:05||NIFTY27JAN2623900PE,0.2427168516109707
21-01-2026 13:05||NIFTY27JAN2624100PE,0.2238768555064831
21-01-2026 13:05||NIFTY27JAN2625600CE,0.1162314197312852
21-01-2026 13:05||NIFTY27JAN2626300CE,0.1494853124665418
21-01-2026 13:05||NIFTY27JAN2626400CE,0.1561281441088304
21-01-2026 13:10||NIFTY27JAN2625800CE,0.12982502847683
21-01-2026 13:10||NIFTY27JAN2626200CE,0.1486848708201407
21-01-2026 13:15||NIFTY27JAN2624400PE,0.189174912262855
21-01-2026 13:15||NIFTY27JAN2625400CE,0.1257011727556758
21-01-2026 13:15||NIFTY27JAN2625800CE,0.1266407282702459
21-01-2026 13:20||NIFTY27JAN2623800PE,0.2472328353952448
21-01-2026 13:20||NIFTY27JAN2623900PE,0.2374153975765676
21-01-2026 13:20||NIFTY27JAN2624600PE,0.1726434522343609
21-01-2026 13:20||NIFTY27JAN2624800PE,0.1560518432135662
21-01-2026 13:20||NIFTY27JAN2625400CE,0.1224713826108114
21-01-2026 13:20||NIFTY27JAN2626200CE,0.1473144253221576
21-01-2026 13:25||NIFTY27JAN2624200PE,0.2046176264628947
21-01-2026 13:25||NIFTY27JAN2624300PE,0.1947890842865245
21-01-2026 13:25||NIFTY27JAN2624900PE,0.1437653498235604
21-01-2026 13:25||NIFTY27JAN2625000PE,0.1373949459281522
21-01-2026 13:25||NIFTY27JAN2625200CE,0.1349543571829699
21-01-2026 13:25||NIFTY27JAN2625700CE,0.1263353185994233
21-01-2026 13:25||NIFTY27JAN2626000CE,0.1383558028172657
21-01-2026 13:25||NIFTY27JAN2626300CE,0.1574433399057433
21-01-2026 13:30||NIFTY27JAN2624000PE,0.2282854035215784
21-01-2026 13:30||NIFTY27JAN2624400PE,0.1911232993469784
21-01-2026 13:30||NIFTY27JAN2625200CE,0.1150816503081912
21-01-2026 13:30||NIFTY27JAN2625300CE,0.1139476681420426
21-01-2026 13:30||NIFTY27JAN2625800CE,0.1229182558570052
21-01-2026 13:30||NIFTY27JAN2626200CE,0.147461441711787
21-01-2026 13:30||NIFTY27JAN2626300CE,0.1549925570080361
21-01-2026 13:35||NIFTY27JAN2623800PE,0.2369753274984694
21-01-2026 13:35||NIFTY27JAN2624000PE,0.2182975232745461
21-01-2026 13:35||NIFTY27JAN2624700PE,0.1536733762923612
21-01-2026 13:35||NIFTY27JAN2624800PE,0.1449363175591198
21-01-2026 13:35||NIFTY27JAN2625800CE,0.1343591450919845
21-01-2026 13:35||NIFTY27JAN2626300CE,0.1603509311955839
21-01-2026 13:40||NIFTY27JAN2624600PE,0.1673802696461042
21-01-2026 13:40||NIFTY27JAN2624800PE,0.1512543672757367
21-01-2026 13:40||NIFTY27JAN2625300CE,0.1292356870389639
21-01-2026 13:40||NIFTY27JAN2625800CE,0.1296899212713853
21-01-2026 13:40||NIFTY27JAN2626200CE,0.1512956036791557
21-01-2026 13:45||NIFTY27JAN2624800PE,0.1506540974100101
21-01-2026 13:45||NIFTY27JAN2625400CE,0.1258175290588852
21-01-2026 13:45||NIFTY27JAN2625900CE,0.1332907557169349
21-01-2026 13:50||NIFTY27JAN2625100PE,0.1351556376858589
21-01-2026 13:50||NIFTY27JAN2626100CE,0.1452657840925795
21-01-2026 13:55||NIFTY27JAN2624300PE,0.1929249477225116
21-01-2026 13:55||NIFTY27JAN2624400PE,0.1834375908989418
21-01-2026 13:55||NIFTY27JAN2625500CE,0.1218956378254603
21-01-2026 13:55||NIFTY27JAN2625700CE,0.1261551914536696
21-01-2026 14:00||NIFTY27JAN2623800PE,0.2336577425597976
21-01-2026 14:00||NIFTY27JAN2624200PE,0.1958979977403725
21-01-2026 14:00||NIFTY27JAN2624600PE,0.1604458350504138
21-01-2026 14:00||NIFTY27JAN2625000PE,0.1330981464073808
21-01-2026 14:00||NIFTY27JAN2625200CE,0.1324526649695627
21-01-2026 14:05||NIFTY27JAN2624500PE,0.1698284874595135
21-01-2026 14:05||NIFTY27JAN2625000PE,0.1362350649350823
21-01-2026 14:05||NIFTY27JAN2625400CE,0.1197850468124883
21-01-2026 14:05||NIFTY27JAN2626100CE,0.1455140949038238
21-01-2026 14:05||NIFTY27JAN2626500CE,0.1772468007803525
21-01-2026 14:10||NIFTY27JAN2624000PE,0.2115750450290896
21-01-2026 14:10||NIFTY27JAN2624100PE,0.2020970356532601
21-01-2026 14:10||NIFTY27JAN2624400PE,0.1749662267689729
21-01-2026 14:10||NIFTY27JAN2624500PE,0.1661445084643382
21-01-2026 14:10||NIFTY27JAN2625000PE,0.1328263196493573
21-01-2026 14:10||NIFTY27JAN2625200CE,0.123577750472954
21-01-2026 14:10||NIFTY27JAN2626000CE,0.1408240043606738
21-01-2026 14:10||NIFTY27JAN2626400CE,0.1721886864038708
21-01-2026 14:10||NIFTY27JAN2626500CE,0.1813587720892151
21-01-2026 14:15||NIFTY27JAN2624700PE,0.1420145108336488
21-01-2026 14:15||NIFTY27JAN2625400CE,0.131622268645259
21-01-2026 14:15||NIFTY27JAN2625800CE,0.1337544411140641
21-01-2026 14:15||NIFTY27JAN2626100CE,0.1483757326050394
21-01-2026 14:20||NIFTY27JAN2624000PE,0.2151755197218356
21-01-2026 14:20||NIFTY27JAN2624300PE,0.1873712047238349
21-01-2026 14:20||NIFTY27JAN2624700PE,0.1557127960388804
21-01-2026 14:20||NIFTY27JAN2625200CE,0.1126646904272341
21-01-2026 14:20||NIFTY27JAN2625600CE,0.1157377536077035
21-01-2026 14:20||NIFTY27JAN2626100CE,0.1422593560538807
21-01-2026 14:20||NIFTY27JAN2626500CE,0.1721009566255489
21-01-2026 14:25||NIFTY27JAN2623900PE,0.2202926856285305
21-01-2026 14:25||NIFTY27JAN2624800PE,0.1481489978466932
21-01-2026 14:25||NIFTY27JAN2624900PE,0.143087065055063
21-01-2026 14:25||NIFTY27JAN2625100PE,0.1346523133322392
21-01-2026 14:25||NIFTY27JAN2626500CE,0.1777264259987205
21-01-2026 14:30||NIFTY27JAN2624500PE,0.1590616111735965
21-01-2026 14:30||NIFTY27JAN2624600PE,0.1500976212768296
21-01-2026 14:30||NIFTY27JAN2624800PE,0.1340104158645196
21-01-2026 14:30||NIFTY27JAN2625200CE,0.1348027248103918
21-01-2026 14:30||NIFTY27JAN2625300CE,0.1315659116865433
21-01-2026 14:30||NIFTY27JAN2626300CE,0.1638570074614094
21-01-2026 14:35||NIFTY27JAN2624200PE,0.1880710367422953
21-01-2026 14:35||NIFTY27JAN2624700PE,0.1450220542168203
21-01-2026 14:35||NIFTY27JAN2624800PE,0.1379235987855587
21-01-2026 14:35||NIFTY27JAN2625100PE,0.1200980270296074
21-01-2026 14:35||NIFTY27JAN2625200CE,0.1289567077783715
21-01-2026 14:35||NIFTY27JAN2625800CE,0.131408143216273
21-01-2026 14:35||NIFTY27JAN2626100CE,0.1480746039478013
21-01-2026 14:40||NIFTY27JAN2624000PE,0.2085238320442233
21-01-2026 14:40||NIFTY27JAN2624200PE,0.1899540779614579
21-01-2026 14:40||NIFTY27JAN2624500PE,0.1643644635637926
21-01-2026 14:40||NIFTY27JAN2624600PE,0.1568042354570114
21-01-2026 14:40||NIFTY27JAN2624700PE,0.1495181618718923
21-01-2026 14:40||NIFTY27JAN2625100PE,0.1277254126160549
21-01-2026 14:40||NIFTY27JAN2625200CE,0.1208934386025291
21-01-2026 14:40||NIFTY27JAN2625400CE,0.1182904257885866
21-01-2026 14:40||NIFTY27JAN2625800CE,0.1280384234467604
21-01-2026 14:40||NIFTY27JAN2626200CE,0.1529100548645345
21-01-2026 14:45||NIFTY27JAN2624500PE,0.1616292762916273
21-01-2026 14:45||NIFTY27JAN2625400CE,0.1218795783671922
21-01-2026 14:45||NIFTY27JAN2625900CE,0.1344647419144138
21-01-2026 14:45||NIFTY27JAN2626100CE,0.1467407922334551
21-01-2026 14:50||NIFTY27JAN2623900PE,0.2138457503130428
21-01-2026 14:50||NIFTY27JAN2624900PE,0.1346438847204325
21-01-2026 14:50||NIFTY27JAN2625200CE,0.1196048321159146
21-01-2026 14:50||NIFTY27JAN2625300CE,0.118256342600894
21-01-2026 14:50||NIFTY27JAN2625500CE,0.1185667707812889
21-01-2026 14:50||NIFTY27JAN2625800CE,0.12724761357196
21-01-2026 14:50||NIFTY27JAN2626300CE,0.1595112132167493
21-01-2026 14:55||NIFTY27JAN2624200PE,0.1871303184910751
21-01-2026 14:55||NIFTY27JAN2625300CE,0.1197849671491582
21-01-2026 14:55||NIFTY27JAN2625700CE,0.1235130013479874
21-01-2026 14:55||NIFTY27JAN2626100CE,0.1452190085830267
21-01-2026 15:00||NIFTY27JAN2623900PE,0.2143635435496627
21-01-2026 15:00||NIFTY27JAN2624100PE,0.1945002353306097
21-01-2026 15:00||NIFTY27JAN2624500PE,0.1567178222529808
21-01-2026 15:00||NIFTY27JAN2624800PE,0.1334589693663233
21-01-2026 15:00||NIFTY27JAN2625000PE,0.1209765929874269
21-01-2026 15:00||NIFTY27JAN2625200CE,0.1319555710892785
21-01-2026 15:00||NIFTY27JAN2625300CE,0.1281363172487104
21-01-2026 15:00||NIFTY27JAN2625600CE,0.1244756838665495
21-01-2026 15:00||NIFTY27JAN2626400CE,0.1666528786101295
21-01-2026 15:05||NIFTY27JAN2624300PE,0.1790564945642039
21-01-2026 15:05||NIFTY27JAN2625100PE,0.128209963741984
21-01-2026 15:05||NIFTY27JAN2626200CE,0.1497877210725526
21-01-2026 15:10||NIFTY27JAN2624300PE,0.1797169661207718
21-01-2026 15:10||NIFTY27JAN2624500PE,0.1629656101666903
21-01-2026 15:10||NIFTY27JAN2624600PE,0.1552712320709375
21-01-2026 15:10||NIFTY27JAN2625700CE,0.1196250315661906
21-01-2026 15:10||NIFTY27JAN2625800CE,0.1243630175469974
21-01-2026 15:10||NIFTY27JAN2625900CE,0.1300454428911557
21-01-2026 15:10||NIFTY27JAN2626500CE,0.1753562860437085
21-01-2026 15:15||NIFTY27JAN2624200PE,0.1863778401945239
21-01-2026 15:15||NIFTY27JAN2624300PE,0.1771833578957
21-01-2026 15:15||NIFTY27JAN2624800PE,0.1393317426764468
21-01-2026 15:15||NIFTY27JAN2624900PE,0.1338832939774654
21-01-2026 15:15||NIFTY27JAN2625200CE,0.1189295659882567
21-01-2026 15:15||NIFTY27JAN2625300CE,0.1172977144450726
21-01-2026 15:15||NIFTY27JAN2625600CE,0.1187924944846976
21-01-2026 15:15||NIFTY27JAN2625700CE,0.1218080355764783
21-01-2026 15:15||NIFTY27JAN2625900CE,0.1309061032449889
21-01-2026 15:15||NIFTY27JAN2626200CE,0.1520658938242043
21-01-2026 15:20||NIFTY27JAN2623800PE,0.2234967679843915
21-01-2026 15:20||NIFTY27JAN2624800PE,0.1404269306264147
21-01-2026 15:20||NIFTY27JAN2625100PE,0.1272090919966153
21-01-2026 15:20||NIFTY27JAN2625400CE,0.1109792230044348
21-01-2026 15:20||NIFTY27JAN2625600CE,0.1145566543656322
21-01-2026 15:25||NIFTY27JAN2623800PE,0.2217489248489652
21-01-2026 15:25||NIFTY27JAN2624200PE,0.181119397701277
21-01-2026 15:25||NIFTY27JAN2624500PE,0.1531859958444812
21-01-2026 15:25||NIFTY27JAN2624800PE,0.1301436386551238
21-01-2026 15:25||NIFTY27JAN2625100PE,0.1145938345534709
21-01-2026 15:25||NIFTY27JAN2626200CE,0.1501556815320626
22-01-2026 09:15||NIFTY27JAN2623800PE,0.2432337122016594
22-01-2026 09:15||NIFTY27JAN2625100PE,0.1253695308526374
22-01-2026 09:15||NIFTY27JAN2625300CE,0.1045645142589251
22-01-2026 09:20||NIFTY27JAN2623900PE,0.2307854756715883
22-01-2026 09:20||NIFTY27JAN2624000PE,0.2208390901991865
22-01-2026 09:20||NIFTY27JAN2624300PE,0.1884412383963187
22-01-2026 09:20||NIFTY27JAN2624500PE,0.1669596196142535
22-01-2026 09:20||NIFTY27JAN2624800PE,0.1391587330493529
22-01-2026 09:20||NIFTY27JAN2625200CE,0.1160879179262579
22-01-2026 09:20||NIFTY27JAN2626300CE,0.1504910050947145
22-01-2026 09:25||NIFTY27JAN2624700PE,0.1444828466867065
22-01-2026 09:25||NIFTY27JAN2625000PE,0.1177875453315238
22-01-2026 09:25||NIFTY27JAN2625200CE,0.1455318933400846
22-01-2026 09:25||NIFTY27JAN2625500CE,0.1271346609754786
22-01-2026 09:25||NIFTY27JAN2625600CE,0.1236722984083016
22-01-2026 09:25||NIFTY27JAN2626200CE,0.1439954077941152
22-01-2026 09:30||NIFTY27JAN2624600PE,0.202794261323234
22-01-2026 09:30||NIFTY27JAN2624800PE,0.1738000621824977
22-01-2026 09:30||NIFTY27JAN2624900PE,0.1602349187130887
22-01-2026 09:30||NIFTY27JAN2625100PE,0.1307594278151294
22-01-2026 09:30||NIFTY27JAN2625500CE,0.11668366336729
22-01-2026 09:30||NIFTY27JAN2625800CE,0.1186947171603449
22-01-2026 09:30||NIFTY27JAN2626000CE,0.1290469101243019
22-01-2026 09:30||NIFTY27JAN2626300CE,0.1508782233262877
22-01-2026 09:35||NIFTY27JAN2624100PE,0.277273351347798
22-01-2026 09:40||NIFTY27JAN2624100PE,0.2653455175822268
22-01-2026 09:40||NIFTY27JAN2624500PE,0.2171453946307988
22-01-2026 09:40||NIFTY27JAN2626000CE,0.1311433127527266
22-01-2026 09:40||NIFTY27JAN2626200CE,0.1454789543719883
22-01-2026 09:45||NIFTY27JAN2623900PE,0.2763753076749307
22-01-2026 09:45||NIFTY27JAN2624200PE,0.2443765330773253
22-01-2026 09:50||NIFTY27JAN2623900PE,0.2693184085038584
22-01-2026 09:50||NIFTY27JAN2624100PE,0.2516073727472721
22-01-2026 09:50||NIFTY27JAN2624900PE,0.1642073037227351
22-01-2026 09:50||NIFTY27JAN2625000PE,0.1542461625741111
22-01-2026 09:50||NIFTY27JAN2625600CE,0.1075542790520671
22-01-2026 09:50||NIFTY27JAN2625800CE,0.1137205568097456
22-01-2026 09:50||NIFTY27JAN2625900CE,0.1196807886367494
22-01-2026 09:50||NIFTY27JAN2626300CE,0.1473109572616948
22-01-2026 09:50||NIFTY27JAN2626500CE,0.1623145520147808
22-01-2026 09:55||NIFTY27JAN2624700PE,0.1656104634133681
22-01-2026 09:55||NIFTY27JAN2624800PE,0.155430549851669
22-01-2026 09:55||NIFTY27JAN2624900PE,0.1449889693310089
22-01-2026 09:55||NIFTY27JAN2625200CE,0.1354695726692725
22-01-2026 09:55||NIFTY27JAN2625500CE,0.1210106239421904
22-01-2026 10:00||NIFTY27JAN2624200PE,0.2185557697502238
22-01-2026 10:00||NIFTY27JAN2624700PE,0.1640286883779751
22-01-2026 10:00||NIFTY27JAN2625100PE,0.1287279107165062
22-01-2026 10:00||NIFTY27JAN2625400CE,0.1045603141008655
22-01-2026 10:00||NIFTY27JAN2625600CE,0.1047865970309871
22-01-2026 10:00||NIFTY27JAN2626100CE,0.1275536541845667
22-01-2026 10:00||NIFTY27JAN2626500CE,0.158182321254408
22-01-2026 10:05||NIFTY27JAN2624500PE,0.1853283175106401
22-01-2026 10:05||NIFTY27JAN2624800PE,0.1529991216523036
22-01-2026 10:05||NIFTY27JAN2625000PE,0.1351227965056196
22-01-2026 10:05||NIFTY27JAN2625400CE,0.1103650564859819
22-01-2026 10:05||NIFTY27JAN2625700CE,0.1098991090518097
22-01-2026 10:05||NIFTY27JAN2625800CE,0.1132051906347513
22-01-2026 10:05||NIFTY27JAN2626100CE,0.1297034532595233
22-01-2026 10:05||NIFTY27JAN2626400CE,0.1522162290103352
22-01-2026 10:10||NIFTY27JAN2623800PE,0.2539408145563548
22-01-2026 10:10||NIFTY27JAN2624200PE,0.2144691304767274
22-01-2026 10:10||NIFTY27JAN2624300PE,0.2034610136834795
22-01-2026 10:10||NIFTY27JAN2624500PE,0.1809646356848979
22-01-2026 10:10||NIFTY27JAN2624800PE,0.1483394152900992
22-01-2026 10:10||NIFTY27JAN2625300CE,0.1284627279444095
22-01-2026 10:10||NIFTY27JAN2625500CE,0.1180508728077427
22-01-2026 10:10||NIFTY27JAN2626200CE,0.1411856943735898
22-01-2026 10:10||NIFTY27JAN2626300CE,0.1483920761025388
22-01-2026 10:15||NIFTY27JAN2623900PE,0.2459300301265328
22-01-2026 10:15||NIFTY27JAN2624400PE,0.1976254576262253
22-01-2026 10:15||NIFTY27JAN2625000PE,0.1400345908418661
22-01-2026 10:15||NIFTY27JAN2625300CE,0.0981658379006873
22-01-2026 10:15||NIFTY27JAN2625400CE,0.0982317978476672
22-01-2026 10:20||NIFTY27JAN2624000PE,0.2244007147117392
22-01-2026 10:20||NIFTY27JAN2625000PE,0.1237807987123904
22-01-2026 10:20||NIFTY27JAN2625100PE,0.1142385118370103
22-01-2026 10:20||NIFTY27JAN2625400CE,0.1232806989762238
22-01-2026 10:20||NIFTY27JAN2625500CE,0.120095882199692
22-01-2026 10:20||NIFTY27JAN2625600CE,0.117684286572171
22-01-2026 10:20||NIFTY27JAN2625900CE,0.1249552989349211
22-01-2026 10:25||NIFTY27JAN2623900PE,0.2269125130560212
22-01-2026 10:25||NIFTY27JAN2624000PE,0.2190430185713037
22-01-2026 10:25||NIFTY27JAN2624200PE,0.1992356578297389
22-01-2026 10:25||NIFTY27JAN2625100PE,0.1278549792576271
22-01-2026 10:25||NIFTY27JAN2625900CE,0.1181058849371119
22-01-2026 10:25||NIFTY27JAN2626300CE,0.149253312628641
22-01-2026 10:30||NIFTY27JAN2624300PE,0.1831134504958775
22-01-2026 10:30||NIFTY27JAN2625800CE,0.1253717614947902
22-01-2026 10:30||NIFTY27JAN2626100CE,0.1434979925164583
22-01-2026 10:35||NIFTY27JAN2625100PE,0.1242832621414571
22-01-2026 10:35||NIFTY27JAN2625200CE,0.0984084813049825
22-01-2026 10:35||NIFTY27JAN2625300CE,0.0999304291101417
22-01-2026 10:35||NIFTY27JAN2625400CE,0.1018673536167682
22-01-2026 10:35||NIFTY27JAN2625800CE,0.1164765970467236
22-01-2026 10:40||NIFTY27JAN2624300PE,0.1827366690765917
22-01-2026 10:40||NIFTY27JAN2624600PE,0.1537273710951971
22-01-2026 10:40||NIFTY27JAN2625000PE,0.123467908068747
22-01-2026 10:40||NIFTY27JAN2625800CE,0.1203941829554651
22-01-2026 10:40||NIFTY27JAN2625900CE,0.126319459171448
22-01-2026 10:40||NIFTY27JAN2626000CE,0.1339918114161022
22-01-2026 10:45||NIFTY27JAN2623900PE,0.2239844938613746
22-01-2026 10:45||NIFTY27JAN2625000PE,0.1264323769031818
22-01-2026 10:45||NIFTY27JAN2625400CE,0.1113038592963135
22-01-2026 10:45||NIFTY27JAN2625500CE,0.1111830515174432
22-01-2026 10:45||NIFTY27JAN2625700CE,0.1159978160391332
22-01-2026 10:45||NIFTY27JAN2625900CE,0.1266338170721184
22-01-2026 10:45||NIFTY27JAN2626400CE,0.1680459643043441
22-01-2026 10:45||NIFTY27JAN2626500CE,0.1758325487421252
22-01-2026 10:50||NIFTY27JAN2623900PE,0.2249268237057915
22-01-2026 10:50||NIFTY27JAN2624400PE,0.173964495469816
22-01-2026 10:50||NIFTY27JAN2624500PE,0.1640524938847498
22-01-2026 10:50||NIFTY27JAN2624600PE,0.1544151770916855
22-01-2026 10:50||NIFTY27JAN2624900PE,0.1308342752087554
22-01-2026 10:50||NIFTY27JAN2625000PE,0.1247103549748622
22-01-2026 10:50||NIFTY27JAN2625300CE,0.1170240724822235
22-01-2026 10:50||NIFTY27JAN2625700CE,0.1192969626872013
22-01-2026 10:50||NIFTY27JAN2625900CE,0.1292698218409782
22-01-2026 10:50||NIFTY27JAN2626000CE,0.1369664052066497
22-01-2026 10:50||NIFTY27JAN2626300CE,0.1604926643290909
22-01-2026 10:55||NIFTY27JAN2624000PE,0.219072029362966
22-01-2026 10:55||NIFTY27JAN2624200PE,0.1995517326731004
22-01-2026 10:55||NIFTY27JAN2624600PE,0.1638878453771646
22-01-2026 10:55||NIFTY27JAN2625900CE,0.1272652881331453
22-01-2026 11:00||NIFTY27JAN2624400PE,0.1738752268656682
22-01-2026 11:00||NIFTY27JAN2624800PE,0.1406468189569913
22-01-2026 11:00||NIFTY27JAN2626300CE,0.1639276246554288
22-01-2026 11:05||NIFTY27JAN2624500PE,0.163098912839013
22-01-2026 11:05||NIFTY27JAN2624800PE,0.138762805456782
22-01-2026 11:05||NIFTY27JAN2625500CE,0.1207459189130872
22-01-2026 11:05||NIFTY27JAN2625600CE,0.1227675184283469
22-01-2026 11:05||NIFTY27JAN2625900CE,0.1362214767426941
22-01-2026 11:05||NIFTY27JAN2626200CE,0.1579855098428773
22-01-2026 11:10||NIFTY27JAN2623800PE,0.2336269897663019
22-01-2026 11:10||NIFTY27JAN2624300PE,0.1839511765544426
22-01-2026 11:10||NIFTY27JAN2624600PE,0.1583864978432441
22-01-2026 11:10||NIFTY27JAN2624700PE,0.1507092447407991
22-01-2026 11:10||NIFTY27JAN2625000PE,0.1308076129183213
22-01-2026 11:10||NIFTY27JAN2625100PE,0.1252313180076321
22-01-2026 11:10||NIFTY27JAN2625400CE,0.116222948016869
22-01-2026 11:10||NIFTY27JAN2625800CE,0.1283208921938659
22-01-2026 11:10||NIFTY27JAN2626100CE,0.1486711993282092
22-01-2026 11:15||NIFTY27JAN2623900PE,0.2218852512660607
22-01-2026 11:15||NIFTY27JAN2624300PE,0.1824867385793496
22-01-2026 11:15||NIFTY27JAN2625600CE,0.1197783489690564
22-01-2026 11:15||NIFTY27JAN2625800CE,0.1287434458928871
22-01-2026 11:15||NIFTY27JAN2626100CE,0.1497599822770077
22-01-2026 11:15||NIFTY27JAN2626200CE,0.1574969711663598
22-01-2026 11:15||NIFTY27JAN2626400CE,0.1751294411819586
22-01-2026 11:15||NIFTY27JAN2626500CE,0.1832923367916556
22-01-2026 11:20||NIFTY27JAN2623900PE,0.2185719711822091
22-01-2026 11:20||NIFTY27JAN2624700PE,0.1409449921003265
22-01-2026 11:20||NIFTY27JAN2624800PE,0.133130283504677
22-01-2026 11:20||NIFTY27JAN2625600CE,0.1274043494009333
22-01-2026 11:20||NIFTY27JAN2625900CE,0.1386404869146318
22-01-2026 11:25||NIFTY27JAN2623800PE,0.2398875048632653
22-01-2026 11:25||NIFTY27JAN2623900PE,0.2286995845325563
22-01-2026 11:25||NIFTY27JAN2624000PE,0.2175844820234544
22-01-2026 11:25||NIFTY27JAN2624500PE,0.1675483119456089
22-01-2026 11:25||NIFTY27JAN2624600PE,0.158388607728007
22-01-2026 11:25||NIFTY27JAN2625800CE,0.1235956334603791
22-01-2026 11:25||NIFTY27JAN2625900CE,0.1301590083806409
22-01-2026 11:25||NIFTY27JAN2626500CE,0.1738706433588674
22-01-2026 11:30||NIFTY27JAN2624300PE,0.1797293537890212
22-01-2026 11:30||NIFTY27JAN2625800CE,0.1305851288894004
22-01-2026 11:30||NIFTY27JAN2626000CE,0.1427201393043198
22-01-2026 11:35||NIFTY27JAN2624200PE,0.1924512644511828
22-01-2026 11:35||NIFTY27JAN2625500CE,0.115969725202909
22-01-2026 11:35||NIFTY27JAN2625900CE,0.132960332433953
22-01-2026 11:40||NIFTY27JAN2624200PE,0.1924803439388753
22-01-2026 11:40||NIFTY27JAN2624700PE,0.1503643257251248
22-01-2026 11:40||NIFTY27JAN2625200CE,0.110063088093117
22-01-2026 11:40||NIFTY27JAN2626300CE,0.1629877103034438
22-01-2026 11:45||NIFTY27JAN2623900PE,0.2176081983077988
22-01-2026 11:45||NIFTY27JAN2624400PE,0.1673551339216032
22-01-2026 11:45||NIFTY27JAN2625000PE,0.1239097440062231
22-01-2026 11:45||NIFTY27JAN2626500CE,0.1851417166047575
22-01-2026 11:50||NIFTY27JAN2624500PE,0.1635717380350421
22-01-2026 11:50||NIFTY27JAN2624800PE,0.1414951253390022
22-01-2026 11:50||NIFTY27JAN2625200CE,0.1185912530993249
22-01-2026 11:50||NIFTY27JAN2625700CE,0.126681087311578
22-01-2026 11:50||NIFTY27JAN2626200CE,0.1557810913813675
22-01-2026 11:50||NIFTY27JAN2626300CE,0.1637986062122962
22-01-2026 11:55||NIFTY27JAN2624000PE,0.2095091651075549
22-01-2026 11:55||NIFTY27JAN2625000PE,0.1324671763235727
22-01-2026 12:00||NIFTY27JAN2623800PE,0.2269589737657167
22-01-2026 12:00||NIFTY27JAN2624300PE,0.1757465214398657
22-01-2026 12:00||NIFTY27JAN2625600CE,0.1316701206933572
22-01-2026 12:00||NIFTY27JAN2625700CE,0.1348583278396447
22-01-2026 12:00||NIFTY27JAN2626100CE,0.1557423825761255
22-01-2026 12:00||NIFTY27JAN2626400CE,0.1805725545122598
22-01-2026 12:05||NIFTY27JAN2624300PE,0.1789552813278927
22-01-2026 12:05||NIFTY27JAN2625600CE,0.1265112233944805
22-01-2026 12:05||NIFTY27JAN2625700CE,0.1299311426011939
22-01-2026 12:05||NIFTY27JAN2626000CE,0.1464201072510782
22-01-2026 12:05||NIFTY27JAN2626300CE,0.1656736489877275
22-01-2026 12:10||NIFTY27JAN2624000PE,0.2085774519358665
22-01-2026 12:10||NIFTY27JAN2624500PE,0.1589304434504193
22-01-2026 12:10||NIFTY27JAN2625500CE,0.1235528812951756
22-01-2026 12:10||NIFTY27JAN2625800CE,0.1330701233642699
22-01-2026 12:10||NIFTY27JAN2626100CE,0.1493396847156916
22-01-2026 12:15||NIFTY27JAN2623800PE,0.22757403050689
22-01-2026 12:15||NIFTY27JAN2624000PE,0.2075115951232309
22-01-2026 12:15||NIFTY27JAN2624500PE,0.1573209876161421
22-01-2026 12:15||NIFTY27JAN2626100CE,0.1497452920667612
22-01-2026 12:15||NIFTY27JAN2626400CE,0.1768026055391871
22-01-2026 12:15||NIFTY27JAN2626500CE,0.1880478470049666
22-01-2026 12:20||NIFTY27JAN2624800PE,0.1448530560218408
22-01-2026 12:20||NIFTY27JAN2624900PE,0.1394401238877272
22-01-2026 12:20||NIFTY27JAN2625900CE,0.1305833272154402
22-01-2026 12:20||NIFTY27JAN2626000CE,0.1384433607407373
22-01-2026 12:20||NIFTY27JAN2626500CE,0.1774657686201592
22-01-2026 12:25||NIFTY27JAN2623900PE,0.2200396648952569
22-01-2026 12:25||NIFTY27JAN2624200PE,0.1886643384346822
22-01-2026 12:25||NIFTY27JAN2624700PE,0.142296416946511
22-01-2026 12:25||NIFTY27JAN2624800PE,0.1349194507040714
22-01-2026 12:25||NIFTY27JAN2625300CE,0.1266678169206656
22-01-2026 12:30||NIFTY27JAN2624200PE,0.1893786472821634
22-01-2026 12:30||NIFTY27JAN2624400PE,0.1693934568138839
22-01-2026 12:30||NIFTY27JAN2624500PE,0.1596190775786947
22-01-2026 12:30||NIFTY27JAN2625100PE,0.115607251560327
22-01-2026 12:30||NIFTY27JAN2625700CE,0.1245438862000227
22-01-2026 12:30||NIFTY27JAN2625800CE,0.1293995124279234
22-01-2026 12:30||NIFTY27JAN2625900CE,0.1350080539360973
22-01-2026 12:30||NIFTY27JAN2626400CE,0.1695450836692309
22-01-2026 12:35||NIFTY27JAN2623800PE,0.2325266143606121
22-01-2026 12:35||NIFTY27JAN2624400PE,0.1717766943239311
22-01-2026 12:35||NIFTY27JAN2626100CE,0.1428083269497513
22-01-2026 12:35||NIFTY27JAN2626300CE,0.1590582579061603
22-01-2026 12:40||NIFTY27JAN2624100PE,0.1980300664698262
22-01-2026 12:40||NIFTY27JAN2626200CE,0.1532531549559266
22-01-2026 12:45||NIFTY27JAN2624700PE,0.1434610661109303
22-01-2026 12:45||NIFTY27JAN2624900PE,0.1299365128759468
22-01-2026 12:45||NIFTY27JAN2625200CE,0.1151616900773007
22-01-2026 12:45||NIFTY27JAN2625700CE,0.1200028671441231
22-01-2026 12:45||NIFTY27JAN2625800CE,0.1254636919341223
22-01-2026 12:45||NIFTY27JAN2626000CE,0.1378047802479081
22-01-2026 12:45||NIFTY27JAN2626100CE,0.1413126617346414
22-01-2026 12:45||NIFTY27JAN2626200CE,0.1485168342073173
22-01-2026 12:45||NIFTY27JAN2626300CE,0.1572324666766533
22-01-2026 12:45||NIFTY27JAN2626400CE,0.1678787364205192
22-01-2026 12:50||NIFTY27JAN2624200PE,0.189126039993468
22-01-2026 12:50||NIFTY27JAN2624300PE,0.1788348986755963
22-01-2026 12:50||NIFTY27JAN2624900PE,0.1324963125400025
22-01-2026 12:50||NIFTY27JAN2625900CE,0.130556519848767
22-01-2026 12:50||NIFTY27JAN2626200CE,0.1504583182896013
22-01-2026 12:50||NIFTY27JAN2626300CE,0.1591110656749066
22-01-2026 12:55||NIFTY27JAN2624400PE,0.1643822386621742
22-01-2026 12:55||NIFTY27JAN2625100PE,0.1202799220195345
22-01-2026 12:55||NIFTY27JAN2626100CE,0.1490450639706573
22-01-2026 12:55||NIFTY27JAN2626400CE,0.1759033686994193
22-01-2026 13:00||NIFTY27JAN2624000PE,0.2043147437287018
22-01-2026 13:00||NIFTY27JAN2624400PE,0.1627927501987045
22-01-2026 13:00||NIFTY27JAN2624900PE,0.1252809651888959
22-01-2026 13:00||NIFTY27JAN2625700CE,0.1250295902400537
22-01-2026 13:05||NIFTY27JAN2623800PE,0.2260565277940571
22-01-2026 13:05||NIFTY27JAN2624100PE,0.1934802390829055
22-01-2026 13:05||NIFTY27JAN2624400PE,0.1630323784854432
22-01-2026 13:05||NIFTY27JAN2625000PE,0.1232401380352676
22-01-2026 13:05||NIFTY27JAN2625300CE,0.1157693584633108
22-01-2026 13:05||NIFTY27JAN2625400CE,0.1155190214687706
22-01-2026 13:05||NIFTY27JAN2625700CE,0.1245969949211982
22-01-2026 13:10||NIFTY27JAN2624200PE,0.1840786507671765
22-01-2026 13:10||NIFTY27JAN2625300CE,0.1114788757562408
22-01-2026 13:10||NIFTY27JAN2625500CE,0.1143499809910011
22-01-2026 13:10||NIFTY27JAN2626000CE,0.1441434353340227
22-01-2026 13:10||NIFTY27JAN2626500CE,0.1882823893026
22-01-2026 13:15||NIFTY27JAN2624200PE,0.1809304084057945
22-01-2026 13:15||NIFTY27JAN2624600PE,0.1425585954281096
22-01-2026 13:15||NIFTY27JAN2624700PE,0.1343552723541563
22-01-2026 13:15||NIFTY27JAN2625200CE,0.1271762768918378
22-01-2026 13:15||NIFTY27JAN2625600CE,0.1238689245179003
22-01-2026 13:20||NIFTY27JAN2623900PE,0.2139494496591893
22-01-2026 13:20||NIFTY27JAN2624700PE,0.1371188874244815
22-01-2026 13:20||NIFTY27JAN2624900PE,0.1242599925718401
22-01-2026 13:20||NIFTY27JAN2625200CE,0.119300575125834
22-01-2026 13:20||NIFTY27JAN2625500CE,0.1181055893858271
22-01-2026 13:20||NIFTY27JAN2626100CE,0.1499502957639151
22-01-2026 13:25||NIFTY27JAN2624900PE,0.1290413248268436
22-01-2026 13:25||NIFTY27JAN2625100PE,0.1216584157330125
22-01-2026 13:25||NIFTY27JAN2625800CE,0.1297685430414965
22-01-2026 13:25||NIFTY27JAN2626100CE,0.1541001232680656
22-01-2026 13:25||NIFTY27JAN2626300CE,0.1715025345883027
22-01-2026 13:30||NIFTY27JAN2623800PE,0.2214907831650254
22-01-2026 13:30||NIFTY27JAN2624000PE,0.1998673125265391
22-01-2026 13:30||NIFTY27JAN2624100PE,0.1888818770478586
22-01-2026 13:30||NIFTY27JAN2624600PE,0.1384165740215408
22-01-2026 13:30||NIFTY27JAN2625100PE,0.0997954344243154
22-01-2026 13:30||NIFTY27JAN2625800CE,0.1360531343339204
22-01-2026 13:30||NIFTY27JAN2625900CE,0.142924331708997
22-01-2026 13:35||NIFTY27JAN2623800PE,0.2276274577668715
22-01-2026 13:35||NIFTY27JAN2623900PE,0.2168809051473559
22-01-2026 13:35||NIFTY27JAN2624400PE,0.1666531982335719
22-01-2026 13:35||NIFTY27JAN2624600PE,0.1502161933509178
22-01-2026 13:35||NIFTY27JAN2624700PE,0.1429907484830863
22-01-2026 13:35||NIFTY27JAN2625300CE,0.1061476350660157
22-01-2026 13:35||NIFTY27JAN2625500CE,0.1100562835337335
22-01-2026 13:35||NIFTY27JAN2625700CE,0.1190121281332992
22-01-2026 13:35||NIFTY27JAN2626000CE,0.1404888850579979
22-01-2026 13:35||NIFTY27JAN2626100CE,0.149405200348454
22-01-2026 13:35||NIFTY27JAN2626400CE,0.1759274281869078
22-01-2026 13:40||NIFTY27JAN2624000PE,0.2025189553960462
22-01-2026 13:40||NIFTY27JAN2624200PE,0.1812070039683195
22-01-2026 13:40||NIFTY27JAN2624300PE,0.170770939167081
22-01-2026 13:40||NIFTY27JAN2624400PE,0.160807471332621
22-01-2026 13:40||NIFTY27JAN2624900PE,0.1215732838807888
22-01-2026 13:40||NIFTY27JAN2625100PE,0.1110686298738592
22-01-2026 13:40||NIFTY27JAN2625300CE,0.1218893664020654
22-01-2026 13:40||NIFTY27JAN2625400CE,0.1196006005810303
22-01-2026 13:40||NIFTY27JAN2625600CE,0.122307694733692
22-01-2026 13:40||NIFTY27JAN2626000CE,0.1459400336090048
22-01-2026 13:40||NIFTY27JAN2626300CE,0.1717305876163486
22-01-2026 13:45||NIFTY27JAN2624400PE,0.1590523152708431
22-01-2026 13:45||NIFTY27JAN2625200CE,0.1293007686561509
22-01-2026 13:45||NIFTY27JAN2625800CE,0.1334374073195405
22-01-2026 13:45||NIFTY27JAN2626100CE,0.1555230137835757
22-01-2026 13:45||NIFTY27JAN2626300CE,0.1724319496797335
22-01-2026 13:50||NIFTY27JAN2623800PE,0.2247587034650013
22-01-2026 13:50||NIFTY27JAN2625200CE,0.1307671579460745
22-01-2026 13:50||NIFTY27JAN2626300CE,0.1706455356006984
22-01-2026 13:55||NIFTY27JAN2624500PE,0.1543567812910566
22-01-2026 13:55||NIFTY27JAN2624600PE,0.1443303404088283
22-01-2026 13:55||NIFTY27JAN2624800PE,0.1284441449860764
22-01-2026 13:55||NIFTY27JAN2625400CE,0.1136329996932588
22-01-2026 13:55||NIFTY27JAN2625500CE,0.1140545658337615
22-01-2026 13:55||NIFTY27JAN2625900CE,0.1317943339569893
22-01-2026 13:55||NIFTY27JAN2626000CE,0.1407057170854209
22-01-2026 13:55||NIFTY27JAN2626400CE,0.1759633001150362
22-01-2026 14:00||NIFTY27JAN2623800PE,0.2291097501033192
22-01-2026 14:00||NIFTY27JAN2623900PE,0.2168938885887747
22-01-2026 14:00||NIFTY27JAN2624300PE,0.1706567031152985
22-01-2026 14:00||NIFTY27JAN2625000PE,0.1169609249776648
22-01-2026 14:00||NIFTY27JAN2625300CE,0.1115107776700057
22-01-2026 14:00||NIFTY27JAN2625500CE,0.1119130170091651
22-01-2026 14:00||NIFTY27JAN2625600CE,0.1147739946483525
22-01-2026 14:00||NIFTY27JAN2626500CE,0.1861618127300133
22-01-2026 14:05||NIFTY27JAN2623800PE,0.2255305101452904
22-01-2026 14:05||NIFTY27JAN2624000PE,0.2028542398964852
22-01-2026 14:05||NIFTY27JAN2624200PE,0.1805061245005816
22-01-2026 14:05||NIFTY27JAN2624300PE,0.170074138841862
22-01-2026 14:05||NIFTY27JAN2625200CE,0.107808860894373
22-01-2026 14:05||NIFTY27JAN2626200CE,0.1583030950928687
22-01-2026 14:05||NIFTY27JAN2626400CE,0.1768088514631607
22-01-2026 14:10||NIFTY27JAN2623900PE,0.2122101512068361
22-01-2026 14:10||NIFTY27JAN2624200PE,0.1812073784560262
22-01-2026 14:10||NIFTY27JAN2625100PE,0.1209370107325362
22-01-2026 14:10||NIFTY27JAN2625900CE,0.1329523137426065
22-01-2026 14:15||NIFTY27JAN2623800PE,0.2211774395552339
22-01-2026 14:15||NIFTY27JAN2624600PE,0.13793404531609
22-01-2026 14:15||NIFTY27JAN2625000PE,0.1126737047296728
22-01-2026 14:15||NIFTY27JAN2625100PE,0.1078991797276778
22-01-2026 14:15||NIFTY27JAN2626500CE,0.1934154336516975
22-01-2026 14:20||NIFTY27JAN2623800PE,0.2257212421905627
22-01-2026 14:20||NIFTY27JAN2623900PE,0.2126230195977712
22-01-2026 14:20||NIFTY27JAN2624000PE,0.1997028569192807
22-01-2026 14:20||NIFTY27JAN2624100PE,0.1871409279600904
22-01-2026 14:20||NIFTY27JAN2624400PE,0.1549669729735896
22-01-2026 14:20||NIFTY27JAN2624900PE,0.1159767596826384
22-01-2026 14:20||NIFTY27JAN2625400CE,0.1144657028891273
22-01-2026 14:20||NIFTY27JAN2625700CE,0.1222330973751866
22-01-2026 14:20||NIFTY27JAN2625800CE,0.1295498611032997
22-01-2026 14:20||NIFTY27JAN2625900CE,0.1378223784701617
22-01-2026 14:20||NIFTY27JAN2626100CE,0.1537765204921122
22-01-2026 14:20||NIFTY27JAN2626200CE,0.1630180068454763
22-01-2026 14:25||NIFTY27JAN2624200PE,0.1760216658578919
22-01-2026 14:25||NIFTY27JAN2624300PE,0.1643696845519358
22-01-2026 14:25||NIFTY27JAN2624600PE,0.1337005922909853
22-01-2026 14:25||NIFTY27JAN2624700PE,0.1249583572381745
22-01-2026 14:25||NIFTY27JAN2626500CE,0.1891762193584867
22-01-2026 14:30||NIFTY27JAN2623800PE,0.2252457191152679
22-01-2026 14:30||NIFTY27JAN2624300PE,0.16834516196867
22-01-2026 14:30||NIFTY27JAN2625600CE,0.1217932922767559
22-01-2026 14:30||NIFTY27JAN2625700CE,0.1239986577347806
22-01-2026 14:30||NIFTY27JAN2625900CE,0.1327740695188524
22-01-2026 14:30||NIFTY27JAN2626500CE,0.182574491963031
22-01-2026 14:35||NIFTY27JAN2624000PE,0.2059014715211553
22-01-2026 14:35||NIFTY27JAN2624800PE,0.1234796829339615
22-01-2026 14:35||NIFTY27JAN2625500CE,0.1172743249946393
22-01-2026 14:40||NIFTY27JAN2623800PE,0.2303603261000901
22-01-2026 14:40||NIFTY27JAN2625200CE,0.1204865856726016
22-01-2026 14:40||NIFTY27JAN2625400CE,0.1123750976389317
22-01-2026 14:40||NIFTY27JAN2626100CE,0.1399768931609912
22-01-2026 14:40||NIFTY27JAN2626500CE,0.1731084203719639
22-01-2026 14:45||NIFTY27JAN2624000PE,0.2048441861663157
22-01-2026 14:45||NIFTY27JAN2626100CE,0.1382463897739754
22-01-2026 14:50||NIFTY27JAN2624400PE,0.1608022788789291
22-01-2026 14:50||NIFTY27JAN2624500PE,0.1501735624492184
22-01-2026 14:50||NIFTY27JAN2625400CE,0.1075694350726408
22-01-2026 14:50||NIFTY27JAN2625500CE,0.1067626132997077
22-01-2026 14:50||NIFTY27JAN2625600CE,0.1071359391444488
22-01-2026 14:50||NIFTY27JAN2626200CE,0.1443440291172706
22-01-2026 14:55||NIFTY27JAN2624300PE,0.1680016117239233
22-01-2026 14:55||NIFTY27JAN2625000PE,0.1093750861298694
22-01-2026 14:55||NIFTY27JAN2626100CE,0.1351372352372877
22-01-2026 14:55||NIFTY27JAN2626500CE,0.1718188505394593
22-01-2026 15:00||NIFTY27JAN2624300PE,0.1672269399819654
22-01-2026 15:00||NIFTY27JAN2624600PE,0.137845757658038
22-01-2026 15:00||NIFTY27JAN2624900PE,0.1171804347099723
22-01-2026 15:00||NIFTY27JAN2625600CE,0.105563507187071
22-01-2026 15:00||NIFTY27JAN2626400CE,0.1622638260556002
22-01-2026 15:05||NIFTY27JAN2625300CE,0.1313935846787899
22-01-2026 15:05||NIFTY27JAN2625400CE,0.123462231774539
22-01-2026 15:05||NIFTY27JAN2625600CE,0.1163879493291375
22-01-2026 15:10||NIFTY27JAN2623800PE,0.2268842569916103
22-01-2026 15:10||NIFTY27JAN2624000PE,0.2040310803802487
22-01-2026 15:10||NIFTY27JAN2624200PE,0.1809473146979918
22-01-2026 15:10||NIFTY27JAN2625100PE,0.1044073970150769
22-01-2026 15:10||NIFTY27JAN2625600CE,0.1074970477327283
22-01-2026 15:10||NIFTY27JAN2626100CE,0.1308881632455438
22-01-2026 15:15||NIFTY27JAN2623800PE,0.2248772918477044
22-01-2026 15:15||NIFTY27JAN2624200PE,0.1779649027211753
22-01-2026 15:15||NIFTY27JAN2624600PE,0.1337325407522946
22-01-2026 15:15||NIFTY27JAN2625400CE,0.1174896709614756
22-01-2026 15:15||NIFTY27JAN2625800CE,0.1120420835765827
22-01-2026 15:15||NIFTY27JAN2625900CE,0.1179623312555691
22-01-2026 15:15||NIFTY27JAN2626200CE,0.1380945561411053
22-01-2026 15:15||NIFTY27JAN2626300CE,0.1464865204841672
22-01-2026 15:20||NIFTY27JAN2624800PE,0.1177990463244071
22-01-2026 15:20||NIFTY27JAN2625200CE,0.1368489757612536
22-01-2026 15:20||NIFTY27JAN2626400CE,0.1550857670064473
22-01-2026 15:25||NIFTY27JAN2623800PE,0.2256878566911506
22-01-2026 15:25||NIFTY27JAN2624300PE,0.1668919179586154
22-01-2026 15:25||NIFTY27JAN2624700PE,0.1240243176445226
22-01-2026 15:25||NIFTY27JAN2625100PE,0.097383158702474
22-01-2026 15:25||NIFTY27JAN2625200CE,0.126568523178129
22-01-2026 15:25||NIFTY27JAN2625300CE,0.1197014168791383
22-01-2026 15:25||NIFTY27JAN2625600CE,0.1078221249113511
22-01-2026 15:25||NIFTY27JAN2625900CE,0.1139678548638869
22-01-2026 15:25||NIFTY27JAN2626000CE,0.1214858117822927
22-01-2026 15:25||NIFTY27JAN2626400CE,0.1561468323095667
23-01-2026 09:15||NIFTY27JAN2624100PE,0.2097343963035065
23-01-2026 09:15||NIFTY27JAN2624200PE,0.1959452973254265
23-01-2026 09:15||NIFTY27JAN2624300PE,0.1841859215924621
23-01-2026 09:15||NIFTY27JAN2625500CE,0.1132534446639539
23-01-2026 09:15||NIFTY27JAN2626000CE,0.1331465201923123
23-01-2026 09:15||NIFTY27JAN2626100CE,0.14106066821968
23-01-2026 09:15||NIFTY27JAN2626200CE,0.1511230963461756
23-01-2026 09:15||NIFTY27JAN2626300CE,0.1624670715273595
23-01-2026 09:15||NIFTY27JAN2626500CE,0.1820140671843404
23-01-2026 09:20||NIFTY27JAN2623900PE,0.2316084392858526
23-01-2026 09:20||NIFTY27JAN2624400PE,0.1695608085559428
23-01-2026 09:20||NIFTY27JAN2625500CE,0.1289280628761275
23-01-2026 09:20||NIFTY27JAN2626200CE,0.1537812220586332
23-01-2026 09:20||NIFTY27JAN2626400CE,0.172685695031177
23-01-2026 09:25||NIFTY27JAN2623800PE,0.2533745213052381
23-01-2026 09:25||NIFTY27JAN2625100PE,0.1120222241335255
23-01-2026 09:25||NIFTY27JAN2626100CE,0.1335693011423018
23-01-2026 09:25||NIFTY27JAN2626200CE,0.1443482250153636
23-01-2026 09:25||NIFTY27JAN2626400CE,0.1651846000564916
23-01-2026 09:30||NIFTY27JAN2623900PE,0.240181861261048
23-01-2026 09:30||NIFTY27JAN2624000PE,0.2289126764004798
23-01-2026 09:30||NIFTY27JAN2624400PE,0.1819490352690227
23-01-2026 09:30||NIFTY27JAN2624500PE,0.1705348111913487
23-01-2026 09:30||NIFTY27JAN2624600PE,0.1584387829088243
23-01-2026 09:30||NIFTY27JAN2624700PE,0.1471866298023201
23-01-2026 09:30||NIFTY27JAN2625200CE,0.1089289438429759
23-01-2026 09:30||NIFTY27JAN2626300CE,0.1563859643332534
23-01-2026 09:35||NIFTY27JAN2623900PE,0.2366009220574643
23-01-2026 09:35||NIFTY27JAN2624000PE,0.2257473230672531
23-01-2026 09:35||NIFTY27JAN2624400PE,0.1762907056465898
23-01-2026 09:35||NIFTY27JAN2625500CE,0.1081564327549671
23-01-2026 09:35||NIFTY27JAN2626100CE,0.13778080191544
23-01-2026 09:40||NIFTY27JAN2625400CE,0.1047392446706325
23-01-2026 09:40||NIFTY27JAN2625500CE,0.1032439375929783
23-01-2026 09:40||NIFTY27JAN2626000CE,0.1271220843776745
23-01-2026 09:45||NIFTY27JAN2623900PE,0.2346092871671938
23-01-2026 09:45||NIFTY27JAN2624100PE,0.2100410899148332
23-01-2026 09:45||NIFTY27JAN2624300PE,0.1842724837665699
23-01-2026 09:45||NIFTY27JAN2624800PE,0.1277688905516143
23-01-2026 09:45||NIFTY27JAN2624900PE,0.1196727024142774
23-01-2026 09:45||NIFTY27JAN2626100CE,0.1421593184516112
23-01-2026 09:45||NIFTY27JAN2626400CE,0.1732175193079044
23-01-2026 09:50||NIFTY27JAN2623900PE,0.2371197277696826
23-01-2026 09:50||NIFTY27JAN2624200PE,0.2019036699708731
23-01-2026 09:50||NIFTY27JAN2624400PE,0.1770105807710891
23-01-2026 09:50||NIFTY27JAN2624700PE,0.1446579791351325
23-01-2026 09:50||NIFTY27JAN2625200CE,0.1062624338748321
23-01-2026 09:50||NIFTY27JAN2625300CE,0.1034187914121176
23-01-2026 09:50||NIFTY27JAN2625700CE,0.1041017387491365
23-01-2026 09:50||NIFTY27JAN2625800CE,0.1093496969369738
23-01-2026 09:55||NIFTY27JAN2623800PE,0.2491869220157809
23-01-2026 09:55||NIFTY27JAN2624200PE,0.1979912741495226
23-01-2026 09:55||NIFTY27JAN2624800PE,0.1297124070608255
23-01-2026 09:55||NIFTY27JAN2625000PE,0.1152967681526817
23-01-2026 09:55||NIFTY27JAN2625200CE,0.1218546075449324
23-01-2026 09:55||NIFTY27JAN2625700CE,0.1075790892360402
23-01-2026 09:55||NIFTY27JAN2626300CE,0.1615358542177105
23-01-2026 10:00||NIFTY27JAN2624700PE,0.1413149849752564
23-01-2026 10:00||NIFTY27JAN2625900CE,0.1138368850024065
23-01-2026 10:00||NIFTY27JAN2626000CE,0.124366319735877
23-01-2026 10:00||NIFTY27JAN2626100CE,0.1367647450580165
23-01-2026 10:00||NIFTY27JAN2626300CE,0.1590237798500027
23-01-2026 10:05||NIFTY27JAN2623800PE,0.2497016864413446
23-01-2026 10:05||NIFTY27JAN2624100PE,0.2119508019977445
23-01-2026 10:05||NIFTY27JAN2624600PE,0.1510487208112962
23-01-2026 10:05||NIFTY27JAN2624800PE,0.1317224504277199
23-01-2026 10:05||NIFTY27JAN2626200CE,0.1495212721258667
23-01-2026 10:10||NIFTY27JAN2623800PE,0.2485756476418004
23-01-2026 10:10||NIFTY27JAN2624000PE,0.2234347402595986
23-01-2026 10:10||NIFTY27JAN2624400PE,0.172849819571212
23-01-2026 10:10||NIFTY27JAN2624600PE,0.1491335194296041
23-01-2026 10:10||NIFTY27JAN2624800PE,0.1297985478788419
23-01-2026 10:10||NIFTY27JAN2625300CE,0.1059553672537489
23-01-2026 10:15||NIFTY27JAN2624700PE,0.1421019062449922
23-01-2026 10:15||NIFTY27JAN2625700CE,0.1018084209036587
23-01-2026 10:15||NIFTY27JAN2625900CE,0.1160876361009002
23-01-2026 10:15||NIFTY27JAN2626000CE,0.1298298202238328
23-01-2026 10:15||NIFTY27JAN2626400CE,0.1725164890237671
23-01-2026 10:20||NIFTY27JAN2625700CE,0.1059527346642283
23-01-2026 10:20||NIFTY27JAN2625800CE,0.1126770071633771
23-01-2026 10:20||NIFTY27JAN2626100CE,0.1424912277479535
23-01-2026 10:20||NIFTY27JAN2626500CE,0.1837879007075074
23-01-2026 10:25||NIFTY27JAN2623800PE,0.2464057471059888
23-01-2026 10:25||NIFTY27JAN2624400PE,0.1692898164578036
23-01-2026 10:25||NIFTY27JAN2624600PE,0.1443563551191715
23-01-2026 10:25||NIFTY27JAN2625100PE,0.0997909855070808
23-01-2026 10:25||NIFTY27JAN2625400CE,0.1135709504319919
23-01-2026 10:25||NIFTY27JAN2626000CE,0.1305569228636258
23-01-2026 10:30||NIFTY27JAN2624100PE,0.2132549941257639
23-01-2026 10:30||NIFTY27JAN2624400PE,0.1747238893114691
23-01-2026 10:30||NIFTY27JAN2624600PE,0.1498074884855285
23-01-2026 10:30||NIFTY27JAN2625100PE,0.1057253075889548
23-01-2026 10:35||NIFTY27JAN2624000PE,0.2266595478455517
23-01-2026 10:35||NIFTY27JAN2624100PE,0.2142636083157256
23-01-2026 10:35||NIFTY27JAN2624200PE,0.2018272265739273
23-01-2026 10:35||NIFTY27JAN2624500PE,0.1643294859466983
23-01-2026 10:35||NIFTY27JAN2624900PE,0.1238876894337721
23-01-2026 10:35||NIFTY27JAN2625100PE,0.1097378419721657
23-01-2026 10:35||NIFTY27JAN2625600CE,0.0973435655188552
23-01-2026 10:40||NIFTY27JAN2624000PE,0.2251082359964424
23-01-2026 10:40||NIFTY27JAN2624600PE,0.1505072979989137
23-01-2026 10:40||NIFTY27JAN2624800PE,0.1300018986581008
23-01-2026 10:40||NIFTY27JAN2625300CE,0.1058914359146285
23-01-2026 10:40||NIFTY27JAN2625800CE,0.1065208130790082
23-01-2026 10:45||NIFTY27JAN2624100PE,0.2132285726636684
23-01-2026 10:45||NIFTY27JAN2625100PE,0.110621576117893
23-01-2026 10:45||NIFTY27JAN2625900CE,0.1127999783605488
23-01-2026 10:45||NIFTY27JAN2626200CE,0.1475289552502161
23-01-2026 10:45||NIFTY27JAN2626500CE,0.177831499523954
23-01-2026 10:50||NIFTY27JAN2623900PE,0.236303374854959
23-01-2026 10:50||NIFTY27JAN2625400CE,0.0995292701703363
23-01-2026 10:50||NIFTY27JAN2625700CE,0.1009436054346224
23-01-2026 10:50||NIFTY27JAN2626200CE,0.1475337621590142
23-01-2026 10:50||NIFTY27JAN2626300CE,0.1570372893571416
23-01-2026 10:50||NIFTY27JAN2626400CE,0.1673185188073063
23-01-2026 10:55||NIFTY27JAN2623800PE,0.2491778500885537
23-01-2026 10:55||NIFTY27JAN2624600PE,0.1472188286907894
23-01-2026 10:55||NIFTY27JAN2624900PE,0.1177182599302071
23-01-2026 10:55||NIFTY27JAN2626200CE,0.1496356413299508
23-01-2026 11:00||NIFTY27JAN2625100PE,0.1070709816818507
23-01-2026 11:00||NIFTY27JAN2625400CE,0.0945242205430076
23-01-2026 11:00||NIFTY27JAN2625800CE,0.1066038028242388
23-01-2026 11:00||NIFTY27JAN2626100CE,0.1386046002515684
23-01-2026 11:05||NIFTY27JAN2624200PE,0.1962189500067097
23-01-2026 11:05||NIFTY27JAN2625600CE,0.1001609978367383
23-01-2026 11:05||NIFTY27JAN2625700CE,0.1031749864417435
23-01-2026 11:05||NIFTY27JAN2626200CE,0.1516404288171458
23-01-2026 11:05||NIFTY27JAN2626500CE,0.1838307941671288
23-01-2026 11:10||NIFTY27JAN2624000PE,0.2224345265108702
23-01-2026 11:10||NIFTY27JAN2624100PE,0.2100191909438269
23-01-2026 11:10||NIFTY27JAN2625300CE,0.101637213180723
23-01-2026 11:10||NIFTY27JAN2626300CE,0.1616751866473187
23-01-2026 11:15||NIFTY27JAN2624200PE,0.1960495124635084
23-01-2026 11:15||NIFTY27JAN2624800PE,0.1282677183975344
23-01-2026 11:15||NIFTY27JAN2624900PE,0.1204765907717586
23-01-2026 11:15||NIFTY27JAN2625300CE,0.093501126050576
23-01-2026 11:15||NIFTY27JAN2625400CE,0.0916273560971134
23-01-2026 11:15||NIFTY27JAN2625500CE,0.0912784639583534
23-01-2026 11:15||NIFTY27JAN2625700CE,0.0989077534108702
23-01-2026 11:15||NIFTY27JAN2626300CE,0.1621352158747129
23-01-2026 11:20||NIFTY27JAN2624100PE,0.2074605168807082
23-01-2026 11:20||NIFTY27JAN2624400PE,0.1690309920181825
23-01-2026 11:20||NIFTY27JAN2624800PE,0.1232538739477817
23-01-2026 11:20||NIFTY27JAN2625100PE,0.1009006572691362
23-01-2026 11:20||NIFTY27JAN2626000CE,0.1296578453352737
23-01-2026 11:20||NIFTY27JAN2626300CE,0.1649209324874547
23-01-2026 11:25||NIFTY27JAN2623800PE,0.2475618808707445
23-01-2026 11:25||NIFTY27JAN2623900PE,0.2352890576561179
23-01-2026 11:25||NIFTY27JAN2624900PE,0.1141196875438126
23-01-2026 11:25||NIFTY27JAN2625200CE,0.1085046982842214
23-01-2026 11:25||NIFTY27JAN2625800CE,0.1077560022077008
23-01-2026 11:25||NIFTY27JAN2626400CE,0.1734744781553345
23-01-2026 11:30||NIFTY27JAN2624700PE,0.1371923859468182
23-01-2026 11:30||NIFTY27JAN2624900PE,0.1199304478916367
23-01-2026 11:30||NIFTY27JAN2625000PE,0.114608941319112
23-01-2026 11:30||NIFTY27JAN2625500CE,0.1042834049015226
23-01-2026 11:30||NIFTY27JAN2625800CE,0.105326958771684
23-01-2026 11:30||NIFTY27JAN2626000CE,0.1276543592651009
23-01-2026 11:30||NIFTY27JAN2626200CE,0.1519543701745682
23-01-2026 11:30||NIFTY27JAN2626400CE,0.1735236995687117
23-01-2026 11:35||NIFTY27JAN2624900PE,0.1209061363728274
23-01-2026 11:35||NIFTY27JAN2625400CE,0.105392472709056
23-01-2026 11:35||NIFTY27JAN2626000CE,0.1315889421720015
23-01-2026 11:40||NIFTY27JAN2623900PE,0.2266907976948715
23-01-2026 11:40||NIFTY27JAN2624300PE,0.1760455041850939
23-01-2026 11:40||NIFTY27JAN2624900PE,0.1154405133138709
23-01-2026 11:40||NIFTY27JAN2625500CE,0.0975496893607612
23-01-2026 11:40||NIFTY27JAN2626300CE,0.1744493931504891
23-01-2026 11:40||NIFTY27JAN2626500CE,0.1842468379589341
23-01-2026 11:45||NIFTY27JAN2625300CE,0.1111552295724536
23-01-2026 11:45||NIFTY27JAN2626100CE,0.1538589854629464
23-01-2026 11:45||NIFTY27JAN2626400CE,0.185273679505844
23-01-2026 11:50||NIFTY27JAN2624100PE,0.1947161609049459
23-01-2026 11:50||NIFTY27JAN2624500PE,0.1466171249753607
23-01-2026 11:50||NIFTY27JAN2625400CE,0.1065921735843247
23-01-2026 11:50||NIFTY27JAN2625500CE,0.1064208774311126
23-01-2026 11:50||NIFTY27JAN2625700CE,0.1148925957632442
23-01-2026 11:55||NIFTY27JAN2624800PE,0.1198957776966551
23-01-2026 11:55||NIFTY27JAN2625100PE,0.1032893923071647
23-01-2026 11:55||NIFTY27JAN2625700CE,0.1120578769824476
23-01-2026 11:55||NIFTY27JAN2626200CE,0.1650134676625647
23-01-2026 11:55||NIFTY27JAN2626500CE,0.1857159193749993
23-01-2026 12:00||NIFTY27JAN2624000PE,0.2106620808479302
23-01-2026 12:00||NIFTY27JAN2624300PE,0.1721028220385783
23-01-2026 12:00||NIFTY27JAN2624800PE,0.118278052608435
23-01-2026 12:00||NIFTY27JAN2625200CE,0.1092673757972377
23-01-2026 12:00||NIFTY27JAN2625800CE,0.1193148891729336
23-01-2026 12:00||NIFTY27JAN2625900CE,0.1317984931128712
23-01-2026 12:00||NIFTY27JAN2626400CE,0.1850324078578165
23-01-2026 12:05||NIFTY27JAN2624600PE,0.1388187696031018
23-01-2026 12:05||NIFTY27JAN2625300CE,0.0974860005781792
23-01-2026 12:05||NIFTY27JAN2625400CE,0.0969108603309862
23-01-2026 12:05||NIFTY27JAN2626400CE,0.1858818291447388
23-01-2026 12:10||NIFTY27JAN2623900PE,0.219225855006492
23-01-2026 12:10||NIFTY27JAN2624000PE,0.206999546276883
23-01-2026 12:10||NIFTY27JAN2625000PE,0.1075162198136823
23-01-2026 12:10||NIFTY27JAN2625700CE,0.1144603639851311
23-01-2026 12:10||NIFTY27JAN2626200CE,0.1686519769166459
23-01-2026 12:10||NIFTY27JAN2626500CE,0.1897370154997482
23-01-2026 12:15||NIFTY27JAN2625500CE,0.1088097563300891
23-01-2026 12:15||NIFTY27JAN2626100CE,0.1555313651354666
23-01-2026 12:15||NIFTY27JAN2626300CE,0.1779279912363911
23-01-2026 12:20||NIFTY27JAN2624200PE,0.185532692879363
23-01-2026 12:20||NIFTY27JAN2625200CE,0.1030932308088949
23-01-2026 12:20||NIFTY27JAN2625300CE,0.1061138908821917
23-01-2026 12:20||NIFTY27JAN2625400CE,0.1097723630549083
23-01-2026 12:20||NIFTY27JAN2625800CE,0.1188014789904698
23-01-2026 12:20||NIFTY27JAN2626100CE,0.1533323853630417
23-01-2026 12:25||NIFTY27JAN2624300PE,0.1708317901632305
23-01-2026 12:25||NIFTY27JAN2624500PE,0.1465255880050548
23-01-2026 12:25||NIFTY27JAN2624600PE,0.1342652884053308
23-01-2026 12:25||NIFTY27JAN2624900PE,0.1080149090665614
23-01-2026 12:25||NIFTY27JAN2625400CE,0.1034404398455706
23-01-2026 12:25||NIFTY27JAN2625600CE,0.1066074426285155
23-01-2026 12:25||NIFTY27JAN2626400CE,0.1859378479566942
23-01-2026 12:30||NIFTY27JAN2623800PE,0.2351425194571277
23-01-2026 12:30||NIFTY27JAN2624100PE,0.1957894191734688
23-01-2026 12:30||NIFTY27JAN2624200PE,0.1832024976691109
23-01-2026 12:30||NIFTY27JAN2624500PE,0.1451755495335582
23-01-2026 12:30||NIFTY27JAN2625900CE,0.1303371709456797
23-01-2026 12:30||NIFTY27JAN2626100CE,0.1533997728277469
23-01-2026 12:30||NIFTY27JAN2626200CE,0.165090249300988
23-01-2026 12:35||NIFTY27JAN2624100PE,0.1966932676253527
23-01-2026 12:35||NIFTY27JAN2624400PE,0.1575241312987785
23-01-2026 12:35||NIFTY27JAN2625100PE,0.1061975600217657
23-01-2026 12:35||NIFTY27JAN2625300CE,0.1092609046411041
23-01-2026 12:35||NIFTY27JAN2626100CE,0.1536102818085858
23-01-2026 12:40||NIFTY27JAN2624500PE,0.1447045114817662
23-01-2026 12:40||NIFTY27JAN2624600PE,0.1317313256501933
23-01-2026 12:40||NIFTY27JAN2624900PE,0.1031021526384208
23-01-2026 12:40||NIFTY27JAN2625300CE,0.1100677383294055
23-01-2026 12:45||NIFTY27JAN2623800PE,0.2383611036059463
23-01-2026 12:45||NIFTY27JAN2623900PE,0.2254569223895615
23-01-2026 12:45||NIFTY27JAN2624600PE,0.1375654855402999
23-01-2026 12:45||NIFTY27JAN2625900CE,0.1234542601565564
23-01-2026 12:50||NIFTY27JAN2623800PE,0.233505927941664
23-01-2026 12:50||NIFTY27JAN2624400PE,0.1563459038341008
23-01-2026 12:50||NIFTY27JAN2624800PE,0.1100258591215777
23-01-2026 12:50||NIFTY27JAN2625300CE,0.1118408153204768
23-01-2026 12:50||NIFTY27JAN2625600CE,0.1076079250018864
23-01-2026 12:50||NIFTY27JAN2625700CE,0.1129652320784586
23-01-2026 12:50||NIFTY27JAN2626000CE,0.1402946439230632
23-01-2026 12:50||NIFTY27JAN2626400CE,0.1845065037234086
23-01-2026 12:55||NIFTY27JAN2624200PE,0.186713208930465
23-01-2026 12:55||NIFTY27JAN2625400CE,0.1061897770699147
23-01-2026 12:55||NIFTY27JAN2625600CE,0.098971336019936
23-01-2026 12:55||NIFTY27JAN2625800CE,0.115270361041432
23-01-2026 12:55||NIFTY27JAN2626400CE,0.1830923844835901
23-01-2026 13:00||NIFTY27JAN2624900PE,0.103628443863748
23-01-2026 13:00||NIFTY27JAN2625700CE,0.1129023027823663
23-01-2026 13:00||NIFTY27JAN2626000CE,0.1444503942922352
23-01-2026 13:05||NIFTY27JAN2623800PE,0.2315199454730532
23-01-2026 13:05||NIFTY27JAN2625200CE,0.1037948405658752
23-01-2026 13:05||NIFTY27JAN2625900CE,0.1322489317540203
23-01-2026 13:10||NIFTY27JAN2623900PE,0.2197285964951056
23-01-2026 13:10||NIFTY27JAN2624000PE,0.2074286025066225
23-01-2026 13:10||NIFTY27JAN2624100PE,0.1954518359382593
23-01-2026 13:10||NIFTY27JAN2624700PE,0.1209580702242512
23-01-2026 13:10||NIFTY27JAN2625100PE,0.106745965029809
23-01-2026 13:10||NIFTY27JAN2625800CE,0.1203298413101237
23-01-2026 13:10||NIFTY27JAN2626000CE,0.1441738513304926
23-01-2026 13:15||NIFTY27JAN2623800PE,0.2289646789836652
23-01-2026 13:15||NIFTY27JAN2624200PE,0.1789783160561562
23-01-2026 13:15||NIFTY27JAN2625300CE,0.10980074819593
23-01-2026 13:15||NIFTY27JAN2625600CE,0.107582170050712
23-01-2026 13:15||NIFTY27JAN2625900CE,0.1361645498767458
23-01-2026 13:15||NIFTY27JAN2626000CE,0.1499924329193973
23-01-2026 13:20||NIFTY27JAN2624700PE,0.1216240805097683
23-01-2026 13:20||NIFTY27JAN2624800PE,0.1147518277730021
23-01-2026 13:20||NIFTY27JAN2625700CE,0.1219562535793272
23-01-2026 13:20||NIFTY27JAN2626200CE,0.1780882757549307
23-01-2026 13:20||NIFTY27JAN2626500CE,0.1925117364369839
23-01-2026 13:25||NIFTY27JAN2624100PE,0.1871187428175673
23-01-2026 13:25||NIFTY27JAN2624500PE,0.1383774917421298
23-01-2026 13:25||NIFTY27JAN2625000PE,0.1025920387336256
23-01-2026 13:25||NIFTY27JAN2625400CE,0.1030904066268405
23-01-2026 13:30||NIFTY27JAN2624700PE,0.1282331990798439
23-01-2026 13:30||NIFTY27JAN2624800PE,0.1227090982134839
23-01-2026 13:30||NIFTY27JAN2625000PE,0.1160258153453028
23-01-2026 13:30||NIFTY27JAN2625400CE,0.1096050820753902
23-01-2026 13:30||NIFTY27JAN2625700CE,0.1319445026676149
23-01-2026 13:30||NIFTY27JAN2626000CE,0.1662880560621076
23-01-2026 13:35||NIFTY27JAN2623900PE,0.2086196038237595
23-01-2026 13:35||NIFTY27JAN2624100PE,0.1835126069095061
23-01-2026 13:35||NIFTY27JAN2624900PE,0.1103123182197265
23-01-2026 13:35||NIFTY27JAN2625600CE,0.1242302622905668
23-01-2026 13:35||NIFTY27JAN2626000CE,0.1670661938533619
23-01-2026 13:35||NIFTY27JAN2626200CE,0.1902620004645996
23-01-2026 13:35||NIFTY27JAN2626500CE,0.2076112641623382
23-01-2026 13:40||NIFTY27JAN2623900PE,0.2128225499461287
23-01-2026 13:40||NIFTY27JAN2624600PE,0.1362282896823856
23-01-2026 13:40||NIFTY27JAN2624900PE,0.1213447013850981
23-01-2026 13:40||NIFTY27JAN2625700CE,0.1338668885882974
23-01-2026 13:40||NIFTY27JAN2625800CE,0.1456385068109345
23-01-2026 13:40||NIFTY27JAN2626300CE,0.2016215539031556
23-01-2026 13:45||NIFTY27JAN2623900PE,0.2057231268221144
23-01-2026 13:45||NIFTY27JAN2624000PE,0.1936673445533188
23-01-2026 13:45||NIFTY27JAN2624500PE,0.1349797471792548
23-01-2026 13:45||NIFTY27JAN2624600PE,0.1257024638602573
23-01-2026 13:45||NIFTY27JAN2625000PE,0.1017687431544374
23-01-2026 13:45||NIFTY27JAN2625300CE,0.1140048175279702
23-01-2026 13:45||NIFTY27JAN2626100CE,0.1834361967311988
23-01-2026 13:45||NIFTY27JAN2626300CE,0.205882767860432
23-01-2026 13:50||NIFTY27JAN2624000PE,0.1944089285633197
23-01-2026 13:50||NIFTY27JAN2624500PE,0.1345283268515906
23-01-2026 13:50||NIFTY27JAN2625100PE,0.0981682699828994
23-01-2026 13:50||NIFTY27JAN2626400CE,0.2129955591462744
23-01-2026 13:55||NIFTY27JAN2625500CE,0.1220269189900733
23-01-2026 13:55||NIFTY27JAN2625700CE,0.1375036290321318
23-01-2026 13:55||NIFTY27JAN2625800CE,0.1487639571237444
23-01-2026 13:55||NIFTY27JAN2626400CE,0.2134599656930724
23-01-2026 13:55||NIFTY27JAN2626500CE,0.2151723665803828
23-01-2026 14:00||NIFTY27JAN2624200PE,0.1684819308363678
23-01-2026 14:00||NIFTY27JAN2624300PE,0.1555668794363036
23-01-2026 14:00||NIFTY27JAN2625300CE,0.117019079109859
23-01-2026 14:00||NIFTY27JAN2625400CE,0.1194474876706692
23-01-2026 14:00||NIFTY27JAN2625500CE,0.1230473912112799
23-01-2026 14:00||NIFTY27JAN2625800CE,0.1474225856750912
23-01-2026 14:05||NIFTY27JAN2624200PE,0.1704379546892305
23-01-2026 14:05||NIFTY27JAN2624800PE,0.1111163377302659
23-01-2026 14:05||NIFTY27JAN2626300CE,0.2010934935615225
23-01-2026 14:10||NIFTY27JAN2623900PE,0.2083740271897589
23-01-2026 14:10||NIFTY27JAN2625800CE,0.1467238640652972
23-01-2026 14:10||NIFTY27JAN2626400CE,0.2086581472998752
23-01-2026 14:15||NIFTY27JAN2625000PE,0.1134712727282618
23-01-2026 14:15||NIFTY27JAN2625400CE,0.1075877640795255
23-01-2026 14:15||NIFTY27JAN2626400CE,0.2058911302968882
23-01-2026 14:20||NIFTY27JAN2624100PE,0.1845035466157405
23-01-2026 14:20||NIFTY27JAN2624800PE,0.1150433362082594
23-01-2026 14:20||NIFTY27JAN2625400CE,0.1120152936912433
23-01-2026 14:20||NIFTY27JAN2625600CE,0.1250405626840347
23-01-2026 14:20||NIFTY27JAN2625800CE,0.1443802156740083
23-01-2026 14:20||NIFTY27JAN2626400CE,0.2073771078072628
23-01-2026 14:20||NIFTY27JAN2626500CE,0.208164199677924
23-01-2026 14:25||NIFTY27JAN2624200PE,0.1666331051742737
23-01-2026 14:25||NIFTY27JAN2624400PE,0.1413439646632888
23-01-2026 14:25||NIFTY27JAN2624500PE,0.1293017948148787
23-01-2026 14:25||NIFTY27JAN2625200CE,0.1146114121612384
23-01-2026 14:25||NIFTY27JAN2626200CE,0.1876818342380897
23-01-2026 14:25||NIFTY27JAN2626300CE,0.1981399840581001
23-01-2026 14:25||NIFTY27JAN2626400CE,0.2064642418542206
23-01-2026 14:30||NIFTY27JAN2624600PE,0.1222128594632607
23-01-2026 14:30||NIFTY27JAN2625700CE,0.1335704661537562
23-01-2026 14:35||NIFTY27JAN2623900PE,0.2107433204861841
23-01-2026 14:35||NIFTY27JAN2624500PE,0.133623100281305
23-01-2026 14:35||NIFTY27JAN2624700PE,0.1148317205218347
23-01-2026 14:35||NIFTY27JAN2625400CE,0.1099466331322389
23-01-2026 14:35||NIFTY27JAN2625600CE,0.1207406088170515
23-01-2026 14:35||NIFTY27JAN2625800CE,0.1374244875208354
23-01-2026 14:35||NIFTY27JAN2625900CE,0.1483009143592966
23-01-2026 14:35||NIFTY27JAN2626000CE,0.1610090664176411
23-01-2026 14:35||NIFTY27JAN2626300CE,0.1948289191100656
23-01-2026 14:40||NIFTY27JAN2623900PE,0.2130646649502683
23-01-2026 14:40||NIFTY27JAN2624300PE,0.1611779682292855
23-01-2026 14:40||NIFTY27JAN2624400PE,0.1479610380519851
23-01-2026 14:40||NIFTY27JAN2625000PE,0.1006524377123128
23-01-2026 14:40||NIFTY27JAN2625100PE,0.0968450790971999
23-01-2026 14:40||NIFTY27JAN2625200CE,0.1028288864386901
23-01-2026 14:40||NIFTY27JAN2625700CE,0.131269550516869
23-01-2026 14:40||NIFTY27JAN2625800CE,0.1422069301083404
23-01-2026 14:40||NIFTY27JAN2626400CE,0.2051287718999654
23-01-2026 14:45||NIFTY27JAN2624400PE,0.1487449003551617
23-01-2026 14:45||NIFTY27JAN2624700PE,0.1208460865548488
23-01-2026 14:45||NIFTY27JAN2625100PE,0.105193284124283
23-01-2026 14:45||NIFTY27JAN2625400CE,0.1085638636468644
23-01-2026 14:45||NIFTY27JAN2625600CE,0.1228240009821846
23-01-2026 14:45||NIFTY27JAN2626000CE,0.163485221498389
23-01-2026 14:45||NIFTY27JAN2626200CE,0.185563050620118
23-01-2026 14:50||NIFTY27JAN2623800PE,0.215971772275985
23-01-2026 14:50||NIFTY27JAN2624500PE,0.129780526280598
23-01-2026 14:50||NIFTY27JAN2624800PE,0.1025264205073455
23-01-2026 14:50||NIFTY27JAN2625200CE,0.1086229083348122
23-01-2026 14:50||NIFTY27JAN2625300CE,0.1119921056990875
23-01-2026 14:50||NIFTY27JAN2625500CE,0.1218553736508951
23-01-2026 14:55||NIFTY27JAN2623900PE,0.2109935623675056
23-01-2026 14:55||NIFTY27JAN2624400PE,0.146277994323249
23-01-2026 14:55||NIFTY27JAN2625200CE,0.1028261908808083
23-01-2026 14:55||NIFTY27JAN2625900CE,0.1496854404548067
23-01-2026 14:55||NIFTY27JAN2626200CE,0.1834847141984248
23-01-2026 15:00||NIFTY27JAN2623900PE,0.2098978450403947
23-01-2026 15:00||NIFTY27JAN2624100PE,0.1843242298520415
23-01-2026 15:00||NIFTY27JAN2624300PE,0.1583930741519417
23-01-2026 15:00||NIFTY27JAN2624600PE,0.1248727285112067
23-01-2026 15:05||NIFTY27JAN2623900PE,0.2072731899764726
23-01-2026 15:05||NIFTY27JAN2624800PE,0.1192165789093735
23-01-2026 15:05||NIFTY27JAN2626200CE,0.1938075086596473
23-01-2026 15:10||NIFTY27JAN2623800PE,0.2164583712740189
23-01-2026 15:10||NIFTY27JAN2624000PE,0.1927524750488274
23-01-2026 15:10||NIFTY27JAN2624200PE,0.1669896889971269
23-01-2026 15:10||NIFTY27JAN2624600PE,0.1221244143583533
23-01-2026 15:10||NIFTY27JAN2625000PE,0.0996434357766204
23-01-2026 15:10||NIFTY27JAN2625300CE,0.1134055987821724
23-01-2026 15:10||NIFTY27JAN2625700CE,0.140430346174373
23-01-2026 15:10||NIFTY27JAN2626100CE,0.1835628414480332
23-01-2026 15:10||NIFTY27JAN2626200CE,0.1943531990046434
23-01-2026 15:10||NIFTY27JAN2626300CE,0.2060255454846906
23-01-2026 15:15||NIFTY27JAN2624100PE,0.1809702821730425
23-01-2026 15:15||NIFTY27JAN2624200PE,0.1671764109363067
23-01-2026 15:15||NIFTY27JAN2625000PE,0.1035730119395665
23-01-2026 15:20||NIFTY27JAN2623800PE,0.2229844917864341
23-01-2026 15:20||NIFTY27JAN2623900PE,0.209391043010001
23-01-2026 15:20||NIFTY27JAN2624800PE,0.1021534868206472
23-01-2026 15:20||NIFTY27JAN2625400CE,0.1210855124203469
23-01-2026 15:20||NIFTY27JAN2625500CE,0.1265105946180504
23-01-2026 15:20||NIFTY27JAN2625700CE,0.1428910536583032
23-01-2026 15:20||NIFTY27JAN2625900CE,0.1635084350699074
23-01-2026 15:20||NIFTY27JAN2626200CE,0.1971501054046918
23-01-2026 15:25||NIFTY27JAN2624500PE,0.1285672529735428
23-01-2026 15:25||NIFTY27JAN2624600PE,0.1166765499574893
23-01-2026 15:25||NIFTY27JAN2625700CE,0.1409944256285591
27-01-2026 09:15||NIFTY27JAN2626200CE,0.6646868891302802
27-01-2026 09:15||NIFTY27JAN2626400CE,0.7488366233865917
27-01-2026 09:15||NIFTY27JAN2626500CE,0.7870475682827831
27-01-2026 09:20||NIFTY27JAN2624400PE,0.4313215080737791
27-01-2026 09:20||NIFTY27JAN2624900PE,0.3920083749228809
27-01-2026 09:20||NIFTY27JAN2625100PE,0.4235754729481041
27-01-2026 09:20||NIFTY27JAN2625400CE,0.3975240213103461
27-01-2026 09:20||NIFTY27JAN2625500CE,0.4275638916687967
27-01-2026 09:20||NIFTY27JAN2625600CE,0.4657456202894536
27-01-2026 09:20||NIFTY27JAN2625700CE,0.509138333057308
27-01-2026 09:20||NIFTY27JAN2626500CE,0.881067568282783
27-01-2026 09:25||NIFTY27JAN2623900PE,0.6522277504809608
27-01-2026 09:25||NIFTY27JAN2624600PE,0.3400707527615623
27-01-2026 09:25||NIFTY27JAN2625100PE,0.2622304729481042
27-01-2026 09:25||NIFTY27JAN2625500CE,0.4524765718515482
27-01-2026 09:25||NIFTY27JAN2625900CE,0.6310690071604768
27-01-2026 09:25||NIFTY27JAN2626500CE,0.9091275682827832
27-01-2026 09:30||NIFTY27JAN2624400PE,0.4006878392067392
27-01-2026 09:30||NIFTY27JAN2624800PE,0.2680252449736144
27-01-2026 09:30||NIFTY27JAN2624900PE,0.2552655310928458
27-01-2026 09:30||NIFTY27JAN2625400CE,0.4337612870212979
27-01-2026 09:30||NIFTY27JAN2625600CE,0.4909919005622214
27-01-2026 09:30||NIFTY27JAN2625800CE,0.581814004500302
27-01-2026 09:30||NIFTY27JAN2626100CE,0.7375757605141189
27-01-2026 09:30||NIFTY27JAN2626400CE,0.8775814155151238
27-01-2026 09:35||NIFTY27JAN2623800PE,0.7351877472427488
27-01-2026 09:35||NIFTY27JAN2624500PE,0.3979609817828304
27-01-2026 09:35||NIFTY27JAN2625700CE,0.4819610151507731
27-01-2026 09:35||NIFTY27JAN2626200CE,0.7225318483569936
27-01-2026 09:45||NIFTY27JAN2623800PE,0.8127382785871624
27-01-2026 09:45||NIFTY27JAN2624000PE,0.7222921265135938
27-01-2026 09:45||NIFTY27JAN2624500PE,0.4792285585317586
27-01-2026 09:45||NIFTY27JAN2625000PE,0.3179997057218315
27-01-2026 09:45||NIFTY27JAN2625600CE,0.3630170809001356
27-01-2026 09:45||NIFTY27JAN2626200CE,0.64131811281095
27-01-2026 09:45||NIFTY27JAN2626300CE,0.692555026138507
27-01-2026 09:50||NIFTY27JAN2623800PE,0.8165532785871625
27-01-2026 09:50||NIFTY27JAN2624200PE,0.6255123968776388
27-01-2026 09:50||NIFTY27JAN2624800PE,0.3747865213014165
27-01-2026 09:50||NIFTY27JAN2624900PE,0.3570697561411862
27-01-2026 09:50||NIFTY27JAN2626300CE,0.6975047426049059
27-01-2026 09:55||NIFTY27JAN2624100PE,0.6755370789614972
27-01-2026 09:55||NIFTY27JAN2624700PE,0.3966808512896023
27-01-2026 09:55||NIFTY27JAN2624800PE,0.3830446290002101
27-01-2026 09:55||NIFTY27JAN2625000PE,0.3493143244199359
27-01-2026 09:55||NIFTY27JAN2625700CE,0.4014990106143159
27-01-2026 09:55||NIFTY27JAN2626000CE,0.5598315066954456
27-01-2026 09:55||NIFTY27JAN2626200CE,0.6628470143386949
27-01-2026 10:00||NIFTY27JAN2624000PE,0.7316248819729481
27-01-2026 10:00||NIFTY27JAN2625300CE,0.3010177109390497
27-01-2026 10:00||NIFTY27JAN2625400CE,0.3016144649918715
27-01-2026 10:00||NIFTY27JAN2625600CE,0.3540206327143096
27-01-2026 10:00||NIFTY27JAN2625800CE,0.4498685981106973
27-01-2026 10:00||NIFTY27JAN2626100CE,0.6109669750121611
27-01-2026 10:00||NIFTY27JAN2626400CE,0.7448598091761767
27-01-2026 10:00||NIFTY27JAN2626500CE,0.7826157559350131
27-01-2026 10:05||NIFTY27JAN2623800PE,0.8227961196893453
27-01-2026 10:05||NIFTY27JAN2623900PE,0.7781199545852839
27-01-2026 10:05||NIFTY27JAN2624100PE,0.6803255473141689
27-01-2026 10:05||NIFTY27JAN2626400CE,0.7580241253726854
27-01-2026 10:10||NIFTY27JAN2624200PE,0.6033709792104673
27-01-2026 10:10||NIFTY27JAN2624900PE,0.2962787356307217
27-01-2026 10:10||NIFTY27JAN2625300CE,0.3665138574124285
27-01-2026 10:10||NIFTY27JAN2625600CE,0.3838264372479898
27-01-2026 10:15||NIFTY27JAN2625800CE,0.4547975380755815
27-01-2026 10:20||NIFTY27JAN2623900PE,0.8254299630971218
27-01-2026 10:20||NIFTY27JAN2624500PE,0.5138102972396155
27-01-2026 10:20||NIFTY27JAN2624600PE,0.4631387601389178
27-01-2026 10:20||NIFTY27JAN2624800PE,0.3841941823534398
27-01-2026 10:20||NIFTY27JAN2625000PE,0.3260880734020475
27-01-2026 10:20||NIFTY27JAN2625400CE,0.295319274873691
27-01-2026 10:20||NIFTY27JAN2625800CE,0.4342684434996045
27-01-2026 10:25||NIFTY27JAN2624600PE,0.4640210050529276
27-01-2026 10:25||NIFTY27JAN2624900PE,0.3854963737740036
27-01-2026 10:25||NIFTY27JAN2626000CE,0.5528249646922632
27-01-2026 10:25||NIFTY27JAN2626300CE,0.7177635395000834
27-01-2026 10:25||NIFTY27JAN2626400CE,0.7569800459314138
27-01-2026 10:30||NIFTY27JAN2624100PE,0.6957767088847504
27-01-2026 10:30||NIFTY27JAN2624800PE,0.3614125415169837
27-01-2026 10:30||NIFTY27JAN2625400CE,0.3151447134678165
27-01-2026 10:30||NIFTY27JAN2625600CE,0.3728413792159699
27-01-2026 10:30||NIFTY27JAN2625900CE,0.5285285180825667
27-01-2026 10:30||NIFTY27JAN2626200CE,0.6926961611670777
27-01-2026 10:35||NIFTY27JAN2624300PE,0.5934422978120892
27-01-2026 10:35||NIFTY27JAN2624400PE,0.5394368914330698
27-01-2026 10:35||NIFTY27JAN2624800PE,0.3737638452321334
27-01-2026 10:35||NIFTY27JAN2625200CE,0.249838130474016
27-01-2026 10:35||NIFTY27JAN2625300CE,0.2761135095415264
27-01-2026 10:35||NIFTY27JAN2625700CE,0.4265865764518821
27-01-2026 10:40||NIFTY27JAN2624400PE,0.511809506742793
27-01-2026 10:40||NIFTY27JAN2625200CE,0.2442781304740161
27-01-2026 10:40||NIFTY27JAN2625700CE,0.4492804062674622
27-01-2026 10:40||NIFTY27JAN2626100CE,0.6764421655620936
27-01-2026 10:40||NIFTY27JAN2626200CE,0.7244986510768285
27-01-2026 10:45||NIFTY27JAN2624000PE,0.6991670251450159
27-01-2026 10:45||NIFTY27JAN2624700PE,0.3483639054819605
27-01-2026 10:45||NIFTY27JAN2624900PE,0.3063080653574275
27-01-2026 10:45||NIFTY27JAN2625500CE,0.3903026143125316
27-01-2026 10:45||NIFTY27JAN2626200CE,0.7756472902665337
27-01-2026 10:45||NIFTY27JAN2626400CE,0.8648909159260256
27-01-2026 10:50||NIFTY27JAN2623900PE,0.7692980625670316
27-01-2026 10:50||NIFTY27JAN2624000PE,0.7099248450567757
27-01-2026 10:50||NIFTY27JAN2624600PE,0.3923892223619987
27-01-2026 10:50||NIFTY27JAN2625000PE,0.3815347374682005
27-01-2026 10:50||NIFTY27JAN2625200CE,0.2883411425454915
27-01-2026 10:50||NIFTY27JAN2625400CE,0.3661936080270607
27-01-2026 10:50||NIFTY27JAN2625700CE,0.5205598270886185
27-01-2026 10:55||NIFTY27JAN2623900PE,0.7544480393526101
27-01-2026 10:55||NIFTY27JAN2624400PE,0.4635538111779169
27-01-2026 10:55||NIFTY27JAN2624900PE,0.3474494794593283
27-01-2026 10:55||NIFTY27JAN2625000PE,0.3561238170414071
27-01-2026 10:55||NIFTY27JAN2625300CE,0.3497180288768504
27-01-2026 10:55||NIFTY27JAN2625400CE,0.3829895660483089
27-01-2026 10:55||NIFTY27JAN2625600CE,0.4782870994285986
27-01-2026 10:55||NIFTY27JAN2626400CE,0.9201466845652247
27-01-2026 11:00||NIFTY27JAN2623800PE,0.8366405883449316
27-01-2026 11:00||NIFTY27JAN2623900PE,0.771689954585284
27-01-2026 11:00||NIFTY27JAN2624300PE,0.5096539153141748
27-01-2026 11:00||NIFTY27JAN2625200CE,0.2903593290335685
27-01-2026 11:00||NIFTY27JAN2625300CE,0.338670935062915
27-01-2026 11:00||NIFTY27JAN2625400CE,0.3883542993837595
27-01-2026 11:00||NIFTY27JAN2626300CE,0.8859612116954168
27-01-2026 11:05||NIFTY27JAN2623800PE,0.7958705883449316
27-01-2026 11:05||NIFTY27JAN2624100PE,0.6642112206218371
27-01-2026 11:05||NIFTY27JAN2624200PE,0.5961957348181386
27-01-2026 11:05||NIFTY27JAN2624900PE,0.3073656142510685
27-01-2026 11:05||NIFTY27JAN2625300CE,0.3664403044094797
27-01-2026 11:05||NIFTY27JAN2625700CE,0.5386786347835368
27-01-2026 11:10||NIFTY27JAN2624200PE,0.6066140167740741
27-01-2026 11:10||NIFTY27JAN2624400PE,0.4833363658317466
27-01-2026 11:10||NIFTY27JAN2624900PE,0.2993182968073711
27-01-2026 11:10||NIFTY27JAN2625300CE,0.3616932645591078
27-01-2026 11:10||NIFTY27JAN2625500CE,0.4300020295422655
27-01-2026 11:10||NIFTY27JAN2625800CE,0.5954416473077799
27-01-2026 11:10||NIFTY27JAN2626500CE,0.9752350412356852
27-01-2026 11:15||NIFTY27JAN2624300PE,0.5451130575693242
27-01-2026 11:15||NIFTY27JAN2625000PE,0.2786064062651247
27-01-2026 11:15||NIFTY27JAN2625100PE,0.2623832121376694
27-01-2026 11:15||NIFTY27JAN2626400CE,0.930628114105275
27-01-2026 11:20||NIFTY27JAN2625300CE,0.3418943611750364
27-01-2026 11:20||NIFTY27JAN2626100CE,0.7561707570748695
27-01-2026 11:25||NIFTY27JAN2623800PE,0.8636433096413687
27-01-2026 11:25||NIFTY27JAN2624000PE,0.7541125220986942
27-01-2026 11:25||NIFTY27JAN2624200PE,0.6376343612391793
27-01-2026 11:25||NIFTY27JAN2624900PE,0.2896849158305485
27-01-2026 11:25||NIFTY27JAN2625600CE,0.4740607982685105
27-01-2026 11:25||NIFTY27JAN2626500CE,0.9735730259293318
27-01-2026 11:30||NIFTY27JAN2624200PE,0.6710213218539138
27-01-2026 11:30||NIFTY27JAN2625100PE,0.3309743191017211
27-01-2026 11:30||NIFTY27JAN2625600CE,0.4433931129597113
27-01-2026 11:30||NIFTY27JAN2625900CE,0.6140408940173074
27-01-2026 11:30||NIFTY27JAN2626200CE,0.7973483764653793
27-01-2026 11:35||NIFTY27JAN2624000PE,0.7911018797958604
27-01-2026 11:35||NIFTY27JAN2624900PE,0.3078621640415804
27-01-2026 11:35||NIFTY27JAN2625200CE,0.3421999995529651
27-01-2026 11:40||NIFTY27JAN2623800PE,0.9221468125585932
27-01-2026 11:40||NIFTY27JAN2624000PE,0.8106578581532631
27-01-2026 11:40||NIFTY27JAN2626000CE,0.6498421804917598
27-01-2026 11:40||NIFTY27JAN2626300CE,0.8162287967606972
27-01-2026 11:45||NIFTY27JAN2624300PE,0.6654677538417673
27-01-2026 11:45||NIFTY27JAN2624400PE,0.6003461661321126
27-01-2026 11:45||NIFTY27JAN2624500PE,0.5404683946462683
27-01-2026 11:45||NIFTY27JAN2626100CE,0.6701717046735212
27-01-2026 11:45||NIFTY27JAN2626400CE,0.8158976261174757
27-01-2026 11:50||NIFTY27JAN2624700PE,0.4119159412643967
27-01-2026 11:50||NIFTY27JAN2624900PE,0.3729681080681075
27-01-2026 11:50||NIFTY27JAN2625700CE,0.471190438081976
27-01-2026 11:50||NIFTY27JAN2626000CE,0.645041908134317
27-01-2026 11:55||NIFTY27JAN2623900PE,0.8882970169361215
27-01-2026 11:55||NIFTY27JAN2624000PE,0.8267336978537969
27-01-2026 11:55||NIFTY27JAN2624400PE,0.5549679974992614
27-01-2026 11:55||NIFTY27JAN2624500PE,0.4922586501397745
27-01-2026 11:55||NIFTY27JAN2624800PE,0.3608285642329747
27-01-2026 11:55||NIFTY27JAN2625200CE,0.3773332459563017
27-01-2026 11:55||NIFTY27JAN2625400CE,0.381989567194978
27-01-2026 11:55||NIFTY27JAN2626500CE,0.9627709484651684
27-01-2026 12:00||NIFTY27JAN2624200PE,0.7055301306982074
27-01-2026 12:00||NIFTY27JAN2624300PE,0.6358188262684052
27-01-2026 12:00||NIFTY27JAN2624500PE,0.510097856230459
27-01-2026 12:00||NIFTY27JAN2625100PE,0.3005626122829318
27-01-2026 12:00||NIFTY27JAN2625500CE,0.4011357994149875
27-01-2026 12:00||NIFTY27JAN2626100CE,0.715018474340468
27-01-2026 12:00||NIFTY27JAN2626400CE,0.857372707104683
27-01-2026 12:00||NIFTY27JAN2626500CE,0.914751917910576
27-01-2026 12:05||NIFTY27JAN2624500PE,0.5309759148685771
27-01-2026 12:05||NIFTY27JAN2624700PE,0.4274518808729226
27-01-2026 12:05||NIFTY27JAN2625100PE,0.3375042939911783
27-01-2026 12:05||NIFTY27JAN2625900CE,0.5944923297238347
27-01-2026 12:05||NIFTY27JAN2626500CE,0.9447099992996454
27-01-2026 12:10||NIFTY27JAN2624400PE,0.6025864291464131
27-01-2026 12:10||NIFTY27JAN2625700CE,0.4864369078495656
27-01-2026 12:10||NIFTY27JAN2626400CE,0.8923044744151412
27-01-2026 12:15||NIFTY27JAN2624500PE,0.5512508192523455
27-01-2026 12:15||NIFTY27JAN2624600PE,0.4946671917796266
27-01-2026 12:15||NIFTY27JAN2626000CE,0.6737389078014075
27-01-2026 12:15||NIFTY27JAN2626200CE,0.7903667674783037
27-01-2026 12:20||NIFTY27JAN2624000PE,0.8781148704028965
27-01-2026 12:20||NIFTY27JAN2624200PE,0.7526742551954158
27-01-2026 12:20||NIFTY27JAN2625000PE,0.2961017094297631
27-01-2026 12:20||NIFTY27JAN2625300CE,0.3788822304031782
27-01-2026 12:20||NIFTY27JAN2625600CE,0.4514455235039349
27-01-2026 12:25||NIFTY27JAN2624100PE,0.8387903089501378
27-01-2026 12:25||NIFTY27JAN2624700PE,0.4626905242330394
27-01-2026 12:25||NIFTY27JAN2625400CE,0.331500736986527
27-01-2026 12:25||NIFTY27JAN2625900CE,0.619231234585186
27-01-2026 12:30||NIFTY27JAN2625300CE,0.3491394536176813
27-01-2026 12:35||NIFTY27JAN2624100PE,0.8416643117611784
27-01-2026 12:35||NIFTY27JAN2624400PE,0.6422405701341631
27-01-2026 12:35||NIFTY27JAN2624900PE,0.3878717879160831
27-01-2026 12:35||NIFTY27JAN2625100PE,0.3513035618981719
27-01-2026 12:35||NIFTY27JAN2625800CE,0.6008213497989345
27-01-2026 12:35||NIFTY27JAN2626100CE,0.7949022412276463
27-01-2026 12:40||NIFTY27JAN2624200PE,0.7775070235247767
27-01-2026 12:40||NIFTY27JAN2624700PE,0.4353849988092406
27-01-2026 12:40||NIFTY27JAN2624800PE,0.3965009850398928
27-01-2026 12:40||NIFTY27JAN2624900PE,0.3656124364315474
27-01-2026 12:40||NIFTY27JAN2625100PE,0.3107446548432112
27-01-2026 12:40||NIFTY27JAN2625200CE,0.3515907086026668
27-01-2026 12:40||NIFTY27JAN2625900CE,0.6811308624746744
27-01-2026 12:40||NIFTY27JAN2626000CE,0.7475130658849594
27-01-2026 12:40||NIFTY27JAN2626300CE,0.9368827467910704
27-01-2026 12:45||NIFTY27JAN2625200CE,0.3187000007003546
27-01-2026 12:45||NIFTY27JAN2625700CE,0.5642964795156331
27-01-2026 12:45||NIFTY27JAN2625900CE,0.6988033615252789
27-01-2026 12:45||NIFTY27JAN2626200CE,0.8896786800943346
27-01-2026 12:50||NIFTY27JAN2624600PE,0.4748935370139406
27-01-2026 12:50||NIFTY27JAN2625000PE,0.2796903578409552
27-01-2026 12:50||NIFTY27JAN2625100PE,0.2192204676330089
27-01-2026 12:50||NIFTY27JAN2625900CE,0.7251056046529811
27-01-2026 12:50||NIFTY27JAN2626200CE,0.92314071724104
27-01-2026 12:50||NIFTY27JAN2626500CE,1.0874382949718835
27-01-2026 12:55||NIFTY27JAN2623900PE,1.0302531607194396
27-01-2026 12:55||NIFTY27JAN2624000PE,0.96034058290752
27-01-2026 12:55||NIFTY27JAN2625500CE,0.4409134391098632
27-01-2026 12:55||NIFTY27JAN2625600CE,0.5164954099163879
27-01-2026 12:55||NIFTY27JAN2625800CE,0.6475769870833119
27-01-2026 12:55||NIFTY27JAN2626200CE,0.914945491794242
27-01-2026 13:00||NIFTY27JAN2624100PE,0.8826712668142136
27-01-2026 13:00||NIFTY27JAN2624500PE,0.5861108695708026
27-01-2026 13:00||NIFTY27JAN2625400CE,0.396709814179303
27-01-2026 13:00||NIFTY27JAN2626000CE,0.796370378154279
27-01-2026 13:05||NIFTY27JAN2623900PE,1.035241877765657
27-01-2026 13:05||NIFTY27JAN2624500PE,0.5821741276495231
27-01-2026 13:05||NIFTY27JAN2624800PE,0.3939348104777309
27-01-2026 13:10||NIFTY27JAN2624200PE,0.8329466996290193
27-01-2026 13:10||NIFTY27JAN2624500PE,0.6073561941620937
27-01-2026 13:10||NIFTY27JAN2624600PE,0.5342523950180293
27-01-2026 13:10||NIFTY27JAN2624700PE,0.4653701533243293
27-01-2026 13:15||NIFTY27JAN2624400PE,0.6921669069902237
27-01-2026 13:15||NIFTY27JAN2625000PE,0.3158066469761706
27-01-2026 13:15||NIFTY27JAN2625200CE,0.4003686349016428
27-01-2026 13:15||NIFTY27JAN2626300CE,1.0611549864643166
27-01-2026 13:20||NIFTY27JAN2624000PE,1.014960684653488
27-01-2026 13:20||NIFTY27JAN2624200PE,0.8658146260740978
27-01-2026 13:20||NIFTY27JAN2624600PE,0.5331850249494892
27-01-2026 13:20||NIFTY27JAN2624900PE,0.3464967251156849
27-01-2026 13:20||NIFTY27JAN2625700CE,0.626766525565472
27-01-2026 13:20||NIFTY27JAN2625900CE,0.7820886372282985
27-01-2026 13:25||NIFTY27JAN2623800PE,1.1636810298752789
27-01-2026 13:25||NIFTY27JAN2625100PE,0.2705593716281653
27-01-2026 13:25||NIFTY27JAN2625700CE,0.635164632134547
27-01-2026 13:30||NIFTY27JAN2624100PE,1.0120370616841683
27-01-2026 13:30||NIFTY27JAN2624300PE,0.8455461530575121
27-01-2026 13:30||NIFTY27JAN2625100PE,0.3226823604568838
27-01-2026 13:30||NIFTY27JAN2625400CE,0.4281794552789506
27-01-2026 13:30||NIFTY27JAN2626300CE,1.0822935953801789
27-01-2026 13:35||NIFTY27JAN2623900PE,1.1476126283214398
27-01-2026 13:35||NIFTY27JAN2624300PE,0.8470343422013684
27-01-2026 13:35||NIFTY27JAN2624400PE,0.7652150810627063
27-01-2026 13:35||NIFTY27JAN2624600PE,0.6160685389313585
27-01-2026 13:35||NIFTY27JAN2624800PE,0.5315962683580437
27-01-2026 13:35||NIFTY27JAN2625300CE,0.3537046103128887
27-01-2026 13:35||NIFTY27JAN2625600CE,0.5786857188186332
27-01-2026 13:35||NIFTY27JAN2626000CE,0.9037497019762668
27-01-2026 13:35||NIFTY27JAN2626200CE,1.0662687568319598
27-01-2026 13:35||NIFTY27JAN2626300CE,1.1131702145762574
27-01-2026 13:35||NIFTY27JAN2626400CE,1.2407172574778542
27-01-2026 13:40||NIFTY27JAN2625500CE,0.5758029409771552
27-01-2026 13:40||NIFTY27JAN2626300CE,1.1897188853009766
27-01-2026 13:45||NIFTY27JAN2623800PE,1.2645596940970425
27-01-2026 13:45||NIFTY27JAN2623900PE,1.150594216886461
27-01-2026 13:45||NIFTY27JAN2624100PE,1.00469853416962
27-01-2026 13:45||NIFTY27JAN2624700PE,0.4743087223741895
27-01-2026 13:45||NIFTY27JAN2625300CE,0.4671037365887969
27-01-2026 13:45||NIFTY27JAN2625600CE,0.6643078308461554
27-01-2026 13:45||NIFTY27JAN2625700CE,0.7433873058971585
27-01-2026 13:45||NIFTY27JAN2625800CE,0.8221540013946651
27-01-2026 13:45||NIFTY27JAN2625900CE,0.9001706796934741
27-01-2026 13:45||NIFTY27JAN2626000CE,0.9818915838313842
27-01-2026 13:45||NIFTY27JAN2626300CE,1.216335219782195
27-01-2026 13:45||NIFTY27JAN2626400CE,1.2835688514915091
27-01-2026 13:50||NIFTY27JAN2623900PE,1.2264036193610082
27-01-2026 13:50||NIFTY27JAN2624800PE,0.4472777900109577
27-01-2026 13:50||NIFTY27JAN2625000PE,0.363082048553224
27-01-2026 13:50||NIFTY27JAN2626200CE,1.1616506703248888
27-01-2026 13:55||NIFTY27JAN2623800PE,1.3201201432484884
27-01-2026 13:55||NIFTY27JAN2624000PE,1.159867200154622
27-01-2026 13:55||NIFTY27JAN2624100PE,1.079280677955467
27-01-2026 13:55||NIFTY27JAN2624300PE,0.8930505016433017
27-01-2026 13:55||NIFTY27JAN2624400PE,0.7868550775492622
27-01-2026 13:55||NIFTY27JAN2624600PE,0.5816678899800536
27-01-2026 13:55||NIFTY27JAN2624900PE,0.3499363029309279
27-01-2026 13:55||NIFTY27JAN2625400CE,0.5211676035114579
27-01-2026 13:55||NIFTY27JAN2625700CE,0.8018556669439931
27-01-2026 14:00||NIFTY27JAN2623800PE,1.4576758936405183
27-01-2026 14:00||NIFTY27JAN2624300PE,0.9093005195109072
27-01-2026 14:00||NIFTY27JAN2624500PE,0.7034991814525711
27-01-2026 14:00||NIFTY27JAN2625000PE,0.3978190006929636
27-01-2026 14:00||NIFTY27JAN2625100PE,0.3613856825157255
27-01-2026 14:05||NIFTY27JAN2624000PE,1.1970717246113054
27-01-2026 14:05||NIFTY27JAN2624800PE,0.4011795401031577
27-01-2026 14:05||NIFTY27JAN2625400CE,0.5786444928326091
27-01-2026 14:05||NIFTY27JAN2625700CE,0.8775043631280823
27-01-2026 14:05||NIFTY27JAN2625800CE,0.97381494619799
27-01-2026 14:05||NIFTY27JAN2626100CE,1.247460246957644
27-01-2026 14:05||NIFTY27JAN2626200CE,1.3251019313889856
27-01-2026 14:05||NIFTY27JAN2626400CE,1.4996994129671748
27-01-2026 14:10||NIFTY27JAN2623900PE,1.3081622679674183
27-01-2026 14:10||NIFTY27JAN2624000PE,1.2440995744964312
27-01-2026 14:10||NIFTY27JAN2624600PE,0.6148888394873211
27-01-2026 14:10||NIFTY27JAN2625500CE,0.6666712525907315
27-01-2026 14:10||NIFTY27JAN2626000CE,1.1554269118723823
27-01-2026 14:10||NIFTY27JAN2626200CE,1.321855001501376
27-01-2026 14:15||NIFTY27JAN2624000PE,1.2819140219198744
27-01-2026 14:15||NIFTY27JAN2624400PE,0.837603767593464
27-01-2026 14:15||NIFTY27JAN2624900PE,0.3604577071182575
27-01-2026 14:15||NIFTY27JAN2625600CE,0.7825090505648404
27-01-2026 14:15||NIFTY27JAN2625800CE,0.9934680439639578
27-01-2026 14:20||NIFTY27JAN2624100PE,1.1850704146891076
27-01-2026 14:20||NIFTY27JAN2625500CE,0.6963659083626226
27-01-2026 14:20||NIFTY27JAN2626000CE,1.1928376178248072
27-01-2026 14:20||NIFTY27JAN2626100CE,1.2815548772023249
27-01-2026 14:20||NIFTY27JAN2626500CE,1.712949999962747
27-01-2026 14:25||NIFTY27JAN2623800PE,1.6101309399497508
27-01-2026 14:25||NIFTY27JAN2623900PE,1.4144814667725565
27-01-2026 14:25||NIFTY27JAN2624000PE,1.3221800121968983
27-01-2026 14:25||NIFTY27JAN2624200PE,1.0866628521926032
27-01-2026 14:25||NIFTY27JAN2624300PE,1.0004539883134385
27-01-2026 14:25||NIFTY27JAN2624800PE,0.4234953167642743
27-01-2026 14:25||NIFTY27JAN2624900PE,0.330286984650229
27-01-2026 14:25||NIFTY27JAN2625000PE,0.2866472077903381
27-01-2026 14:25||NIFTY27JAN2625700CE,0.9513197395181124
27-01-2026 14:30||NIFTY27JAN2624000PE,1.4127636887096742
27-01-2026 14:30||NIFTY27JAN2624200PE,1.1952520679078589
27-01-2026 14:30||NIFTY27JAN2624600PE,0.6899164524274966
27-01-2026 14:30||NIFTY27JAN2625100PE,0.2814320320487022
27-01-2026 14:30||NIFTY27JAN2626400CE,1.7597967651091722
27-01-2026 14:35||NIFTY27JAN2624000PE,1.459396699014178
27-01-2026 14:35||NIFTY27JAN2624200PE,1.2505250114190858
27-01-2026 14:35||NIFTY27JAN2624900PE,0.362655702900156
27-01-2026 14:35||NIFTY27JAN2625000PE,0.2976502503051961
27-01-2026 14:35||NIFTY27JAN2626200CE,1.5877709607666477
27-01-2026 14:40||NIFTY27JAN2624000PE,1.5632272060038304
27-01-2026 14:40||NIFTY27JAN2624800PE,0.548763398282972
27-01-2026 14:40||NIFTY27JAN2626200CE,1.5190356831235476
27-01-2026 14:40||NIFTY27JAN2626400CE,1.756681361031042
27-01-2026 14:45||NIFTY27JAN2624000PE,1.6166194600141353
27-01-2026 14:45||NIFTY27JAN2624200PE,1.3969574740503958
27-01-2026 14:45||NIFTY27JAN2624700PE,0.7315140234395585
27-01-2026 14:45||NIFTY27JAN2625400CE,0.5528072214365238
27-01-2026 14:45||NIFTY27JAN2626400CE,1.845697971013636
27-01-2026 14:45||NIFTY27JAN2626500CE,1.9591099999627477
27-01-2026 14:50||NIFTY27JAN2623800PE,2.047391774100065
27-01-2026 14:50||NIFTY27JAN2624000PE,1.76304402902133
27-01-2026 14:50||NIFTY27JAN2624200PE,1.504723270380282
27-01-2026 14:50||NIFTY27JAN2624800PE,0.6263276516101541
27-01-2026 14:50||NIFTY27JAN2625200CE,0.3877699994039536
27-01-2026 14:50||NIFTY27JAN2625900CE,1.2238001795271884
27-01-2026 14:55||NIFTY27JAN2623800PE,2.1481858758339287
27-01-2026 14:55||NIFTY27JAN2624000PE,1.962281220998193
27-01-2026 14:55||NIFTY27JAN2624800PE,0.746799521355797
27-01-2026 14:55||NIFTY27JAN2625500CE,0.6739213035798457
27-01-2026 14:55||NIFTY27JAN2625800CE,1.137960899144673
27-01-2026 14:55||NIFTY27JAN2626400CE,1.885245159999613
27-01-2026 15:00||NIFTY27JAN2624100PE,1.836807338278504
27-01-2026 15:00||NIFTY27JAN2624700PE,0.8525284535794526
27-01-2026 15:00||NIFTY27JAN2625100PE,0.1311099999999999
27-01-2026 15:00||NIFTY27JAN2625400CE,0.5976790508771046
27-01-2026 15:05||NIFTY27JAN2624000PE,2.1273644974244235
27-01-2026 15:05||NIFTY27JAN2624100PE,1.9926172710893295
27-01-2026 15:05||NIFTY27JAN2624200PE,1.8397772058767716
27-01-2026 15:05||NIFTY27JAN2624500PE,1.2835619156758185
27-01-2026 15:05||NIFTY27JAN2626300CE,2.0001314670425927
27-01-2026 15:10||NIFTY27JAN2623900PE,2.524748133884259
27-01-2026 15:10||NIFTY27JAN2624000PE,2.322228961840665
27-01-2026 15:10||NIFTY27JAN2624900PE,0.6129383064446756
27-01-2026 15:10||NIFTY27JAN2625400CE,0.6219019920981737
27-01-2026 15:10||NIFTY27JAN2625600CE,0.9821921841003132
27-01-2026 15:10||NIFTY27JAN2625800CE,1.356854444378769
27-01-2026 15:10||NIFTY27JAN2626000CE,1.7656171412581898
27-01-2026 15:15||NIFTY27JAN2625000PE,0.5053684833028456
27-01-2026 15:15||NIFTY27JAN2625900CE,1.7140637800657714
27-01-2026 15:15||NIFTY27JAN2626000CE,1.9749487941990085
27-01-2026 15:15||NIFTY27JAN2626400CE,2.7071505875483126
27-01-2026 15:20||NIFTY27JAN2623800PE,3.9569587634924046
27-01-2026 15:20||NIFTY27JAN2623900PE,3.653402393172979
27-01-2026 15:20||NIFTY27JAN2624900PE,0.9524801245679556
27-01-2026 15:20||NIFTY27JAN2625500CE,0.9561364492337816
27-01-2026 15:20||NIFTY27JAN2626000CE,2.316764191647508
27-01-2026 15:20||NIFTY27JAN2626300CE,3.0432846621406497
27-01-2026 15:20||NIFTY27JAN2626400CE,3.375441544034402
27-01-2026 15:25||NIFTY27JAN2623800PE,5.807318763492406
27-01-2026 15:25||NIFTY27JAN2624900PE,1.4821596177407628
27-01-2026 15:25||NIFTY27JAN2625100PE,0.6873100000000001
27-01-2026 15:25||NIFTY27JAN2626100CE,3.3800488962315285
27-01-2026 15:25||NIFTY27JAN2626300CE,4.0837367972886565
27-01-2026 15:25||NIFTY27JAN2626400CE,4.468049048286974
27-01-2026 15:25||NIFTY27JAN2626500CE,4.780899999850988
